ANON_RECIP_ID,FACILITY,AGE_BRACKET,RECIPIENT_GENDER,FIRST_DATE_OF_SERVICE,ED_VISIT_COST,ED_VISIT_PAID
1000181,WheatonFranciscanStFrancis,G,M,8/11/08,0,0
1000135,WheatonFranciscanStFrancis,G,M,4/29/10,127,340
1000091,ColumbiaStMarys,G,F,5/6/10,94,307
1000248,ColumbiaStMarys,G,M,2/24/09,126.84,126.84
1000102,ColumbiaStMarys,G,M,3/12/09,277.09,10.1
1000127,AuroraSinai,G,F,3/25/09,134.4,134.4
1000158,WheatonFranciscanStFrancis,E,M,1/8/10,5388.97,5388.97
1000215,AuroraSinai,F,M,9/5/09,119,332
1000060,AuroraSinai,E,F,12/6/08,134.4,0
1000217,ColumbiaStMarys,G,F,4/30/08,126.84,0
1000306,AuroraSinai,G,M,11/14/08,208.55,74.15
1000353,AuroraSinai,F,F,2/16/10,119,332
1000083,ColumbiaStMarys,G,M,12/27/09,94,307
1000099,AuroraSinai,G,M,6/18/10,119,332
1000092,AuroraSinai,G,M,6/1/10,5876.97,5876.97
1000266,ColumbiaStMarys,E,F,9/23/09,5363.87,8286.87
1000323,AuroraSinai,G,F,6/6/09,354.23,354.23
1000106,AuroraSinai,G,M,10/12/08,61233.73,29204.17
1000012,AuroraSinai,F,M,2/8/10,119,332
1000356,ColumbiaStMarys,E,M,12/12/08,42028.12,4456.98
1000309,ColumbiaStMarys,G,F,9/21/09,94,307
1000014,AuroraSinai,F,M,11/23/08,327.98,327.98
1000148,ColumbiaStMarys,G,F,9/26/09,0,0
1000187,ColumbiaStMarys,G,M,4/5/08,2506.27,126.84
1000430,ColumbiaStMarys,G,F,6/10/10,94,307
1000210,AuroraSinai,G,F,4/22/10,119,332
1000386,ColumbiaStMarys,G,F,4/13/09,266.99,266.99
1000407,AuroraSinai,G,M,1/27/08,52522.47,4171.1
1000166,AuroraSinai,F,F,3/25/08,2199.88,148.6
1000215,AuroraSinai,F,M,1/17/09,354.23,354.23
1000080,AuroraSinai,E,F,2/26/09,10294.77,10294.77
1000415,WheatonFranciscanStFrancis,E,M,3/12/09,17493.5,11759.29
1000118,AuroraSinai,G,F,2/23/09,327.98,327.98
1000297,ColumbiaStMarys,G,F,8/10/09,94,307
1000427,AuroraSinai,G,F,3/25/10,0,0
1000372,WheatonFranciscanStFrancis,F,M,6/1/10,0,0
1000368,ColumbiaStMarys,G,F,1/27/10,94,307
1000419,ColumbiaStMarys,F,M,1/21/09,126.84,126.84
1000238,ColumbiaStMarys,G,F,3/3/08,0,0
1000287,ColumbiaStMarys,G,M,10/21/09,94,94
1000139,ColumbiaStMarys,E,F,5/27/10,94,307
1000067,ColumbiaStMarys,G,F,12/26/09,1068,1068
1000213,ColumbiaStMarys,F,M,5/28/10,94,91
1000322,AuroraSinai,D,M,9/3/09,3075.63,5998.63
1000147,ColumbiaStMarys,G,M,3/15/09,126.84,126.84
1000402,WheatonFranciscanStFrancis,F,M,3/22/10,127,124
1000416,AuroraSinai,F,F,9/29/08,327.98,327.98
1000280,ColumbiaStMarys,G,F,6/11/10,0,0
1000393,AuroraSinai,E,M,4/3/09,134.4,134.4
1000243,ColumbiaStMarys,F,M,11/25/09,94,94
1000244,AuroraSinai,F,M,11/15/09,119,332
1000254,AuroraSinai,G,F,12/13/09,119,332
1000302,ColumbiaStMarys,G,F,10/3/08,27029.36,5832.72
1000400,ColumbiaStMarys,E,M,3/1/08,12777.32,3711.02
1000023,ColumbiaStMarys,G,F,8/17/09,1250,1250
1000178,ColumbiaStMarys,G,M,10/4/08,22848.93,9237.84
1000198,WheatonFranciscanStFrancis,E,M,8/24/09,5388.97,8311.97
1000393,AuroraSinai,E,M,1/27/09,15832.74,4813.83
1000414,AuroraSinai,G,F,4/2/09,354.23,354.23
1000226,AuroraSinai,G,F,5/17/10,119,332
1000392,AuroraSinai,E,F,5/2/09,354.23,354.23
1000049,WheatonFranciscanStFrancis,G,F,6/19/09,54.23,54.23
1000035,ColumbiaStMarys,G,F,5/18/10,0,0
1000325,ColumbiaStMarys,G,M,2/10/09,3843.93,3843.93
1000098,WheatonFranciscanStFrancis,G,F,12/18/09,50,50
1000154,ColumbiaStMarys,G,M,12/23/09,94,307
1000193,AuroraSinai,F,F,11/7/08,17208.12,6671.29
1000156,ColumbiaStMarys,G,F,8/18/09,0,0
1000193,AuroraSinai,F,F,10/19/09,5876.97,8799.97
1000323,AuroraSinai,G,F,4/17/10,119,332
1000247,ColumbiaStMarys,E,F,3/31/09,266.99,266.99
1000059,ColumbiaStMarys,G,M,9/2/09,18107.06,21030.06
1000093,WheatonFranciscanStFrancis,G,M,6/6/08,111748.14,3349.92
1000316,ColumbiaStMarys,G,F,8/10/09,94,307
1000429,ColumbiaStMarys,G,M,8/19/08,0,0
1000157,ColumbiaStMarys,G,M,3/11/08,0,0
1000209,ColumbiaStMarys,G,M,12/2/08,8468.11,4456.98
1000440,ColumbiaStMarys,F,M,12/31/09,94,79
1000269,ColumbiaStMarys,G,M,8/14/08,0,0
1000340,AuroraSinai,G,M,3/26/08,0,0
1000357,AuroraSinai,E,F,4/22/10,119,116
1000333,AuroraSinai,G,F,6/9/09,354.23,354.23
1000124,AuroraSinai,G,F,2/28/09,10294.77,10294.77
1000027,ColumbiaStMarys,G,F,5/17/10,0,0
1000348,AuroraSinai,E,F,2/2/10,119,332
1000086,ColumbiaStMarys,G,F,3/3/09,1068,1068
1000035,WheatonFranciscanStFrancis,G,F,7/29/09,0,0
1000411,ColumbiaStMarys,G,F,5/26/08,46951.2,3330.7
1000205,ColumbiaStMarys,G,M,2/20/10,94,91
1000090,AuroraSinai,G,M,8/18/09,119,332
1000234,ColumbiaStMarys,G,F,5/18/09,1068,1068
1000102,ColumbiaStMarys,G,M,7/8/09,0,0
1000343,WheatonFranciscanStFrancis,G,M,8/3/09,5874,5874
1000428,ColumbiaStMarys,G,F,2/26/09,0,0
1000044,AuroraSinai,G,F,5/18/08,432.38,134.4
1000302,AuroraSinai,G,F,9/10/08,327.98,327.98
1000182,ColumbiaStMarys,G,F,12/6/09,94,307
1000176,ColumbiaStMarys,F,F,5/3/10,94,307
1000389,AuroraSinai,F,F,1/10/09,76131.5,6500.06
1000324,AuroraSinai,G,M,5/6/09,50,50
1000144,ColumbiaStMarys,G,M,2/11/09,126.84,126.84
1000367,AuroraSinai,G,F,5/8/08,2692.98,148.6
1000011,AuroraSinai,G,M,8/1/09,119,332
1000126,ColumbiaStMarys,F,F,1/27/09,148.1,21.26
1000215,AuroraSinai,F,M,7/2/09,119,332
1000109,AuroraSinai,G,M,5/26/09,0,0
1000327,AuroraSinai,G,F,1/4/08,0,0
1000359,AuroraSinai,G,F,3/14/08,1373.63,148.6
1000207,AuroraSinai,G,M,4/29/10,119,332
1000284,AuroraSinai,E,M,2/21/10,119,332
1000338,AuroraSinai,G,F,3/11/08,40.13,148.6
1000398,WheatonFranciscanStFrancis,G,M,6/6/09,371.7,371.7
1000364,ColumbiaStMarys,F,F,8/9/08,266.99,266.99
1000035,ColumbiaStMarys,G,F,5/19/10,0,0
1000232,WheatonFranciscanStFrancis,G,F,4/29/09,1068,1068
1000146,ColumbiaStMarys,G,F,2/13/08,2019.9,139.21
1000068,ColumbiaStMarys,E,F,9/14/09,3014.51,3014.51
1000261,AuroraSinai,G,M,10/17/08,1024,1024
1000239,AuroraSinai,E,M,2/6/08,134.4,134.4
1000301,ColumbiaStMarys,F,F,10/14/09,0,0
1000102,ColumbiaStMarys,G,M,7/28/08,0,0
1000191,WheatonFranciscanStFrancis,G,F,6/28/10,4588.72,4588.72
1000282,AuroraSinai,G,F,3/30/10,119,332
1000255,ColumbiaStMarys,G,F,3/19/10,8799.24,11722.24
1000123,AuroraSinai,G,M,6/12/08,3171,134.4
1000298,ColumbiaStMarys,G,F,1/15/10,1100,1100
1000268,AuroraSinai,E,F,9/24/09,119,332
1000008,ColumbiaStMarys,G,M,7/30/09,94,307
1000036,ColumbiaStMarys,G,M,2/7/08,71727.13,11057.85
1000184,WheatonFranciscanStFrancis,G,F,10/22/09,0,0
1000284,AuroraSinai,E,M,2/18/10,119,332
1000171,AuroraSinai,G,M,4/10/08,1473.72,148.6
1000170,ColumbiaStMarys,G,M,5/28/10,104.44,104.44
1000398,WheatonFranciscanStFrancis,G,M,6/9/09,371.7,371.7
1000003,AuroraSinai,F,M,10/25/08,1024,1024
1000185,AuroraSinai,F,M,12/28/09,119,332
1000315,AuroraSinai,G,F,3/4/08,45158.64,4171.1
1000208,AuroraSinai,F,F,3/2/10,119,332
1000390,ColumbiaStMarys,G,F,6/23/10,0,0
1000230,ColumbiaStMarys,G,M,11/3/08,126.84,0
1000179,ColumbiaStMarys,G,F,3/17/08,0,0
1000290,AuroraSinai,G,F,11/23/08,377.98,50
1000076,AuroraSinai,G,M,3/20/10,750,750
1000357,AuroraSinai,E,F,2/4/09,6442.8,6442.8
1000294,ColumbiaStMarys,G,F,5/21/10,0,0
1000301,ColumbiaStMarys,F,F,6/18/10,1100,1100
1000016,AuroraSinai,E,F,6/9/08,134.4,134.4
1000328,WheatonFranciscanStFrancis,G,M,1/14/08,1529,196.38
1000120,AuroraSinai,G,F,7/1/09,119,332
1000214,AuroraSinai,G,M,6/25/10,119,116
1000197,AuroraSinai,G,M,1/25/10,119,116
1000263,AuroraSinai,G,F,10/30/09,119,332
1000075,AuroraSinai,E,F,8/4/08,655.96,652.96
1000242,ColumbiaStMarys,E,F,1/11/09,33098.14,5832.72
1000100,AuroraSinai,D,F,1/5/10,119,332
1000319,ColumbiaStMarys,G,F,12/13/09,5363.87,8286.87
1000276,WheatonFranciscanStFrancis,G,F,7/23/09,0,0
1000225,WheatonFranciscanStFrancis,G,M,6/9/08,30.16,15.08
1000068,ColumbiaStMarys,E,F,11/17/09,3014.51,3014.51
1000398,WheatonFranciscanStFrancis,G,M,8/13/09,127,340
1000050,ColumbiaStMarys,G,F,11/12/09,0,0
1000341,ColumbiaStMarys,E,F,3/26/09,270.25,3.26
1000301,ColumbiaStMarys,F,F,8/13/09,1068,1068
1000418,ColumbiaStMarys,E,M,4/16/08,2323.98,139.21
1000335,AuroraSinai,C,F,3/3/09,354.23,354.23
1000084,ColumbiaStMarys,F,F,3/11/09,266.99,266.99
1000428,ColumbiaStMarys,G,F,8/28/08,0,0
1000111,ColumbiaStMarys,E,F,2/23/10,1100,1100
1000392,ColumbiaStMarys,E,F,4/20/09,266.99,266.99
1000165,ColumbiaStMarys,E,F,11/2/09,0,0
1000354,ColumbiaStMarys,G,F,5/4/10,0,0
1000383,ColumbiaStMarys,G,F,4/14/08,126.84,0
1000268,ColumbiaStMarys,E,F,6/16/09,266.99,266.99
1000295,ColumbiaStMarys,G,M,5/4/10,0,0
1000056,WheatonFranciscanStFrancis,F,F,3/2/08,81290.85,2620.51
1000174,WheatonFranciscanStFrancis,G,M,6/7/08,0,0
1000421,AuroraSinai,G,F,1/1/08,0,0
1000188,WheatonFranciscanStFrancis,G,F,11/26/08,416.98,45.28
1000304,ColumbiaStMarys,F,F,11/28/09,94,307
1000035,ColumbiaStMarys,G,F,11/13/09,0,0
1000016,AuroraSinai,E,F,8/25/08,327.98,327.98
1000128,AuroraSinai,E,M,7/1/09,119,332
1000167,WheatonFranciscanStFrancis,G,F,5/6/08,0,0
1000204,AuroraSinai,G,M,7/7/09,0,0
1000230,ColumbiaStMarys,G,M,5/9/09,1068,1068
1000037,WheatonFranciscanStFrancis,G,F,2/10/10,127,124
1000030,ColumbiaStMarys,F,F,10/7/09,0,0
1000404,WheatonFranciscanStFrancis,D,F,8/25/09,2224.31,5147.31
1000245,WheatonFranciscanStFrancis,G,F,8/25/08,78.14,39.07
1000369,ColumbiaStMarys,G,F,1/4/09,190.27,63.43
1000416,AuroraSinai,F,F,9/23/08,21461.33,6671.29
1000257,ColumbiaStMarys,E,M,6/27/09,4456.98,4456.98
1000232,WheatonFranciscanStFrancis,G,F,11/3/09,0,0
1000183,ColumbiaStMarys,F,F,12/17/09,94,307
1000378,WheatonFranciscanStFrancis,F,M,6/13/10,0,0
1000280,ColumbiaStMarys,G,F,5/10/10,1100,1082
1000233,WheatonFranciscanStFrancis,G,M,4/20/10,1100,1100
1000068,ColumbiaStMarys,E,F,12/30/09,2307.95,2307.95
1000140,AuroraSinai,G,M,10/4/08,327.98,327.98
1000002,ColumbiaStMarys,F,M,3/20/09,12676.6,3843.93
1000154,ColumbiaStMarys,G,M,1/23/10,94,307
1000230,ColumbiaStMarys,G,M,10/18/08,266.99,0
1000173,WheatonFranciscanStFrancis,G,F,10/5/08,1024,1024
1000220,AuroraSinai,G,M,3/23/09,134.4,134.4
1000387,AuroraSinai,G,M,12/6/09,119,332
1000143,WheatonFranciscanStFrancis,G,M,12/23/09,2224.31,2224.31
1000122,AuroraSinai,G,F,8/4/08,31.72,31.72
1000069,WheatonFranciscanStFrancis,G,M,12/7/09,8298.27,8298.27
1000398,WheatonFranciscanStFrancis,G,M,7/4/09,3028.61,5951.61
1000221,AuroraSinai,G,F,1/19/10,0,0
1000260,ColumbiaStMarys,F,M,4/9/08,3104.35,139.21
1000149,AuroraSinai,G,M,12/10/09,0,0
1000105,WheatonFranciscanStFrancis,G,M,5/4/10,0,0
1000035,ColumbiaStMarys,G,F,3/18/10,0,0
1000284,AuroraSinai,E,M,3/1/10,119,332
1000271,ColumbiaStMarys,G,F,11/22/09,0,0
1000285,WheatonFranciscanStFrancis,G,F,6/14/10,127,340
1000017,AuroraSinai,G,M,2/18/08,270,132
1000395,AuroraSinai,F,M,9/18/09,119,119
1000303,ColumbiaStMarys,G,F,12/17/08,200.99,74.15
1000291,WheatonFranciscanStFrancis,G,F,6/14/10,0,0
1000221,AuroraSinai,G,F,2/3/10,0,0
1000341,AuroraSinai,E,F,3/29/10,0,0
1000253,ColumbiaStMarys,G,M,5/21/08,0,0
1000248,ColumbiaStMarys,G,F,3/16/09,126.84,126.84
1000399,ColumbiaStMarys,G,M,9/19/09,1068,1068
1000159,WheatonFranciscanStFrancis,F,M,10/24/08,1024,1024
1000352,AuroraSinai,F,F,10/8/08,327.98,327.98
1000284,AuroraSinai,E,M,1/25/10,119,332
1000004,AuroraSinai,D,F,3/18/09,134.4,134.4
1000423,ColumbiaStMarys,G,F,2/11/09,0,0
1000394,AuroraSinai,G,F,9/27/08,0,0
1000340,AuroraSinai,G,M,3/20/08,0,0
1000065,WheatonFranciscanStFrancis,G,F,1/26/09,176.76,176.76
1000400,ColumbiaStMarys,E,M,2/11/08,14688.03,3049.34
1000164,AuroraSinai,F,M,5/3/10,119,116
1000426,AuroraSinai,F,F,1/12/09,22140.59,10294.77
1000385,AuroraSinai,E,M,10/23/09,119,332
1000351,WheatonFranciscanStFrancis,E,M,11/16/08,46844.6,21828.85
1000409,AuroraSinai,G,F,6/9/08,30261.6,4171.1
1000000,AuroraSinai,G,F,2/16/09,354.23,354.23
1000339,AuroraSinai,G,F,3/4/09,354.23,0
1000169,AuroraSinai,G,F,10/31/08,183.75,49.35
1000029,WheatonFranciscanStFrancis,G,F,7/10/09,0,0
1000237,AuroraSinai,G,F,3/20/09,354.23,354.23
1000150,WheatonFranciscanStFrancis,G,M,8/25/08,371.7,371.7
1000349,AuroraSinai,G,M,3/31/08,0,0
1000366,AuroraSinai,G,M,8/7/09,0,0
1000195,ColumbiaStMarys,G,F,6/19/09,6.68,6.68
1000175,ColumbiaStMarys,E,M,11/13/09,94,307
1000357,ColumbiaStMarys,E,F,2/19/10,3014.51,5937.51
1000102,ColumbiaStMarys,G,M,6/26/09,6.68,6.68
1000168,AuroraSinai,G,F,5/9/10,5876.97,8799.97
1000235,ColumbiaStMarys,G,M,8/26/09,0,0
1000057,ColumbiaStMarys,G,F,5/1/08,0,0
1000136,ColumbiaStMarys,G,M,2/13/09,1068,1068
1000215,AuroraSinai,F,M,4/10/09,354.23,354.23
1000200,ColumbiaStMarys,F,F,6/15/08,1103.97,126.84
1000093,WheatonFranciscanStFrancis,G,M,5/18/10,127,340
1000342,AuroraSinai,C,M,3/22/08,1945.18,148.6
1000018,ColumbiaStMarys,E,F,4/3/10,1100,1100
1000215,AuroraSinai,F,M,3/9/09,354.23,354.23
1000070,WheatonFranciscanStFrancis,G,F,3/25/08,0,0
1000011,AuroraSinai,G,M,4/23/09,20400.82,7624.13
1000360,ColumbiaStMarys,G,M,7/14/08,33346.49,9237.84
1000039,AuroraSinai,G,M,3/3/08,307.12,153.56
1000202,WheatonFranciscanStFrancis,G,M,8/13/08,371.7,371.7
1000388,ColumbiaStMarys,G,F,8/28/08,266.99,0
1000224,AuroraSinai,F,M,4/19/08,4134.08,134.4
1000079,AuroraSinai,G,M,9/13/09,5472.63,8395.63
1000281,ColumbiaStMarys,F,M,8/25/09,1068,1068
1000247,WheatonFranciscanStFrancis,D,F,4/19/08,40537.8,2620.51
1000365,AuroraSinai,G,M,11/11/08,134.4,0
1000358,AuroraSinai,G,F,6/3/08,2094.71,148.6
1000000,AuroraSinai,G,F,10/31/08,327.98,327.98
1000286,WheatonFranciscanStFrancis,G,F,10/11/08,226.11,49.35
1000077,ColumbiaStMarys,G,F,12/6/08,126.84,0
1000433,ColumbiaStMarys,G,F,8/21/08,0,0
1000249,ColumbiaStMarys,G,M,12/2/09,135,135
1000292,ColumbiaStMarys,G,F,6/8/09,1068,1068
1000403,ColumbiaStMarys,D,F,10/1/09,2213.95,5136.95
1000280,ColumbiaStMarys,G,F,2/22/10,0,0
1000006,AuroraSinai,G,M,4/8/08,0,0
1000030,ColumbiaStMarys,F,F,10/27/08,49261.5,9237.84
1000128,AuroraSinai,E,M,5/13/09,354.23,354.23
1000355,ColumbiaStMarys,F,M,3/12/08,0,0
1000107,ColumbiaStMarys,G,F,9/19/09,5363.87,8286.87
1000230,ColumbiaStMarys,G,M,3/8/09,266.99,0
1000330,ColumbiaStMarys,G,M,6/30/10,94,307
1000223,AuroraSinai,F,M,12/20/08,327.98,327.98
1000398,WheatonFranciscanStFrancis,G,M,6/29/08,321.29,176.76
1000078,AuroraSinai,F,F,2/5/10,119,332
1000093,WheatonFranciscanStFrancis,G,M,5/7/08,192221.97,3349.92
1000398,AuroraSinai,G,M,7/2/09,119,332
1000404,WheatonFranciscanStFrancis,D,F,1/30/10,5388.97,8311.97
1000358,AuroraSinai,G,F,3/11/09,26995.31,10294.77
1000276,WheatonFranciscanStFrancis,G,F,5/17/09,0,0
1000095,AuroraSinai,E,M,10/29/08,327.98,327.98
1000258,ColumbiaStMarys,G,F,9/14/08,283.75,16.76
1000437,AuroraSinai,E,M,1/26/09,134.4,134.4
1000043,WheatonFranciscanStFrancis,G,F,11/12/08,19533.71,7424.75
1000277,AuroraSinai,G,M,4/20/08,25.86,12.93
1000151,AuroraSinai,G,M,5/29/09,3.65,3.65
1000131,AuroraSinai,D,F,11/27/09,2425.73,5348.73
1000215,AuroraSinai,F,M,5/11/09,354.23,354.23
1000097,AuroraSinai,D,F,8/29/09,119,332
1000344,ColumbiaStMarys,G,M,2/15/09,126.84,126.84
1000260,AuroraSinai,F,M,9/7/09,119,332
1000270,AuroraSinai,G,M,2/29/08,0,0
1000311,AuroraSinai,G,F,3/10/09,134.4,134.4
1000341,ColumbiaStMarys,E,F,6/28/10,0,0
1000138,ColumbiaStMarys,F,M,4/7/10,0,0
1000230,ColumbiaStMarys,G,M,6/23/10,0,0
1000426,AuroraSinai,F,F,11/14/08,15479.78,6671.29
1000230,ColumbiaStMarys,G,M,7/29/08,0,0
1000332,ColumbiaStMarys,G,F,11/11/08,393.83,390.83
1000272,ColumbiaStMarys,G,F,3/5/09,266.99,266.99
1000334,ColumbiaStMarys,G,F,7/11/08,0,0
1000180,ColumbiaStMarys,G,F,5/18/08,0,0
1000080,AuroraSinai,E,F,9/27/09,5876.97,8799.97
1000129,ColumbiaStMarys,G,F,5/12/10,0,0
1000117,ColumbiaStMarys,G,F,10/18/09,94,307
1000279,WheatonFranciscanStFrancis,F,M,8/4/09,127,127
1000404,WheatonFranciscanStFrancis,D,F,4/6/10,5388.97,8311.97
1000397,AuroraSinai,G,M,8/3/09,0,0
1000229,ColumbiaStMarys,F,M,9/16/09,94,307
1000031,WheatonFranciscanStFrancis,F,M,12/2/08,211.87,35.11
1000019,ColumbiaStMarys,F,F,8/28/09,267,267
1000299,WheatonFranciscanStFrancis,G,F,2/19/08,0,0
1000236,AuroraSinai,E,M,4/17/08,0,0
1000102,AuroraSinai,G,M,3/6/08,0,0
1000241,WheatonFranciscanStFrancis,E,M,3/10/09,371.7,371.7
1000033,AuroraSinai,F,M,4/18/09,21909.44,10294.77
1000125,AuroraSinai,E,F,1/6/09,26122.5,6500.06
1000073,WheatonFranciscanStFrancis,G,M,5/29/09,7424.75,7424.75
1000350,AuroraSinai,G,F,5/11/09,0,0
1000430,ColumbiaStMarys,G,F,6/9/10,94,307
1000435,AuroraSinai,G,M,5/31/09,0,0
1000061,AuroraSinai,G,F,7/21/08,327.98,327.98
1000018,ColumbiaStMarys,E,F,8/5/09,1068,1068
1000326,ColumbiaStMarys,F,M,3/4/10,5363.87,8286.87
1000317,WheatonFranciscanStFrancis,G,F,4/18/09,26636.54,11759.29
1000194,ColumbiaStMarys,G,M,1/8/10,3014.51,0
1000163,AuroraSinai,G,F,5/1/10,0,0
1000189,WheatonFranciscanStFrancis,G,M,2/23/10,0,0
1000153,WheatonFranciscanStFrancis,G,F,7/26/09,0,0
1000027,ColumbiaStMarys,G,F,4/3/10,0,0
1000219,ColumbiaStMarys,F,M,12/22/08,19307.74,4456.98
1000278,ColumbiaStMarys,F,M,7/28/09,5363.87,5363.87
1000410,ColumbiaStMarys,F,M,9/23/08,17158.2,4456.98
1000252,AuroraSinai,G,M,2/26/10,1100,1100
1000353,AuroraSinai,F,F,3/30/08,28637.22,3818.75
1000047,WheatonFranciscanStFrancis,F,F,1/7/09,437.55,65.85
1000009,AuroraSinai,G,F,2/10/10,810,810
1000062,AuroraSinai,G,M,12/4/08,327.98,327.98
1000382,AuroraSinai,F,M,3/20/10,119,332
1000061,AuroraSinai,G,F,7/22/08,327.98,327.98
1000284,AuroraSinai,E,M,2/8/10,119,332
1000125,ColumbiaStMarys,E,F,2/18/09,9806.1,9806.1
1000007,ColumbiaStMarys,G,F,2/4/10,94,307
1000093,AuroraSinai,G,M,11/28/09,3302.87,6225.87
1000340,AuroraSinai,G,M,3/18/08,0,0
1000169,AuroraSinai,G,F,1/26/10,0,0
1000325,AuroraSinai,G,M,2/12/09,134.4,134.4
1000103,AuroraSinai,G,F,5/17/09,0,0
1000284,AuroraSinai,E,M,3/3/10,119,332
1000198,WheatonFranciscanStFrancis,E,M,2/14/09,6123.15,6123.15
1000082,AuroraSinai,G,F,6/28/10,27.84,27.84
1000018,ColumbiaStMarys,E,F,3/19/08,0,0
1000302,AuroraSinai,G,F,9/15/08,327.98,327.98
1000025,AuroraSinai,G,F,10/28/08,327.98,327.98
1000284,AuroraSinai,E,M,3/6/10,119,332
1000020,ColumbiaStMarys,G,M,3/1/10,94,307
1000186,WheatonFranciscanStFrancis,G,M,3/10/10,0,0
1000371,AuroraSinai,G,F,5/16/08,1915.91,134.4
1000246,ColumbiaStMarys,G,M,8/12/09,0,0
1000026,WheatonFranciscanStFrancis,G,F,2/16/08,2173.95,196.38
1000080,AuroraSinai,E,F,9/3/09,119,332
1000308,AuroraSinai,F,M,2/2/09,354.23,354.23
1000041,WheatonFranciscanStFrancis,F,M,6/16/09,1068,1068
1000133,AuroraSinai,F,F,7/3/08,24461.33,6671.29
1000345,ColumbiaStMarys,E,F,3/23/09,13596.64,4456.98
1000151,AuroraSinai,G,M,7/1/09,0,0
1000021,AuroraSinai,G,F,12/2/09,119,332
1000344,ColumbiaStMarys,G,M,9/2/08,126.84,126.84
1000015,AuroraSinai,G,F,3/10/08,0,0
1000121,ColumbiaStMarys,G,F,8/12/09,0,0
1000415,WheatonFranciscanStFrancis,E,M,9/6/08,371.7,371.7
1000305,WheatonFranciscanStFrancis,D,M,3/20/09,371.7,371.7
1000370,WheatonFranciscanStFrancis,G,F,6/6/09,0,0
1000087,WheatonFranciscanStFrancis,G,F,3/18/08,0,0
1000361,WheatonFranciscanStFrancis,G,F,12/21/09,3028.61,5951.61
1000001,AuroraSinai,G,M,3/15/09,134.4,134.4
1000425,WheatonFranciscanStFrancis,G,F,6/4/08,640.54,196.38
1000384,ColumbiaStMarys,G,M,1/23/08,0,0
1000112,AuroraSinai,G,M,8/12/09,1068,1068
1000089,AuroraSinai,G,M,11/17/08,327.98,327.98
1000434,ColumbiaStMarys,D,F,4/19/08,34947.54,2605.47
1000439,AuroraSinai,E,F,11/29/09,119,332
1000108,WheatonFranciscanStFrancis,G,F,8/22/09,127,340
1000074,WheatonFranciscanStFrancis,G,F,9/20/08,40.16,40.16
1000412,ColumbiaStMarys,D,M,3/13/08,21782.19,3711.02
1000405,WheatonFranciscanStFrancis,E,M,4/26/10,2224.31,5147.31
1000314,ColumbiaStMarys,G,F,7/16/08,126.84,126.84
1000406,ColumbiaStMarys,G,M,3/18/09,126.84,126.84
1000422,ColumbiaStMarys,G,M,5/16/09,12.82,12.82
1000160,AuroraSinai,G,F,4/18/09,1068,1068
1000101,AuroraSinai,F,M,3/8/08,0,0
1000005,ColumbiaStMarys,E,F,10/18/09,3014.51,5937.51
1000267,ColumbiaStMarys,G,F,1/1/09,126.84,126.84
1000104,AuroraSinai,F,M,1/9/08,1978.77,148.6
1000415,WheatonFranciscanStFrancis,E,M,8/8/09,127,340
1000088,AuroraSinai,E,F,3/18/08,481.88,148.6
1000111,ColumbiaStMarys,E,F,12/5/08,22263.92,11326.85
1000094,AuroraSinai,G,M,4/28/08,2121.59,134.4
1000256,WheatonFranciscanStFrancis,G,M,12/13/09,26.29,26.29
1000052,AuroraSinai,G,F,12/4/09,5876.97,5876.97
1000391,ColumbiaStMarys,F,M,5/29/10,0,0
1000152,AuroraSinai,G,M,6/24/10,119,104
1000114,ColumbiaStMarys,G,F,1/3/09,126.84,126.84
1000069,WheatonFranciscanStFrancis,G,M,11/13/09,127,127
1000199,AuroraSinai,G,M,3/14/10,5876.97,8799.97
1000024,WheatonFranciscanStFrancis,F,F,11/18/09,127,340
1000313,AuroraSinai,F,F,7/18/08,0,0
1000038,AuroraSinai,G,F,11/3/09,119,332
1000008,ColumbiaStMarys,G,M,8/8/09,94,307
1000376,ColumbiaStMarys,G,F,4/29/10,1100,1100
1000196,ColumbiaStMarys,G,F,3/31/10,0,0
1000410,ColumbiaStMarys,F,M,9/13/08,12561.12,5832.72
1000250,ColumbiaStMarys,G,F,3/14/08,0,0
1000280,ColumbiaStMarys,G,F,9/24/09,0,0
1000066,ColumbiaStMarys,G,F,4/22/08,2340.76,126.84
1000227,WheatonFranciscanStFrancis,E,M,3/18/08,1231.8,196.38
1000434,ColumbiaStMarys,D,F,7/15/08,12332.16,4456.98
1000274,WheatonFranciscanStFrancis,G,M,4/1/09,145599.42,19002.42
1000116,AuroraSinai,E,M,2/15/10,119,332
1000275,WheatonFranciscanStFrancis,E,F,8/23/08,371.7,371.7
1000417,ColumbiaStMarys,G,M,1/25/08,1385.08,139.21
1000008,ColumbiaStMarys,G,M,5/7/09,266.99,266.99
1000020,ColumbiaStMarys,G,M,10/21/09,94,307
1000177,ColumbiaStMarys,G,F,5/31/10,0,0
1000028,AuroraSinai,G,F,7/19/09,119,332
1000110,WheatonFranciscanStFrancis,G,F,4/16/08,0,0
1000134,WheatonFranciscanStFrancis,G,M,7/26/08,0,0
1000289,AuroraSinai,E,F,10/26/09,119,104
1000259,AuroraSinai,G,F,6/28/09,26997.59,29920.59
1000341,ColumbiaStMarys,E,F,1/22/10,0,0
1000051,AuroraSinai,G,F,6/25/09,0,0
1000409,AuroraSinai,G,F,10/6/08,327.98,327.98
1000084,ColumbiaStMarys,F,F,9/28/09,3429.99,6352.99
1000288,AuroraSinai,G,F,3/24/10,5876.97,8799.97
1000321,WheatonFranciscanStFrancis,G,F,1/5/09,371.7,371.7
1000312,AuroraSinai,F,M,5/5/10,119,332
1000337,ColumbiaStMarys,G,F,11/20/09,6819.96,9742.96
1000034,WheatonFranciscanStFrancis,F,F,5/1/09,11759.29,11759.29
1000331,WheatonFranciscanStFrancis,G,F,2/25/08,81248.46,3349.92
1000045,AuroraSinai,D,F,11/27/09,119,332
1000048,WheatonFranciscanStFrancis,G,M,6/17/08,20906.76,3349.92
1000431,ColumbiaStMarys,G,F,4/5/08,0,0
1000063,AuroraSinai,F,F,5/27/09,10294.77,10294.77
1000377,ColumbiaStMarys,G,F,8/10/09,5363.87,8286.87
1000150,WheatonFranciscanStFrancis,G,M,8/11/08,94363.35,22547.85
1000212,ColumbiaStMarys,E,F,12/20/09,94,307
1000218,AuroraSinai,G,F,2/2/08,86.54,43.27
1000162,WheatonFranciscanStFrancis,F,M,12/7/09,127,340
1000256,WheatonFranciscanStFrancis,G,M,12/11/08,248.06,71.3
1000375,AuroraSinai,G,F,11/3/09,179.64,179.64
1000141,ColumbiaStMarys,E,F,9/30/09,5363.87,5363.87
1000260,AuroraSinai,F,M,2/8/08,2056.82,148.6
1000233,WheatonFranciscanStFrancis,G,M,4/19/10,0,0
1000021,AuroraSinai,G,F,3/10/08,1744.49,148.6
1000206,AuroraSinai,E,M,10/14/09,119,332
1000022,ColumbiaStMarys,E,F,11/1/09,94,94
1000341,AuroraSinai,E,F,8/15/08,0,0
1000300,WheatonFranciscanStFrancis,G,M,9/7/09,127,0
1000159,WheatonFranciscanStFrancis,F,M,5/18/09,1068,1068
1000072,ColumbiaStMarys,G,F,12/3/09,94,94
1000373,ColumbiaStMarys,F,F,9/25/09,3429.99,0
1000102,ColumbiaStMarys,G,M,9/23/09,0,0
1000420,ColumbiaStMarys,G,M,11/19/09,1068,1068
1000231,AuroraSinai,G,M,2/4/08,1641.82,148.6
1000338,AuroraSinai,G,F,3/12/08,841.71,148.6
1000222,AuroraSinai,G,M,2/22/10,0,0
1000013,AuroraSinai,G,M,1/21/09,800,800
1000040,AuroraSinai,G,F,2/25/09,50,50
1000268,AuroraSinai,E,F,7/30/09,119,332
1000251,ColumbiaStMarys,G,F,8/14/09,0,0
1000096,AuroraSinai,G,F,6/6/08,136250.94,4647.38
1000137,WheatonFranciscanStFrancis,G,M,12/12/09,1068,1068
1000273,WheatonFranciscanStFrancis,G,F,4/25/10,0,0
1000232,WheatonFranciscanStFrancis,G,F,11/20/09,0,0
1000171,AuroraSinai,G,M,3/25/10,119,332
1000102,ColumbiaStMarys,G,M,12/16/09,0,0
1000062,AuroraSinai,G,M,1/27/09,134.4,134.4
1000408,WheatonFranciscanStFrancis,G,F,2/3/08,0,0
1000161,AuroraSinai,E,F,2/10/09,10204.08,10204.08
1000336,ColumbiaStMarys,G,F,5/8/08,0,0
1000204,AuroraSinai,G,M,4/18/09,379.01,15.78
1000344,ColumbiaStMarys,G,M,4/28/08,59963.04,3330.7
1000283,AuroraSinai,G,F,5/19/10,119,116
1000192,ColumbiaStMarys,G,F,4/30/10,94,79
1000347,AuroraSinai,G,M,4/9/10,5876.97,5876.97
1000054,AuroraSinai,G,M,9/7/08,0,0
1000424,AuroraSinai,G,M,10/27/08,134.4,0
1000193,AuroraSinai,F,F,9/21/08,21249.8,10565.97
1000358,AuroraSinai,G,F,9/5/08,24382.04,10565.97
1000312,AuroraSinai,F,M,5/14/10,119,332
1000111,ColumbiaStMarys,E,F,1/28/09,53284.34,22525.61
1000329,WheatonFranciscanStFrancis,F,F,1/29/09,36425.57,8446.07
1000432,AuroraSinai,E,F,3/18/09,134.4,134.4
1000142,AuroraSinai,G,M,2/9/09,134.4,134.4
1000230,ColumbiaStMarys,G,M,12/24/09,0,0
1000438,WheatonFranciscanStFrancis,G,F,9/11/09,0,0
1000415,WheatonFranciscanStFrancis,E,M,3/23/09,371.7,371.7
1000216,WheatonFranciscanStFrancis,G,F,2/25/09,371.7,0
1000381,ColumbiaStMarys,G,M,1/22/09,266.99,266.99
1000081,ColumbiaStMarys,G,M,3/24/10,0,0
1000155,WheatonFranciscanStFrancis,D,M,12/30/09,5388.97,8311.97
1000096,AuroraSinai,G,F,12/26/08,325,325
1000310,AuroraSinai,F,M,4/25/09,354.23,354.23
1000318,ColumbiaStMarys,G,M,9/17/09,0,0
1000315,ColumbiaStMarys,G,F,6/1/08,55531.02,3330.7
1000348,AuroraSinai,E,F,2/1/10,119,332
1000040,AuroraSinai,G,F,8/21/09,0,0
1000077,ColumbiaStMarys,G,F,6/3/10,0,0
1000198,ColumbiaStMarys,E,M,7/8/09,3014.51,5937.51
1000428,ColumbiaStMarys,G,F,9/4/08,0,0
1000055,AuroraSinai,G,F,5/14/08,0,0
1000365,WheatonFranciscanStFrancis,G,M,11/6/08,1024,1024
1000379,WheatonFranciscanStFrancis,E,M,7/2/09,5388.97,8311.97
1000342,AuroraSinai,C,M,3/6/08,2028.48,148.6
1000320,ColumbiaStMarys,G,M,3/28/08,0,0
1000190,AuroraSinai,E,M,10/29/09,119,119
1000291,WheatonFranciscanStFrancis,G,F,9/8/09,26.53,26.53
1000115,ColumbiaStMarys,G,F,3/13/09,1068,1068
1000170,ColumbiaStMarys,F,M,10/16/09,0,0
1000010,ColumbiaStMarys,G,F,4/28/10,0,0
1000436,ColumbiaStMarys,G,F,6/30/08,0,0
1000374,ColumbiaStMarys,G,F,6/16/10,0,0
1000240,ColumbiaStMarys,E,F,4/19/08,0,0
1000064,AuroraSinai,G,M,8/25/08,0,0
1000380,ColumbiaStMarys,E,F,10/29/08,266.99,266.99
1000348,AuroraSinai,E,F,9/6/09,119,332
1000172,AuroraSinai,F,M,1/23/09,134.4,134.4
1000119,AuroraSinai,G,F,6/11/10,7567.19,10490.19
1000211,AuroraSinai,G,F,4/23/10,1100,1100
1000035,ColumbiaStMarys,F,F,3/27/09,1068,1068
1000265,AuroraSinai,F,M,6/13/09,4966.92,4966.92
1000293,ColumbiaStMarys,G,F,6/4/10,2213.95,5136.95
1000239,WheatonFranciscanStFrancis,F,M,4/15/10,127,124
1000151,AuroraSinai,G,M,2/25/08,63.86,63.86
1000264,AuroraSinai,G,F,8/23/08,0,0
1000426,AuroraSinai,F,F,4/28/09,26835.63,6500.06
1000186,WheatonFranciscanStFrancis,G,M,3/17/10,127,337
1000362,ColumbiaStMarys,G,M,4/2/10,3014.51,5937.51
1000296,ColumbiaStMarys,G,F,9/16/08,0,0
1000085,ColumbiaStMarys,G,M,1/9/08,0,0
1000126,ColumbiaStMarys,F,F,1/17/09,155.1,28.26
1000071,AuroraSinai,G,M,5/16/08,47924.34,4171.1
1000148,ColumbiaStMarys,G,F,9/28/09,0,0
1000218,AuroraSinai,G,F,9/7/08,86.54,43.27
1000025,AuroraSinai,G,F,10/24/08,327.98,327.98
1000046,ColumbiaStMarys,D,F,1/13/10,2213.95,5136.95
1000434,ColumbiaStMarys,D,F,1/15/08,35812.35,2605.47
1000262,WheatonFranciscanStFrancis,G,F,1/12/10,127,112
1000226,AuroraSinai,G,F,6/5/10,119,332
1000132,ColumbiaStMarys,E,M,1/31/10,1100,1100
1000413,WheatonFranciscanStFrancis,G,M,1/14/09,176.76,176.76
1000145,AuroraSinai,G,F,3/2/08,1952.42,148.6
1000201,ColumbiaStMarys,G,F,4/6/09,266.99,0
1000228,AuroraSinai,E,F,4/2/10,119,332
1000032,ColumbiaStMarys,G,F,3/4/10,0,0
1000008,ColumbiaStMarys,G,M,7/31/09,94,307
1000203,AuroraSinai,G,M,5/14/09,56.26,56.26
1000363,ColumbiaStMarys,G,F,3/8/09,266.99,0
1000111,ColumbiaStMarys,E,F,9/2/08,26269.08,11326.85
1000136,ColumbiaStMarys,G,M,10/7/08,1024,997
1000396,ColumbiaStMarys,F,F,6/8/08,0,0
1000193,AuroraSinai,F,F,5/5/08,34091.79,1175.5
1000053,ColumbiaStMarys,E,M,11/30/09,94,94
1000379,WheatonFranciscanStFrancis,E,M,5/31/09,10668.63,10668.63
1000042,AuroraSinai,G,F,4/18/10,119,332
1000058,ColumbiaStMarys,G,F,6/20/10,94,307
1000307,AuroraSinai,G,F,6/25/10,3358.83,6393.83
1000113,ColumbiaStMarys,G,M,2/9/09,0,0
1000046,ColumbiaStMarys,D,F,5/12/10,2213.95,5136.95
1000130,AuroraSinai,F,M,5/20/10,5876.97,5876.97
1000346,WheatonFranciscanStFrancis,G,M,6/21/10,0,0
1000401,AuroraSinai,E,F,8/7/09,119,332