Asthma,AS,F,A,119.0
Asthma,AS,F,B,1757.246
Asthma,AS,M,B,1303.36
Asthma,AS,F,C,1212.794
Asthma,AS,M,C,1369.985
Asthma,AS,F,D,2186.053
Asthma,AS,M,D,1833.886
Asthma,AS,F,E,2310.019
Asthma,AS,M,E,3148.746
Asthma,AS,F,F,2291.393
Asthma,AS,M,F,3485.224
Asthma,AS,F,G,4422.594
Asthma,AS,M,G,2906.237
Asthma,CSM,M,A,94.0
Asthma,CSM,F,B,1339.242
Asthma,CSM,M,B,1604.675
Asthma,CSM,F,C,1009.967
Asthma,CSM,M,C,1854.497
Asthma,CSM,F,D,1658.242
Asthma,CSM,M,D,2643.66
Asthma,CSM,F,E,4206.097
Asthma,CSM,M,E,2820.038
Asthma,CSM,F,F,3263.07
Asthma,CSM,M,F,2920.465
Asthma,CSM,F,G,5224.987
Asthma,CSM,M,G,3270.173
Asthma,WFStF,F,A,371.7
Asthma,WFStF,M,A,347.23
Asthma,WFStF,F,B,1219.02
Asthma,WFStF,M,B,1267.85
Asthma,WFStF,F,C,1961.982
Asthma,WFStF,M,C,1137.1
Asthma,WFStF,F,D,1396.95
Asthma,WFStF,M,D,1596.01
Asthma,WFStF,F,E,2349.93
Asthma,WFStF,M,E,4113.19
Asthma,WFStF,F,F,2161.3
Asthma,WFStF,M,F,1310.025
Asthma,WFStF,F,G,3132.735
Asthma,WFStF,M,G,4310.36
COPD,AS,F,E,354.0
COPD,AS,F,F,3742.771
COPD,AS,F,G,3511.826
COPD,AS,M,G,6258.058
COPD,CSM,F,B,1994.8
COPD,CSM,M,E,783.46
COPD,CSM,F,F,3075.0
COPD,CSM,F,G,5163.8
COPD,CSM,M,G,5087.88
COPD,WFStF,M,E,673.5
COPD,WFStF,F,F,638.7
COPD,WFStF,M,F,3765.75
COPD,WFStF,F,G,2245.4
COPD,WFStF,M,G,2762.16
Diabetes,AS,F,C,354.0
Diabetes,AS,M,C,1994.8
Diabetes,AS,F,D,1730.37
Diabetes,AS,M,D,3075.0
Diabetes,AS,F,E,3474.045
Diabetes,AS,M,E,1452.625
Diabetes,AS,F,F,2641.959
Diabetes,AS,M,F,22483.463
Diabetes,AS,F,G,2793.798
Diabetes,AS,M,G,2771.884
Diabetes,CSM,F,D,22200.028
Diabetes,CSM,M,D,21782.19
Diabetes,CSM,F,E,3439.25
Diabetes,CSM,M,E,873.34
Diabetes,CSM,F,F,6713.129
Diabetes,CSM,M,F,11199.121
Diabetes,CSM,F,G,5570.078
Diabetes,CSM,M,G,10469.37
Diabetes,WFStF,M,C,3049.79
Diabetes,WFStF,F,D,19132.036
Diabetes,WFStF,M,D,3382.062
Diabetes,WFStF,F,E,2327.9
Diabetes,WFStF,M,E,5886.9
Diabetes,WFStF,F,F,3425.37
Diabetes,WFStF,M,F,8694.375
Diabetes,WFStF,F,G,3877.483
Diabetes,WFStF,M,G,1913.92
