Asthma,AS,F,B,1,6
COPD,AS,F,B,1,1
Asthma,AS,M,B,1,12
Asthma,AS,F,C,1,14
Asthma,AS,M,C,1,32
Asthma,AS,F,D,1,6
Asthma,AS,M,D,1,20
Asthma,AS,F,E,1,44
Diabetes,AS,F,E,1,10
Asthma,AS,M,E,1,20
COPD,AS,M,E,1,1
Diabetes,AS,M,E,1,3
Asthma,AS,F,F,1,29
COPD,AS,F,F,1,1
Diabetes,AS,F,F,1,7
Asthma,AS,M,F,1,15
Diabetes,AS,M,F,1,5
Asthma,AS,F,G,1,88
COPD,AS,F,G,1,32
Diabetes,AS,F,G,1,59
Asthma,AS,M,G,1,24
COPD,AS,M,G,1,27
Diabetes,AS,M,G,1,27
Asthma,CSM,F,B,1,13
Asthma,CSM,M,B,1,31
Asthma,CSM,F,C,1,22
Asthma,CSM,M,C,1,56
Asthma,CSM,F,D,1,37
Diabetes,CSM,F,D,1,4
Asthma,CSM,M,D,1,36
Asthma,CSM,F,E,1,56
Diabetes,CSM,F,E,1,12
Asthma,CSM,M,E,1,23
Diabetes,CSM,M,E,1,5
Asthma,CSM,F,F,1,43
COPD,CSM,F,F,1,3
Diabetes,CSM,F,F,1,6
Asthma,CSM,M,F,1,20
Diabetes,CSM,M,F,1,17
Asthma,CSM,F,G,1,65
COPD,CSM,F,G,1,26
Diabetes,CSM,F,G,1,39
Asthma,CSM,M,G,1,45
COPD,CSM,M,G,1,11
Diabetes,CSM,M,G,1,39
Asthma,WFStF,F,B,1,15
Asthma,WFStF,M,B,1,19
Asthma,WFStF,F,C,1,23
Asthma,WFStF,M,C,1,29
Asthma,WFStF,F,D,1,20
Asthma,WFStF,M,D,1,15
Diabetes,WFStF,M,D,1,1
Asthma,WFStF,F,E,1,44
Diabetes,WFStF,F,E,1,1
Asthma,WFStF,M,E,1,16
COPD,WFStF,M,E,1,1
Diabetes,WFStF,M,E,1,2
Asthma,WFStF,F,F,1,27
COPD,WFStF,F,F,1,2
Diabetes,WFStF,F,F,1,1
Asthma,WFStF,M,F,1,6
COPD,WFStF,M,F,1,2
Diabetes,WFStF,M,F,1,5
Asthma,WFStF,F,G,1,47
COPD,WFStF,F,G,1,30
Diabetes,WFStF,F,G,1,29
Asthma,WFStF,M,G,1,15
COPD,WFStF,M,G,1,26
Diabetes,WFStF,M,G,1,18
Asthma,AS,F,B,2,1
Asthma,AS,F,D,2,1
Asthma,AS,M,D,2,1
Asthma,AS,F,E,2,6
Asthma,AS,M,E,2,5
Asthma,AS,F,F,2,4
Diabetes,AS,F,F,2,1
Asthma,AS,M,F,2,3
Asthma,AS,F,G,2,13
COPD,AS,F,G,2,4
Diabetes,AS,F,G,2,3
Asthma,AS,M,G,2,3
COPD,AS,M,G,2,5
Diabetes,AS,M,G,2,5
Asthma,CSM,F,B,2,3
Asthma,CSM,M,B,2,3
Asthma,CSM,F,C,2,4
Asthma,CSM,M,C,2,6
Asthma,CSM,F,D,2,7
Asthma,CSM,M,D,2,3
Diabetes,CSM,M,D,2,1
Asthma,CSM,F,E,2,6
Diabetes,CSM,F,E,2,2
Asthma,CSM,M,E,2,5
Asthma,CSM,F,F,2,4
Diabetes,CSM,F,F,2,1
Asthma,CSM,M,F,2,3
Diabetes,CSM,M,F,2,2
Asthma,CSM,F,G,2,14
COPD,CSM,F,G,2,3
Diabetes,CSM,F,G,2,11
Asthma,CSM,M,G,2,9
COPD,CSM,M,G,2,3
Diabetes,CSM,M,G,2,4
Asthma,WFStF,F,B,2,3
Asthma,WFStF,M,B,2,2
Asthma,WFStF,M,C,2,6
Asthma,WFStF,M,D,2,1
Asthma,WFStF,F,E,2,5
Asthma,WFStF,M,E,2,2
Asthma,WFStF,F,F,2,1
Asthma,WFStF,M,F,2,1
Asthma,WFStF,F,G,2,7
COPD,WFStF,F,G,2,10
Diabetes,WFStF,F,G,2,3
Asthma,WFStF,M,G,2,4
COPD,WFStF,M,G,2,4
Diabetes,WFStF,M,G,2,2
Asthma,AS,F,D,3,1
Asthma,AS,F,E,3,3
Diabetes,AS,F,E,3,1
Asthma,AS,M,E,3,1
Asthma,AS,F,F,3,1
Asthma,AS,M,F,3,1
Asthma,AS,F,G,3,2
COPD,AS,F,G,3,1
Diabetes,AS,F,G,3,2
Asthma,AS,M,G,3,1
COPD,AS,M,G,3,1
Asthma,CSM,F,B,3,1
Asthma,CSM,M,B,3,1
Asthma,CSM,F,C,3,1
Asthma,CSM,M,C,3,2
Asthma,CSM,F,D,3,1
Asthma,CSM,M,D,3,1
Asthma,CSM,F,E,3,7
Diabetes,CSM,F,E,3,1
Asthma,CSM,M,E,3,4
Asthma,CSM,F,F,3,1
Asthma,CSM,M,F,3,2
Asthma,CSM,F,G,3,4
COPD,CSM,F,G,3,1
Asthma,CSM,M,G,3,1
COPD,CSM,M,G,3,1
Diabetes,CSM,M,G,3,1
Asthma,WFStF,F,B,3,1
Asthma,WFStF,F,C,3,1
Asthma,WFStF,M,C,3,1
Asthma,WFStF,M,D,3,1
Asthma,WFStF,F,E,3,1
Diabetes,WFStF,M,E,3,1
Asthma,WFStF,F,G,3,2
COPD,WFStF,F,G,3,1
Asthma,WFStF,M,G,3,1
COPD,WFStF,M,G,3,4
Asthma,AS,M,B,4,1
Asthma,AS,M,C,4,1
Asthma,AS,F,D,4,1
Asthma,AS,F,E,4,1
Asthma,AS,F,G,4,2
Diabetes,AS,F,G,4,1
Diabetes,AS,M,G,4,1
Asthma,CSM,M,C,4,1
Asthma,CSM,F,D,4,1
Asthma,CSM,M,D,4,1
Asthma,CSM,F,E,4,2
Asthma,CSM,M,E,4,1
Asthma,CSM,M,F,4,2
Asthma,CSM,F,G,4,1
Asthma,CSM,M,G,4,2
Asthma,WFStF,F,E,4,1
Asthma,WFStF,M,F,4,1
Asthma,WFStF,F,G,4,1
COPD,WFStF,F,G,4,1
Diabetes,WFStF,M,G,4,1
Asthma,AS,F,G,5,1
Asthma,CSM,M,C,5,1
Asthma,CSM,M,F,5,1
Asthma,CSM,M,G,5,2
Asthma,WFStF,F,F,5,1
Asthma,AS,M,E,6,1
Asthma,AS,F,F,6,1
Asthma,AS,F,G,6,3
Diabetes,AS,M,G,6,2
Asthma,CSM,M,E,6,1
Diabetes,CSM,M,F,6,1
COPD,AS,F,G,7,1
Asthma,CSM,M,E,7,1
Diabetes,CSM,M,E,7,1
Asthma,CSM,M,F,7,2
Asthma,CSM,M,G,7,2
Asthma,AS,M,F,10,1
Asthma,CSM,F,G,24,1
