Asthma,AS,F,A,2
Asthma,AS,F,B,13
Asthma,AS,M,B,34
Asthma,AS,F,C,21
Asthma,AS,M,C,41
Asthma,AS,F,D,33
Asthma,AS,M,D,45
Asthma,AS,F,E,44
Asthma,AS,M,E,38
Asthma,AS,F,F,24
Asthma,AS,M,F,29
Asthma,AS,F,G,68
Asthma,AS,M,G,69
Asthma,CSM,M,A,1
Asthma,CSM,F,B,4
Asthma,CSM,M,B,12
Asthma,CSM,F,C,7
Asthma,CSM,M,C,21
Asthma,CSM,F,D,20
Asthma,CSM,M,D,13
Asthma,CSM,F,E,31
Asthma,CSM,M,E,25
Asthma,CSM,F,F,16
Asthma,CSM,M,F,16
Asthma,CSM,F,G,117
Asthma,CSM,M,G,20
Asthma,WFStF,F,A,1
Asthma,WFStF,M,A,1
Asthma,WFStF,F,B,6
Asthma,WFStF,M,B,19
Asthma,WFStF,F,C,17
Asthma,WFStF,M,C,22
Asthma,WFStF,F,D,12
Asthma,WFStF,M,D,11
Asthma,WFStF,F,E,38
Asthma,WFStF,M,E,16
Asthma,WFStF,F,F,25
Asthma,WFStF,M,F,6
Asthma,WFStF,F,G,63
Asthma,WFStF,M,G,15
COPD,AS,F,E,1
COPD,AS,F,F,1
COPD,AS,F,G,32
COPD,AS,M,G,25
COPD,CSM,F,B,1
COPD,CSM,F,F,1
COPD,CSM,F,G,58
COPD,CSM,M,G,35
COPD,WFStF,F,F,2
COPD,WFStF,M,F,2
COPD,WFStF,F,G,59
Diabetes,AS,F,C,1
Diabetes,AS,M,C,2
Diabetes,AS,F,D,5
Diabetes,AS,M,D,1
Diabetes,AS,F,E,23
Diabetes,AS,M,E,18
Diabetes,AS,F,F,18
Diabetes,AS,M,F,27
Diabetes,AS,F,G,63
Diabetes,AS,M,G,47
Diabetes,CSM,F,D,6
Diabetes,CSM,M,D,1
Diabetes,CSM,F,E,24
Diabetes,CSM,M,E,9
Diabetes,CSM,F,F,15
Diabetes,CSM,M,F,13
Diabetes,CSM,F,G,51
Diabetes,CSM,M,G,44
Diabetes,WFStF,F,D,4
Diabetes,WFStF,M,D,2
Diabetes,WFStF,F,E,1
Diabetes,WFStF,M,E,13
Diabetes,WFStF,F,F,5
Diabetes,WFStF,M,F,8
Diabetes,WFStF,F,G,23
Diabetes,WFStF,M,G,29
