ACETONEASSAY,CSM,Diabetes,F,E,22.84
ACETONEASSAY,CSM,Asthma,M,E,11.42
ACETONEASSAY,CSM,Diabetes,F,F,22.84
ACETONEASSAY,CSM,Diabetes,M,F,17.13
ACETONEASSAY,CSM,Diabetes,F,G,31.405
ACETONEASSAY,CSM,Diabetes,M,G,30.4533333333333
ACETONEASSAY,WFStF,Diabetes,M,E,17.13
ACETONEASSAY,WFStF,Diabetes,F,F,11.42
ACETONEASSAY,WFStF,Diabetes,M,F,22.84
ACETONEASSAY,WFStF,Diabetes,F,G,22.84
ACETONEASSAY,WFStF,Diabetes,M,G,22.84
AGDETECTIONPOLYVALIF,WFStF,Asthma,M,A,16.76
AGDETECTIONPOLYVALIF,WFStF,Asthma,F,E,16.76
AIRWAYINHALATIONTREATMENT,AS,Asthma,F,A,49.44
AIRWAYINHALATIONTREATMENT,AS,Asthma,F,B,70.04
AIRWAYINHALATIONTREATMENT,AS,Asthma,M,B,135.96
AIRWAYINHALATIONTREATMENT,AS,Asthma,F,C,61.8
AIRWAYINHALATIONTREATMENT,AS,Asthma,M,C,181.28
AIRWAYINHALATIONTREATMENT,AS,Asthma,F,D,142.14
AIRWAYINHALATIONTREATMENT,AS,Asthma,M,D,156.56
AIRWAYINHALATIONTREATMENT,AS,Diabetes,F,E,185.4
AIRWAYINHALATIONTREATMENT,AS,Asthma,M,E,191.58
AIRWAYINHALATIONTREATMENT,AS,COPD,F,F,83.43
AIRWAYINHALATIONTREATMENT,AS,Asthma,M,F,92.7
AIRWAYINHALATIONTREATMENT,AS,Diabetes,F,G,176.571428571429
AIRWAYINHALATIONTREATMENT,AS,COPD,M,G,129.78
AIRWAYINHALATIONTREATMENT,CSM,Asthma,F,B,12.36
AIRWAYINHALATIONTREATMENT,CSM,Asthma,M,B,49.44
AIRWAYINHALATIONTREATMENT,CSM,Asthma,F,C,55.62
AIRWAYINHALATIONTREATMENT,CSM,Asthma,M,C,74.16
AIRWAYINHALATIONTREATMENT,CSM,Asthma,F,D,65.92
AIRWAYINHALATIONTREATMENT,CSM,Asthma,M,D,37.08
AIRWAYINHALATIONTREATMENT,CSM,Asthma,F,E,111.24
AIRWAYINHALATIONTREATMENT,CSM,Asthma,M,E,92.7
AIRWAYINHALATIONTREATMENT,CSM,Asthma,F,F,61.8
AIRWAYINHALATIONTREATMENT,CSM,Asthma,M,F,57.68
AIRWAYINHALATIONTREATMENT,CSM,Diabetes,F,G,263.091428571429
AIRWAYINHALATIONTREATMENT,CSM,Diabetes,M,G,102.411428571429
AIRWAYINHALATIONTREATMENT,WFStF,Asthma,F,B,24.72
AIRWAYINHALATIONTREATMENT,WFStF,Asthma,M,B,197.76
AIRWAYINHALATIONTREATMENT,WFStF,Asthma,F,C,57.68
AIRWAYINHALATIONTREATMENT,WFStF,Asthma,M,C,123.6
AIRWAYINHALATIONTREATMENT,WFStF,Asthma,F,D,37.08
AIRWAYINHALATIONTREATMENT,WFStF,Asthma,M,D,55.62
AIRWAYINHALATIONTREATMENT,WFStF,Asthma,F,E,117.42
AIRWAYINHALATIONTREATMENT,WFStF,Asthma,M,E,58.71
AIRWAYINHALATIONTREATMENT,WFStF,COPD,F,F,83.43
AIRWAYINHALATIONTREATMENT,WFStF,COPD,M,F,37.08
AIRWAYINHALATIONTREATMENT,WFStF,COPD,F,G,247.2
AIRWAYINHALATIONTREATMENT,WFStF,Diabetes,M,G,44.496
ANTINUCLEARANTIBODIES,CSM,Asthma,F,G,14.56
APPLYFOREARMSPLINT,CSM,Diabetes,F,G,35.75
ASSAYCARBAMAZEPINETOTAL,CSM,Diabetes,F,G,20.34
ASSAYDIPROPYLACETICACID,AS,Diabetes,F,G,37.86
ASSAYDIPROPYLACETICACID,WFStF,Diabetes,M,G,18.93
ASSAYGLUCOSEBLOODQUANT,AS,Diabetes,M,C,5.48
ASSAYGLUCOSEBLOODQUANT,AS,Diabetes,F,D,5.48
ASSAYGLUCOSEBLOODQUANT,AS,Diabetes,F,E,13.7
ASSAYGLUCOSEBLOODQUANT,AS,Diabetes,M,E,87.68
ASSAYGLUCOSEBLOODQUANT,AS,Diabetes,F,F,5.48
ASSAYGLUCOSEBLOODQUANT,AS,Diabetes,M,F,20.55
ASSAYGLUCOSEBLOODQUANT,AS,Diabetes,F,G,25.5733333333333
ASSAYGLUCOSEBLOODQUANT,AS,Diabetes,M,G,20.0933333333333
ASSAYGLUCOSEBLOODQUANT,CSM,Asthma,F,E,10.96
ASSAYGLUCOSEBLOODQUANT,CSM,Diabetes,M,E,5.48
ASSAYGLUCOSEBLOODQUANT,CSM,Diabetes,F,F,5.48
ASSAYGLUCOSEBLOODQUANT,CSM,Diabetes,F,G,9.13333333333333
ASSAYGLUCOSEBLOODQUANT,CSM,Diabetes,M,G,8.22
ASSAYGLUCOSEBLOODQUANT,WFStF,Diabetes,M,F,5.48
ASSAYGLUCOSEBLOODQUANT,WFStF,Diabetes,M,G,5.48
ASSAYOFACETAMINOPHEN,CSM,Diabetes,F,E,28.28
ASSAYOFACETAMINOPHEN,CSM,Diabetes,M,G,28.28
ASSAYOFACETAMINOPHEN,WFStF,Asthma,F,G,28.28
ASSAYOFAMMONIA,WFStF,Diabetes,M,G,20.36
ASSAYOFAMYLASE,CSM,Diabetes,M,F,9.06
ASSAYOFAMYLASE,CSM,Diabetes,F,G,9.06
ASSAYOFAMYLASE,WFStF,Diabetes,F,G,9.06
ASSAYOFAMYLASE,WFStF,Diabetes,M,G,9.06
ASSAYOFBLOODOSMOLALITY,WFStF,Diabetes,M,G,9.24
ASSAYOFC-PEPTIDE,CSM,Diabetes,M,G,7.28
ASSAYOFCALCIUM,AS,Diabetes,M,C,19.09
ASSAYOFCALCIUM,AS,Diabetes,F,D,19.09
ASSAYOFCALCIUM,AS,Diabetes,F,E,57.27
ASSAYOFCALCIUM,AS,Diabetes,M,E,305.44
ASSAYOFCALCIUM,AS,Diabetes,F,F,19.09
ASSAYOFCALCIUM,AS,Diabetes,M,F,71.5875
ASSAYOFCALCIUM,AS,Diabetes,F,G,89.0866666666667
ASSAYOFCALCIUM,AS,Diabetes,M,G,70.9057142857143
ASSAYOFCALCIUM,CSM,Asthma,F,E,38.18
ASSAYOFCALCIUM,CSM,Diabetes,M,E,19.09
ASSAYOFCALCIUM,CSM,Diabetes,F,F,19.09
ASSAYOFCALCIUM,CSM,COPD,F,G,38.18
ASSAYOFCALCIUM,CSM,Diabetes,M,G,38.18
ASSAYOFCALCIUM,WFStF,COPD,F,G,19.09
ASSAYOFCK-CPK-,AS,Diabetes,F,E,9.1
ASSAYOFCK-CPK-,AS,Diabetes,F,G,9.1
ASSAYOFCK-CPK-,CSM,Asthma,M,E,18.2
ASSAYOFCK-CPK-,CSM,Diabetes,F,G,15.1666666666667
ASSAYOFCK-CPK-,CSM,Diabetes,M,G,12.74
ASSAYOFCK-CPK-,WFStF,Asthma,M,E,18.2
ASSAYOFCK-CPK-,WFStF,Asthma,F,F,9.1
ASSAYOFCK-CPK-,WFStF,Diabetes,F,G,69.7666666666667
ASSAYOFCK-CPK-,WFStF,Diabetes,M,G,24.2666666666667
ASSAYOFCREATININE,AS,Diabetes,F,E,7.16
ASSAYOFCREATININE,AS,Diabetes,M,E,7.16
ASSAYOFCREATININE,AS,Diabetes,F,G,8.592
ASSAYOFCREATININE,AS,COPD,M,G,10.74
ASSAYOFCREATININE,CSM,Asthma,F,E,14.32
ASSAYOFCREATININE,CSM,Diabetes,M,E,7.16
ASSAYOFCREATININE,CSM,Diabetes,F,F,7.16
ASSAYOFCREATININE,CSM,COPD,F,G,14.32
ASSAYOFCREATININE,CSM,Diabetes,M,G,14.32
ASSAYOFCREATININE,WFStF,Asthma,F,D,7.16
ASSAYOFDIGOXIN,AS,Diabetes,F,E,18.55
ASSAYOFDIGOXIN,AS,Asthma,F,G,37.1
ASSAYOFDIGOXIN,AS,COPD,M,G,18.55
ASSAYOFDIGOXIN,CSM,Diabetes,F,E,18.55
ASSAYOFDIGOXIN,CSM,COPD,F,G,18.55
ASSAYOFDIGOXIN,CSM,COPD,M,G,18.55
ASSAYOFDIGOXIN,WFStF,Diabetes,F,G,24.7333333333333
ASSAYOFETHANOL,AS,Asthma,M,D,15.1
ASSAYOFETHANOL,AS,COPD,F,F,15.1
ASSAYOFETHANOL,AS,Diabetes,M,F,15.1
ASSAYOFETHANOL,AS,Asthma,F,G,15.1
ASSAYOFETHANOL,AS,Diabetes,M,G,15.1
ASSAYOFETHANOL,CSM,Asthma,M,D,15.1
ASSAYOFETHANOL,CSM,Diabetes,M,E,22.65
ASSAYOFETHANOL,CSM,Asthma,M,F,15.1
ASSAYOFETHANOL,CSM,Diabetes,F,G,30.2
ASSAYOFETHANOL,CSM,Diabetes,M,G,24.16
ASSAYOFETHANOL,WFStF,Diabetes,M,F,15.1
ASSAYOFETHANOL,WFStF,Diabetes,F,G,15.1
ASSAYOFETHANOL,WFStF,Diabetes,M,G,15.1
ASSAYOFGGT,AS,COPD,F,F,10.06
ASSAYOFGGT,AS,Asthma,M,F,10.06
ASSAYOFGGT,AS,Asthma,M,G,10.06
ASSAYOFLACTICACID,AS,Diabetes,M,F,14.92
ASSAYOFLACTICACID,AS,Diabetes,F,G,14.92
ASSAYOFLACTICACID,AS,Asthma,M,G,14.92
ASSAYOFLACTICACID,CSM,Diabetes,F,E,14.92
ASSAYOFLACTICACID,CSM,Diabetes,F,G,22.38
ASSAYOFLACTICACID,WFStF,Asthma,F,G,14.92
ASSAYOFLIPASE,AS,Diabetes,F,E,9.62
ASSAYOFLIPASE,AS,Diabetes,M,E,19.24
ASSAYOFLIPASE,AS,Diabetes,M,F,9.62
ASSAYOFLIPASE,AS,Diabetes,F,G,12.025
ASSAYOFLIPASE,AS,Diabetes,M,G,12.8266666666667
ASSAYOFLIPASE,CSM,Diabetes,F,E,9.62
ASSAYOFLIPASE,CSM,Diabetes,M,F,9.62
ASSAYOFLIPASE,CSM,Diabetes,F,G,19.24
ASSAYOFLIPASE,WFStF,Diabetes,M,F,19.24
ASSAYOFLIPASE,WFStF,Diabetes,F,G,12.8266666666667
ASSAYOFLIPASE,WFStF,Diabetes,M,G,19.24
ASSAYOFLITHIUM,CSM,Asthma,M,F,9.24
ASSAYOFLITHIUM,CSM,COPD,F,G,9.24
ASSAYOFMAGNESIUM,AS,Asthma,M,D,9.36
ASSAYOFMAGNESIUM,AS,Diabetes,F,E,18.72
ASSAYOFMAGNESIUM,AS,Diabetes,M,E,9.36
ASSAYOFMAGNESIUM,AS,COPD,F,F,9.36
ASSAYOFMAGNESIUM,AS,Asthma,M,F,9.36
ASSAYOFMAGNESIUM,AS,Diabetes,F,G,14.976
ASSAYOFMAGNESIUM,AS,Diabetes,M,G,9.36
ASSAYOFMAGNESIUM,CSM,Asthma,M,E,9.36
ASSAYOFMAGNESIUM,CSM,COPD,F,F,9.36
ASSAYOFMAGNESIUM,CSM,Diabetes,M,F,9.36
ASSAYOFMAGNESIUM,CSM,Diabetes,F,G,12.48
ASSAYOFMAGNESIUM,CSM,Diabetes,M,G,9.36
ASSAYOFMAGNESIUM,WFStF,Diabetes,F,G,23.4
ASSAYOFMAGNESIUM,WFStF,Asthma,M,G,9.36
ASSAYOFMYOGLOBIN,AS,Diabetes,F,E,18.04
ASSAYOFMYOGLOBIN,AS,Diabetes,M,E,36.08
ASSAYOFMYOGLOBIN,AS,Diabetes,F,F,30.0666666666667
ASSAYOFMYOGLOBIN,AS,Diabetes,M,F,27.06
ASSAYOFMYOGLOBIN,AS,Diabetes,F,G,124.275555555556
ASSAYOFMYOGLOBIN,AS,Diabetes,M,G,74.1644444444444
ASSAYOFMYOGLOBIN,CSM,Diabetes,F,E,18.04
ASSAYOFMYOGLOBIN,CSM,Asthma,M,E,18.04
ASSAYOFMYOGLOBIN,CSM,COPD,F,F,24.0533333333333
ASSAYOFMYOGLOBIN,CSM,Asthma,M,F,27.06
ASSAYOFMYOGLOBIN,CSM,Diabetes,F,G,157.85
ASSAYOFMYOGLOBIN,CSM,Diabetes,M,G,78.925
ASSAYOFMYOGLOBIN,WFStF,Diabetes,F,G,24.0533333333333
ASSAYOFPHENYTOINTOTAL,CSM,Diabetes,F,F,18.52
ASSAYOFPHENYTOINTOTAL,CSM,Asthma,F,G,18.52
ASSAYOFPHENYTOINTOTAL,CSM,Asthma,M,G,18.52
ASSAYOFPHENYTOINTOTAL,WFStF,Asthma,M,F,18.52
ASSAYOFPHENYTOINTOTAL,WFStF,Diabetes,M,G,18.52
ASSAYOFPHOSPHORUS,AS,Diabetes,F,E,13.26
ASSAYOFPHOSPHORUS,AS,Diabetes,F,G,16.575
ASSAYOFPHOSPHORUS,AS,Diabetes,M,G,6.63
ASSAYOFPHOSPHORUS,CSM,Asthma,M,E,6.63
ASSAYOFPHOSPHORUS,CSM,Diabetes,M,F,6.63
ASSAYOFPHOSPHORUS,CSM,Diabetes,F,G,6.63
ASSAYOFPHOSPHORUS,CSM,Diabetes,M,G,6.63
ASSAYOFPHOSPHORUS,WFStF,Diabetes,F,G,14.9175
ASSAYOFPROINSULIN,CSM,Diabetes,M,G,24.89
ASSAYOFSALICYLATE,CSM,Diabetes,F,E,9.92
ASSAYOFSALICYLATE,CSM,Diabetes,M,G,9.92
ASSAYOFSALICYLATE,WFStF,Asthma,F,G,9.92
ASSAYOFSERUMALBUMIN,CSM,Diabetes,F,G,6.92
ASSAYOFSERUMPOTASSIUM,AS,Diabetes,M,C,6.42
ASSAYOFSERUMPOTASSIUM,AS,Diabetes,F,D,6.42
ASSAYOFSERUMPOTASSIUM,AS,Asthma,M,D,6.42
ASSAYOFSERUMPOTASSIUM,AS,Diabetes,F,E,19.26
ASSAYOFSERUMPOTASSIUM,AS,Diabetes,M,E,102.72
ASSAYOFSERUMPOTASSIUM,AS,Diabetes,F,F,6.42
ASSAYOFSERUMPOTASSIUM,AS,Diabetes,M,F,24.075
ASSAYOFSERUMPOTASSIUM,AS,Diabetes,F,G,29.96
ASSAYOFSERUMPOTASSIUM,AS,Diabetes,M,G,23.54
ASSAYOFSERUMPOTASSIUM,CSM,Asthma,F,E,12.84
ASSAYOFSERUMPOTASSIUM,CSM,Diabetes,M,E,6.42
ASSAYOFSERUMPOTASSIUM,CSM,Diabetes,F,F,6.42
ASSAYOFSERUMPOTASSIUM,CSM,Diabetes,M,F,6.42
ASSAYOFSERUMPOTASSIUM,CSM,Diabetes,F,G,10.7
ASSAYOFSERUMPOTASSIUM,CSM,Diabetes,M,G,12.84
ASSAYOFSERUMPOTASSIUM,WFStF,Asthma,F,G,6.42
ASSAYOFSERUMSODIUM,AS,Diabetes,M,C,6.72
ASSAYOFSERUMSODIUM,AS,Diabetes,F,D,6.72
ASSAYOFSERUMSODIUM,AS,Diabetes,F,E,20.16
ASSAYOFSERUMSODIUM,AS,Diabetes,M,E,107.52
ASSAYOFSERUMSODIUM,AS,Diabetes,F,F,6.72
ASSAYOFSERUMSODIUM,AS,Diabetes,M,F,25.2
ASSAYOFSERUMSODIUM,AS,Diabetes,F,G,31.36
ASSAYOFSERUMSODIUM,AS,Diabetes,M,G,24.64
ASSAYOFSERUMSODIUM,CSM,Asthma,F,E,13.44
ASSAYOFSERUMSODIUM,CSM,Diabetes,M,E,6.72
ASSAYOFSERUMSODIUM,CSM,Diabetes,F,F,6.72
ASSAYOFSERUMSODIUM,CSM,Diabetes,F,G,11.2
ASSAYOFSERUMSODIUM,CSM,Diabetes,M,G,13.44
ASSAYOFTHEOPHYLLINE,AS,COPD,F,G,19.77
ASSAYOFTHEOPHYLLINE,AS,Asthma,M,G,19.77
ASSAYOFTHEOPHYLLINE,CSM,COPD,F,G,29.655
ASSAYOFTHEOPHYLLINE,WFStF,COPD,F,G,19.77
ASSAYOFTROPONINQUANT,AS,Diabetes,F,E,13.75
ASSAYOFTROPONINQUANT,AS,Diabetes,M,E,27.5
ASSAYOFTROPONINQUANT,AS,Diabetes,F,F,22.9166666666667
ASSAYOFTROPONINQUANT,AS,Diabetes,M,F,20.625
ASSAYOFTROPONINQUANT,AS,Diabetes,F,G,94.7222222222222
ASSAYOFTROPONINQUANT,AS,Diabetes,M,G,56.5277777777778
ASSAYOFTROPONINQUANT,CSM,Diabetes,F,E,13.75
ASSAYOFTROPONINQUANT,CSM,Asthma,M,E,13.75
ASSAYOFTROPONINQUANT,CSM,COPD,F,F,18.3333333333333
ASSAYOFTROPONINQUANT,CSM,Asthma,M,F,20.625
ASSAYOFTROPONINQUANT,CSM,Diabetes,F,G,125.46875
ASSAYOFTROPONINQUANT,CSM,Diabetes,M,G,65.3125
ASSAYOFTROPONINQUANT,WFStF,Asthma,M,E,27.5
ASSAYOFTROPONINQUANT,WFStF,COPD,F,F,13.75
ASSAYOFTROPONINQUANT,WFStF,Diabetes,M,F,13.75
ASSAYOFTROPONINQUANT,WFStF,Diabetes,F,G,119.166666666667
ASSAYOFTROPONINQUANT,WFStF,Diabetes,M,G,36.6666666666667
ASSAYOFUREANITROGEN,CSM,Asthma,F,E,11.02
ASSAYOFUREANITROGEN,CSM,Diabetes,M,E,5.51
ASSAYOFUREANITROGEN,CSM,Diabetes,F,F,5.51
ASSAYOFUREANITROGEN,CSM,COPD,F,G,11.02
ASSAYOFUREANITROGEN,CSM,Diabetes,M,G,11.02
ASSAYOFVITAMIND,CSM,Diabetes,F,G,45.02
ASSAYTHYROIDSTIMHORMONE,AS,Diabetes,M,E,23.47
ASSAYTHYROIDSTIMHORMONE,AS,Asthma,F,F,23.47
ASSAYTHYROIDSTIMHORMONE,AS,Diabetes,F,G,23.47
ASSAYTHYROIDSTIMHORMONE,AS,Asthma,M,G,23.47
ASSAYTHYROIDSTIMHORMONE,CSM,Asthma,M,E,23.47
ASSAYTHYROIDSTIMHORMONE,CSM,Diabetes,F,F,23.47
ASSAYTHYROIDSTIMHORMONE,CSM,Diabetes,F,G,23.47
ASSAYTHYROIDSTIMHORMONE,CSM,COPD,M,G,23.47
ASSAYTHYROIDSTIMHORMONE,WFStF,Diabetes,M,F,23.47
AUDIOMETRYAIR-BONE,AS,Diabetes,F,G,26.23
AUTOMATEDPLATELETCOUNT,AS,Asthma,F,G,6.25
BLOODCULTUREFORBACTERIA,AS,Asthma,M,C,14.42
BLOODCULTUREFORBACTERIA,AS,Asthma,F,E,14.42
BLOODCULTUREFORBACTERIA,AS,Asthma,M,E,14.42
BLOODCULTUREFORBACTERIA,AS,COPD,F,F,14.42
BLOODCULTUREFORBACTERIA,AS,Diabetes,F,G,26.4366666666667
BLOODCULTUREFORBACTERIA,AS,COPD,M,G,19.2266666666667
BLOODCULTUREFORBACTERIA,CSM,Asthma,M,E,14.42
BLOODCULTUREFORBACTERIA,CSM,Diabetes,F,G,25.956
BLOODCULTUREFORBACTERIA,CSM,Diabetes,M,G,21.63
BLOODCULTUREFORBACTERIA,WFStF,Asthma,M,A,14.42
BLOODCULTUREFORBACTERIA,WFStF,Asthma,F,E,14.42
BLOODCULTUREFORBACTERIA,WFStF,Asthma,M,F,14.42
BLOODCULTUREFORBACTERIA,WFStF,Diabetes,F,G,43.26
BLOODCULTUREFORBACTERIA,WFStF,Diabetes,M,G,14.42
BLOODGASES-PHPO2-PCO2,AS,Diabetes,M,C,27.04
BLOODGASES-PHPO2-PCO2,AS,Diabetes,F,D,27.04
BLOODGASES-PHPO2-PCO2,AS,Diabetes,F,E,81.12
BLOODGASES-PHPO2-PCO2,AS,Diabetes,M,E,432.64
BLOODGASES-PHPO2-PCO2,AS,Diabetes,F,F,27.04
BLOODGASES-PHPO2-PCO2,AS,Diabetes,M,F,101.4
BLOODGASES-PHPO2-PCO2,AS,Diabetes,F,G,126.186666666667
BLOODGASES-PHPO2-PCO2,AS,Diabetes,M,G,100.434285714286
BLOODGASES-PHPO2-PCO2,WFStF,Asthma,F,D,27.04
BLOODGASES-PHPO2-PCO2,WFStF,COPD,F,G,81.12
BLOODGASES-PHPO2-PCO2,WFStF,Diabetes,M,G,27.04
BLOODGASESW-02SATURATION,AS,Diabetes,F,C,39.65
BLOODGASESW-02SATURATION,AS,Asthma,F,F,39.65
BLOODGASESW-02SATURATION,AS,Asthma,M,F,39.65
BLOODGASESW-02SATURATION,AS,Asthma,F,G,39.65
BLOODGASESW-02SATURATION,AS,Diabetes,M,G,39.65
BLOODGASESW-02SATURATION,CSM,Asthma,F,D,39.65
BLOODGASESW-02SATURATION,CSM,Diabetes,F,F,39.65
BLOODGASESW-02SATURATION,CSM,COPD,F,G,39.65
BLOODGASESW-02SATURATION,CSM,COPD,M,G,39.65
BLOODGASESW-02SATURATION,WFStF,Asthma,F,E,39.65
BLOODGASESW-02SATURATION,WFStF,Asthma,F,F,39.65
BLOODPH,CSM,Diabetes,F,E,17.745
BLOODPH,CSM,Diabetes,F,F,11.83
BLOODPH,CSM,Diabetes,M,F,11.83
BLOODPH,CSM,Diabetes,F,G,35.49
BLOODPH,CSM,Diabetes,M,G,35.49
BLOODPH,WFStF,Diabetes,M,E,11.83
BLOODPH,WFStF,Diabetes,F,F,11.83
BLOODPH,WFStF,Diabetes,M,F,11.83
BLOODPH,WFStF,Diabetes,F,G,11.83
BLOODPH,WFStF,Diabetes,M,G,23.66
BLOODTYPINGABO,AS,Diabetes,M,E,3.83
BLOODTYPINGABO,AS,Diabetes,M,F,3.83
BLOODTYPINGABO,CSM,Asthma,M,D,3.83
BLOODTYPINGABO,WFStF,COPD,F,G,3.83
BLOODTYPINGRH-D-,AS,Diabetes,M,E,3.83
BLOODTYPINGRH-D-,AS,Diabetes,M,F,3.83
BLOODTYPINGRH-D-,CSM,Asthma,M,D,3.83
BLOODTYPINGRH-D-,WFStF,COPD,F,G,3.83
BLSMEARW-DIFFWBCCOUNT,AS,Diabetes,F,F,4.81
BLSMEARW-DIFFWBCCOUNT,AS,COPD,F,G,6.41333333333333
BLSMEARW-DIFFWBCCOUNT,AS,COPD,M,G,4.81
C-REACTIVEPROTEIN,WFStF,Asthma,F,E,7.23
CATHETERIZEFORURINESPEC,CSM,COPD,M,G,3.0
CATHETERIZEFORURINESPEC,WFStF,Diabetes,F,G,3.0
CATHETERIZEFORURINESPEC,WFStF,Diabetes,M,G,3.0
CBT1STHOUR,AS,Asthma,M,B,34.09
CBT1STHOUR,AS,Asthma,F,C,34.09
CBT1STHOUR,AS,Asthma,M,C,56.8166666666667
CBT1STHOUR,AS,Asthma,F,D,102.27
CBT1STHOUR,AS,Asthma,M,D,102.27
CBT1STHOUR,AS,Asthma,F,E,102.27
CBT1STHOUR,AS,Asthma,M,E,170.45
CBT1STHOUR,AS,COPD,F,F,76.7025
CBT1STHOUR,AS,Asthma,M,F,102.27
CBT1STHOUR,AS,COPD,F,G,136.36
CBT1STHOUR,AS,COPD,M,G,177.268
CBT1STHOUR,CSM,Asthma,F,B,34.09
CBT1STHOUR,CSM,Asthma,F,C,34.09
CBT1STHOUR,CSM,Asthma,M,C,34.09
CBT1STHOUR,CSM,Asthma,F,D,68.18
CBT1STHOUR,CSM,Asthma,F,E,51.135
CBT1STHOUR,CSM,Asthma,M,E,102.27
CBT1STHOUR,CSM,Asthma,F,F,34.09
CBT1STHOUR,CSM,Asthma,M,F,34.09
CBT1STHOUR,CSM,COPD,F,G,136.36
CBT1STHOUR,CSM,COPD,M,G,76.7025
CBT1STHOUR,WFStF,Asthma,M,C,68.18
CBT1STHOUR,WFStF,Asthma,F,F,34.09
CBT1STHOUR,WFStF,Asthma,M,F,34.09
CBT1STHOUR,WFStF,COPD,F,G,51.135
CBT1STHOUR,WFStF,Asthma,M,G,34.09
CBTEACHADDLHOUR,AS,Asthma,F,C,12.71
CBTEACHADDLHOUR,AS,Asthma,M,C,12.71
CBTEACHADDLHOUR,AS,Asthma,M,D,50.84
CBTEACHADDLHOUR,AS,Asthma,F,E,50.84
CBTEACHADDLHOUR,AS,Asthma,M,E,38.13
CBTEACHADDLHOUR,AS,Asthma,F,F,38.13
CBTEACHADDLHOUR,AS,Asthma,M,F,31.775
CBTEACHADDLHOUR,AS,COPD,F,G,12.71
CBTEACHADDLHOUR,AS,Asthma,M,G,31.775
CBTEACHADDLHOUR,CSM,Asthma,F,D,12.71
CBTEACHADDLHOUR,CSM,Asthma,M,E,25.42
CBTEACHADDLHOUR,CSM,Asthma,F,G,12.71
CBTEACHADDLHOUR,WFStF,Asthma,F,D,12.71
CHESTWALLMANIPULATION,CSM,Asthma,M,G,19.7
CHESTX-RAY,AS,Asthma,F,A,40.58
CHESTX-RAY,AS,Asthma,F,B,40.58
CHESTX-RAY,AS,Asthma,M,B,121.74
CHESTX-RAY,AS,Asthma,F,C,32.2955555555556
CHESTX-RAY,AS,Diabetes,M,C,54.9866666666667
CHESTX-RAY,AS,Asthma,F,D,60.87
CHESTX-RAY,AS,Asthma,M,D,42.8126666666667
CHESTX-RAY,AS,Diabetes,F,E,59.7291666666667
CHESTX-RAY,AS,Diabetes,M,E,119.458333333333
CHESTX-RAY,AS,COPD,F,F,71.015
CHESTX-RAY,AS,Diabetes,M,F,42.4405555555556
CHESTX-RAY,AS,Diabetes,F,G,101.673958333333
CHESTX-RAY,AS,Diabetes,M,G,57.9364285714286
CHESTX-RAY,CSM,Asthma,F,B,18.0083333333333
CHESTX-RAY,CSM,Asthma,M,B,18.7688888888889
CHESTX-RAY,CSM,Asthma,M,C,26.5806666666667
CHESTX-RAY,CSM,Asthma,F,D,45.0208333333333
CHESTX-RAY,CSM,Asthma,M,D,30.435
CHESTX-RAY,CSM,Diabetes,F,E,33.784
CHESTX-RAY,CSM,Asthma,M,E,45.8222222222222
CHESTX-RAY,CSM,Diabetes,F,F,29.2766666666667
CHESTX-RAY,CSM,Asthma,M,F,38.7546666666667
CHESTX-RAY,CSM,Diabetes,F,G,151.405777777778
CHESTX-RAY,CSM,Diabetes,M,G,64.964375
CHESTX-RAY,WFStF,Asthma,F,A,20.29
CHESTX-RAY,WFStF,Asthma,M,A,20.29
CHESTX-RAY,WFStF,Asthma,F,B,33.8166666666667
CHESTX-RAY,WFStF,Asthma,M,B,59.3488888888889
CHESTX-RAY,WFStF,Asthma,F,C,33.2258333333333
CHESTX-RAY,WFStF,Asthma,M,C,59.3488888888889
CHESTX-RAY,WFStF,Asthma,F,D,20.6973333333333
CHESTX-RAY,WFStF,Asthma,M,D,30.435
CHESTX-RAY,WFStF,Asthma,F,E,54.074
CHESTX-RAY,WFStF,Diabetes,M,E,33.3955555555556
CHESTX-RAY,WFStF,COPD,F,F,54.7119047619048
CHESTX-RAY,WFStF,Diabetes,M,F,23.8426666666667
CHESTX-RAY,WFStF,Diabetes,F,G,128.741428571429
CHESTX-RAY,WFStF,Diabetes,M,G,44.7926666666667
CHLAMYDIAANTIBODY,CSM,COPD,M,G,8.12
CHLAMYDIAIGMANTIBODY,CSM,COPD,M,G,8.12
CHORIONICGONADOTROPINASSAY,WFStF,Asthma,F,D,10.49
CHYLMDTRACHDNAAMPPROBE,CSM,Asthma,M,D,49.04
CLEARANCEOFAIRWAYS,WFStF,COPD,F,G,47.51
CLOSTRIDIUMAGEIA,WFStF,Diabetes,F,G,16.76
COMPLETECBCAUTOMATED,AS,Diabetes,F,F,9.04
COMPLETECBCAUTOMATED,AS,COPD,F,G,15.0666666666667
COMPLETECBCAUTOMATED,AS,COPD,M,G,9.04
COMPLETECBCAUTOMATED,WFStF,Asthma,M,E,9.04
COMPLETECBCAUTOMATED,WFStF,Diabetes,F,G,12.0533333333333
COMPLETECBCW-AUTODIFFWBC,AS,Diabetes,F,C,16.29
COMPLETECBCW-AUTODIFFWBC,AS,Asthma,M,C,10.86
COMPLETECBCW-AUTODIFFWBC,AS,Asthma,M,D,21.72
COMPLETECBCW-AUTODIFFWBC,AS,Diabetes,F,E,24.435
COMPLETECBCW-AUTODIFFWBC,AS,Diabetes,M,E,70.59
COMPLETECBCW-AUTODIFFWBC,AS,Diabetes,F,F,14.48
COMPLETECBCW-AUTODIFFWBC,AS,Diabetes,M,F,21.72
COMPLETECBCW-AUTODIFFWBC,AS,Diabetes,F,G,66.3666666666667
COMPLETECBCW-AUTODIFFWBC,AS,Diabetes,M,G,55.6575
COMPLETECBCW-AUTODIFFWBC,CSM,Asthma,F,D,10.86
COMPLETECBCW-AUTODIFFWBC,CSM,Asthma,M,D,10.86
COMPLETECBCW-AUTODIFFWBC,CSM,Diabetes,F,E,38.01
COMPLETECBCW-AUTODIFFWBC,CSM,Asthma,M,E,54.3
COMPLETECBCW-AUTODIFFWBC,CSM,Diabetes,F,F,21.72
COMPLETECBCW-AUTODIFFWBC,CSM,Diabetes,M,F,15.204
COMPLETECBCW-AUTODIFFWBC,CSM,Diabetes,F,G,127.605
COMPLETECBCW-AUTODIFFWBC,CSM,Diabetes,M,G,55.5066666666667
COMPLETECBCW-AUTODIFFWBC,WFStF,Asthma,M,A,10.86
COMPLETECBCW-AUTODIFFWBC,WFStF,Asthma,F,C,10.86
COMPLETECBCW-AUTODIFFWBC,WFStF,Asthma,F,D,10.86
COMPLETECBCW-AUTODIFFWBC,WFStF,Diabetes,F,E,13.575
COMPLETECBCW-AUTODIFFWBC,WFStF,Diabetes,M,E,21.72
COMPLETECBCW-AUTODIFFWBC,WFStF,Diabetes,F,F,19.005
COMPLETECBCW-AUTODIFFWBC,WFStF,Diabetes,M,F,16.29
COMPLETECBCW-AUTODIFFWBC,WFStF,Diabetes,F,G,97.74
COMPLETECBCW-AUTODIFFWBC,WFStF,Diabetes,M,G,41.268
COMPREHENMETABOLICPANEL,AS,Diabetes,F,C,14.77
COMPREHENMETABOLICPANEL,AS,Asthma,M,C,14.77
COMPREHENMETABOLICPANEL,AS,Asthma,M,D,29.54
COMPREHENMETABOLICPANEL,AS,Diabetes,F,E,22.155
COMPREHENMETABOLICPANEL,AS,Diabetes,M,E,73.85
COMPREHENMETABOLICPANEL,AS,Diabetes,F,F,18.4625
COMPREHENMETABOLICPANEL,AS,Diabetes,M,F,29.54
COMPREHENMETABOLICPANEL,AS,Diabetes,F,G,75.4911111111111
COMPREHENMETABOLICPANEL,AS,Diabetes,M,G,63.3
COMPREHENMETABOLICPANEL,CSM,Diabetes,F,E,22.155
COMPREHENMETABOLICPANEL,CSM,Asthma,M,E,29.54
COMPREHENMETABOLICPANEL,CSM,Diabetes,F,F,14.77
COMPREHENMETABOLICPANEL,CSM,Diabetes,M,F,14.77
COMPREHENMETABOLICPANEL,CSM,Diabetes,F,G,55.3875
COMPREHENMETABOLICPANEL,CSM,Diabetes,M,G,39.3866666666667
COMPREHENMETABOLICPANEL,WFStF,Diabetes,M,E,14.77
COMPREHENMETABOLICPANEL,WFStF,Diabetes,M,F,22.155
COMPREHENMETABOLICPANEL,WFStF,Diabetes,F,G,55.3875
COMPREHENMETABOLICPANEL,WFStF,Diabetes,M,G,33.2325
CREATINEMBFRACTION,AS,Diabetes,F,E,8.59
CREATINEMBFRACTION,AS,Diabetes,M,E,17.18
CREATINEMBFRACTION,AS,Diabetes,F,F,14.3166666666667
CREATINEMBFRACTION,AS,Diabetes,M,F,12.885
CREATINEMBFRACTION,AS,Diabetes,F,G,58.2211111111111
CREATINEMBFRACTION,AS,Diabetes,M,G,35.3144444444444
CREATINEMBFRACTION,CSM,Diabetes,F,E,8.59
CREATINEMBFRACTION,CSM,Asthma,M,E,8.59
CREATINEMBFRACTION,CSM,COPD,F,F,11.4533333333333
CREATINEMBFRACTION,CSM,Asthma,M,F,12.885
CREATINEMBFRACTION,CSM,Diabetes,F,G,76.23625
CREATINEMBFRACTION,CSM,Diabetes,M,G,40.8025
CREATINEMBFRACTION,WFStF,Asthma,M,E,17.18
CREATINEMBFRACTION,WFStF,Asthma,F,F,8.59
CREATINEMBFRACTION,WFStF,Diabetes,F,G,65.8566666666667
CREATINEMBFRACTION,WFStF,Diabetes,M,G,22.9066666666667
CTABDOMENW-DYE,CSM,Asthma,M,G,207.166666666667
CTABDOMENW-ODYE,AS,Asthma,F,G,152.41
CTABDOMENW-ODYE,AS,Diabetes,M,G,152.41
CTABDOMENW-ODYE,CSM,Asthma,F,E,152.41
CTABDOMENW-ODYE,WFStF,COPD,F,G,152.41
CTANGIOGRAPHYCHEST,WFStF,Asthma,F,E,259.18
CTANGIOGRAPHYCHEST,WFStF,Asthma,F,F,259.18
CTANGIOGRAPHYCHEST,WFStF,COPD,F,G,388.77
CTHEAD-BRAINW-ODYE,AS,Diabetes,F,E,139.266666666667
CTHEAD-BRAINW-ODYE,AS,Asthma,M,F,139.266666666667
CTHEAD-BRAINW-ODYE,AS,Diabetes,F,G,139.266666666667
CTHEAD-BRAINW-ODYE,AS,Diabetes,M,G,139.266666666667
CTHEAD-BRAINW-ODYE,CSM,Diabetes,F,F,139.266666666667
CTHEAD-BRAINW-ODYE,CSM,Diabetes,M,F,139.266666666667
CTHEAD-BRAINW-ODYE,CSM,Diabetes,F,G,348.166666666667
CTHEAD-BRAINW-ODYE,CSM,Diabetes,M,G,278.533333333333
CTHEAD-BRAINW-ODYE,WFStF,Asthma,M,F,139.266666666667
CTHEAD-BRAINW-ODYE,WFStF,Diabetes,F,G,185.688888888889
CTHEAD-BRAINW-ODYE,WFStF,Asthma,M,G,139.266666666667
CTMAXILLOFACIALW-ODYE,CSM,Asthma,M,C,150.92
CTNECKSPINEW-ODYE,CSM,Diabetes,M,G,151.413333333333
CTPELVISW-DYE,CSM,Asthma,M,G,203.29
CTPELVISW-ODYE,AS,Asthma,F,G,149.34
CTPELVISW-ODYE,AS,Diabetes,M,G,149.34
CTPELVISW-ODYE,CSM,Asthma,F,E,149.34
CTPELVISW-ODYE,WFStF,COPD,F,G,149.34
CTTHORAXW-DYE,AS,Asthma,F,D,205.386666666667
CTTHORAXW-DYE,AS,Asthma,F,F,205.386666666667
CTTHORAXW-DYE,AS,COPD,F,G,273.848888888889
CTTHORAXW-DYE,AS,Asthma,M,G,616.16
CTTHORAXW-DYE,CSM,Asthma,F,F,205.386666666667
CTTHORAXW-DYE,CSM,COPD,F,G,342.311111111111
CTTHORAXW-DYE,WFStF,COPD,F,G,205.386666666667
CTTHORAXW-ODYE,AS,Asthma,F,G,151.413333333333
CULTUREAEROBICIDENTIFY,AS,Diabetes,F,G,11.29
CULTUREAEROBICIDENTIFY,CSM,Diabetes,F,E,11.29
CULTUREAEROBICIDENTIFY,CSM,COPD,F,G,11.29
CULTUREAEROBICIDENTIFY,CSM,Asthma,M,G,11.29
CULTUREAEROBICIDENTIFY,WFStF,Diabetes,F,G,11.29
CULTUREBACTERIAOTHER,AS,Asthma,M,D,12.03
CULTUREBACTERIAOTHER,AS,COPD,F,F,12.03
CULTUREBACTERIAOTHER,AS,COPD,M,G,12.03
CULTUREBACTERIAOTHER,CSM,Diabetes,F,E,12.03
CULTUREBACTERIAOTHER,CSM,Asthma,M,E,12.03
CULTUREBACTERIAOTHER,CSM,COPD,F,G,12.03
CULTUREBACTERIAOTHER,CSM,COPD,M,G,12.03
CULTURESCREENONLY,AS,Asthma,M,D,9.26
CULTURESCREENONLY,CSM,Asthma,F,C,9.26
CULTURESCREENONLY,CSM,Asthma,M,C,9.26
CULTURESCREENONLY,CSM,Asthma,M,D,9.26
CULTURESCREENONLY,CSM,Asthma,F,G,9.26
CULTURETYPEIMMUNOLOGIC,AS,Asthma,M,D,7.23
CULTURETYPEIMMUNOLOGIC,AS,Diabetes,F,G,7.23
DETECTAGENTNOSDNAAMP,CSM,Asthma,F,D,49.04
DETECTAGENTNOSDNAAMP,CSM,Asthma,M,F,49.04
DETECTAGENTNOSDNAAMP,WFStF,Asthma,F,E,98.08
DETECTAGNTMULTDNAAMPLI,AS,Asthma,M,D,98.07
DNA-RNADIRECTPROBE,AS,Diabetes,F,G,28.02
DRAINAGEOFSKINABSCESS,AS,Asthma,F,G,139.55
DRUGSCREENQUALITATE-MULTI,AS,Asthma,M,D,20.32
DRUGSCREENQUALITATE-MULTI,AS,Diabetes,M,E,20.32
DRUGSCREENQUALITATE-MULTI,AS,Diabetes,M,F,20.32
DRUGSCREENQUALITATE-MULTI,AS,Diabetes,F,G,30.48
DRUGSCREENQUALITATE-MULTI,AS,Diabetes,M,G,20.32
DRUGSCREENSINGLE,AS,Asthma,M,D,38.48
DRUGSCREENSINGLE,AS,COPD,F,F,19.24
DRUGSCREENSINGLE,AS,Asthma,M,F,134.68
DRUGSCREENSINGLE,AS,COPD,F,G,19.24
DRUGSCREENSINGLE,CSM,Asthma,M,D,19.24
DRUGSCREENSINGLE,CSM,Diabetes,M,E,28.86
DRUGSCREENSINGLE,CSM,Diabetes,F,F,19.24
DRUGSCREENSINGLE,CSM,Diabetes,M,F,19.24
DRUGSCREENSINGLE,CSM,Diabetes,F,G,86.58
DRUGSCREENSINGLE,CSM,Diabetes,M,G,33.67
DRUGSCREENSINGLE,WFStF,Diabetes,M,E,38.48
DRUGSCREENSINGLE,WFStF,Asthma,M,F,38.48
ECHOTRANSESOPHAGEAL,WFStF,Diabetes,M,G,194.513333333333
ELECTROCARDIOGRAMTRACING,AS,Asthma,M,D,13.07
ELECTROCARDIOGRAMTRACING,AS,Diabetes,F,E,17.4266666666667
ELECTROCARDIOGRAMTRACING,AS,Diabetes,M,E,30.4966666666667
ELECTROCARDIOGRAMTRACING,AS,Diabetes,F,F,26.14
ELECTROCARDIOGRAMTRACING,AS,Diabetes,M,F,21.7833333333333
ELECTROCARDIOGRAMTRACING,AS,Diabetes,F,G,103.107777777778
ELECTROCARDIOGRAMTRACING,AS,Diabetes,M,G,68.2544444444444
ELECTROCARDIOGRAMTRACING,CSM,Asthma,F,D,13.07
ELECTROCARDIOGRAMTRACING,CSM,Diabetes,F,E,13.07
ELECTROCARDIOGRAMTRACING,CSM,Asthma,M,E,26.14
ELECTROCARDIOGRAMTRACING,CSM,Diabetes,F,F,23.526
ELECTROCARDIOGRAMTRACING,CSM,Diabetes,M,F,22.8725
ELECTROCARDIOGRAMTRACING,CSM,Diabetes,F,G,171.54375
ELECTROCARDIOGRAMTRACING,CSM,Diabetes,M,G,75.806
ELECTROCARDIOGRAMTRACING,WFStF,Asthma,F,D,13.07
ELECTROCARDIOGRAMTRACING,WFStF,Asthma,M,D,13.07
ELECTROCARDIOGRAMTRACING,WFStF,Asthma,F,E,26.14
ELECTROCARDIOGRAMTRACING,WFStF,Diabetes,M,E,22.8725
ELECTROCARDIOGRAMTRACING,WFStF,Asthma,F,F,34.8533333333333
ELECTROCARDIOGRAMTRACING,WFStF,Diabetes,M,F,21.7833333333333
ELECTROCARDIOGRAMTRACING,WFStF,Diabetes,F,G,133.9675
ELECTROCARDIOGRAMTRACING,WFStF,Diabetes,M,G,39.21
EMERGENCYDEPTVISIT,AS,Asthma,F,A,81.05
EMERGENCYDEPTVISIT,AS,Asthma,F,B,215.584
EMERGENCYDEPTVISIT,AS,Asthma,M,B,557.396666666667
EMERGENCYDEPTVISIT,AS,Diabetes,F,C,310.545
EMERGENCYDEPTVISIT,AS,Diabetes,M,C,448.966
EMERGENCYDEPTVISIT,AS,Diabetes,F,D,603.6825
EMERGENCYDEPTVISIT,AS,Asthma,M,D,971.673333333333
EMERGENCYDEPTVISIT,AS,Diabetes,F,E,440.061176470588
EMERGENCYDEPTVISIT,AS,Diabetes,M,E,779.18
EMERGENCYDEPTVISIT,AS,Diabetes,F,F,379.686666666667
EMERGENCYDEPTVISIT,AS,Diabetes,M,F,463.311764705882
EMERGENCYDEPTVISIT,AS,Diabetes,F,G,947.9
EMERGENCYDEPTVISIT,AS,Diabetes,M,G,721.3475
EMERGENCYDEPTVISIT,CSM,Asthma,M,A,56.78
EMERGENCYDEPTVISIT,CSM,COPD,F,B,86.524
EMERGENCYDEPTVISIT,CSM,Asthma,M,B,157.84
EMERGENCYDEPTVISIT,CSM,Asthma,F,C,142.58
EMERGENCYDEPTVISIT,CSM,Asthma,M,C,320.596666666667
EMERGENCYDEPTVISIT,CSM,Asthma,F,D,269.1625
EMERGENCYDEPTVISIT,CSM,Asthma,M,D,173.811428571429
EMERGENCYDEPTVISIT,CSM,Diabetes,F,E,422.326666666667
EMERGENCYDEPTVISIT,CSM,Diabetes,M,E,306.068888888889
EMERGENCYDEPTVISIT,CSM,Diabetes,F,F,206.501111111111
EMERGENCYDEPTVISIT,CSM,Diabetes,M,F,216.388
EMERGENCYDEPTVISIT,CSM,Diabetes,F,G,1177.86769230769
EMERGENCYDEPTVISIT,CSM,Diabetes,M,G,638.445217391304
EMERGENCYDEPTVISIT,WFStF,Asthma,F,A,105.32
EMERGENCYDEPTVISIT,WFStF,Asthma,M,A,105.32
EMERGENCYDEPTVISIT,WFStF,Asthma,F,B,119.515
EMERGENCYDEPTVISIT,WFStF,Asthma,M,B,360.693333333333
EMERGENCYDEPTVISIT,WFStF,Asthma,F,C,150.654285714286
EMERGENCYDEPTVISIT,WFStF,Asthma,M,C,349.488
EMERGENCYDEPTVISIT,WFStF,Asthma,F,D,212.965
EMERGENCYDEPTVISIT,WFStF,Diabetes,M,D,85.5633333333333
EMERGENCYDEPTVISIT,WFStF,Diabetes,F,E,258.011111111111
EMERGENCYDEPTVISIT,WFStF,Diabetes,M,E,138.707272727273
EMERGENCYDEPTVISIT,WFStF,Diabetes,F,F,229.43
EMERGENCYDEPTVISIT,WFStF,Diabetes,M,F,111.136
EMERGENCYDEPTVISIT,WFStF,Diabetes,F,G,530.499285714286
EMERGENCYDEPTVISIT,WFStF,Diabetes,M,G,192.73
EVALUATEPTUSEOFINHALER,AS,Asthma,M,B,13.52
EVALUATEPTUSEOFINHALER,AS,Asthma,M,C,13.52
EVALUATEPTUSEOFINHALER,AS,Asthma,F,D,13.52
EVALUATEPTUSEOFINHALER,AS,Asthma,F,E,13.52
EVALUATEPTUSEOFINHALER,AS,Asthma,M,G,13.52
EVALUATEPTUSEOFINHALER,CSM,Asthma,F,B,13.52
EVALUATEPTUSEOFINHALER,CSM,Asthma,M,B,20.28
EVALUATEPTUSEOFINHALER,CSM,Asthma,F,C,13.52
EVALUATEPTUSEOFINHALER,CSM,Asthma,M,C,27.04
EVALUATEPTUSEOFINHALER,CSM,Asthma,F,D,13.52
EVALUATEPTUSEOFINHALER,CSM,Asthma,M,D,13.52
EVALUATEPTUSEOFINHALER,CSM,Asthma,F,E,33.8
EVALUATEPTUSEOFINHALER,CSM,Asthma,M,E,81.12
EVALUATEPTUSEOFINHALER,CSM,COPD,F,F,13.52
EVALUATEPTUSEOFINHALER,CSM,Asthma,M,F,27.04
EVALUATEPTUSEOFINHALER,CSM,COPD,F,G,54.08
EVALUATEPTUSEOFINHALER,CSM,COPD,M,G,23.66
EVALUATEPTUSEOFINHALER,WFStF,Asthma,F,B,13.52
EVALUATEPTUSEOFINHALER,WFStF,Asthma,M,B,13.52
EVALUATEPTUSEOFINHALER,WFStF,Asthma,F,C,27.04
EVALUATEPTUSEOFINHALER,WFStF,Asthma,M,C,27.04
EVALUATEPTUSEOFINHALER,WFStF,Asthma,M,D,27.04
EVALUATEPTUSEOFINHALER,WFStF,Asthma,F,E,33.8
EVALUATEPTUSEOFINHALER,WFStF,COPD,F,G,13.52
EXTREMITYSTUDY,AS,COPD,F,G,112.0
EXTREMITYSTUDY,AS,Asthma,M,G,71.5633333333333
EXTREMITYSTUDY,WFStF,COPD,F,G,112.0
FECESCULTUREBACTERIA,WFStF,Diabetes,F,G,13.18
FIBRINDEGRADATIONQUANT,AS,Asthma,F,D,11.32
FIBRINDEGRADATIONQUANT,AS,Asthma,F,F,11.32
FIBRINDEGRADATIONQUANT,AS,COPD,F,G,19.81
FIBRINDEGRADATIONQUANT,AS,Asthma,M,G,22.64
FIBRINDEGRADATIONQUANT,CSM,Asthma,F,E,22.64
FIBRINDEGRADATIONQUANT,CSM,Asthma,M,E,11.32
FIBRINDEGRADATIONQUANT,CSM,Asthma,F,F,11.32
FIBRINDEGRADATIONQUANT,CSM,Asthma,M,F,11.32
FIBRINDEGRADATIONQUANT,CSM,COPD,F,G,18.112
FIBRINDEGRADATIONQUANT,CSM,COPD,M,G,11.32
FIBRINDEGRADATIONQUANT,WFStF,Asthma,F,D,11.32
FIBRINDEGRADATIONQUANT,WFStF,Asthma,F,E,11.32
FIBRINDEGRADATIONQUANT,WFStF,Asthma,M,E,33.96
FIBRINDEGRADATIONQUANT,WFStF,Asthma,F,F,11.32
FIBRINDEGRADATIONQUANT,WFStF,COPD,F,G,31.13
FIBRINDEGRADATIONQUANT,WFStF,Asthma,M,G,11.32
FLUOROGUIDEFORVEINDEVICE,CSM,COPD,F,G,58.62
GLUCOSEBLOODTEST,AS,Diabetes,F,C,3.27
GLUCOSEBLOODTEST,AS,Diabetes,M,C,3.27
GLUCOSEBLOODTEST,AS,Diabetes,F,D,6.54
GLUCOSEBLOODTEST,AS,Diabetes,F,E,11.99
GLUCOSEBLOODTEST,AS,Diabetes,M,E,29.43
GLUCOSEBLOODTEST,AS,Diabetes,F,F,4.36
GLUCOSEBLOODTEST,AS,Diabetes,M,F,19.62
GLUCOSEBLOODTEST,AS,Diabetes,F,G,20.5542857142857
GLUCOSEBLOODTEST,AS,Diabetes,M,G,13.734
GLUCOSEBLOODTEST,CSM,Asthma,F,D,3.27
GLUCOSEBLOODTEST,CSM,Diabetes,F,E,22.89
GLUCOSEBLOODTEST,CSM,Diabetes,M,E,4.36
GLUCOSEBLOODTEST,CSM,Diabetes,F,F,8.72
GLUCOSEBLOODTEST,CSM,Diabetes,M,F,9.81
GLUCOSEBLOODTEST,CSM,Diabetes,F,G,50.685
GLUCOSEBLOODTEST,CSM,Diabetes,M,G,30.2475
GLUCOSEBLOODTEST,WFStF,Asthma,M,C,3.27
GLUCOSEBLOODTEST,WFStF,Diabetes,M,D,3.27
GLUCOSEBLOODTEST,WFStF,Diabetes,F,E,3.27
GLUCOSEBLOODTEST,WFStF,Diabetes,M,E,8.175
GLUCOSEBLOODTEST,WFStF,Diabetes,F,F,3.27
GLUCOSEBLOODTEST,WFStF,Diabetes,M,F,5.7225
GLUCOSEBLOODTEST,WFStF,Diabetes,F,G,20.02875
GLUCOSEBLOODTEST,WFStF,Diabetes,M,G,15.5325
GLYCOSYLATEDHEMOGLOBINTEST,AS,Diabetes,F,E,13.56
GLYCOSYLATEDHEMOGLOBINTEST,AS,Diabetes,M,E,13.56
GLYCOSYLATEDHEMOGLOBINTEST,AS,COPD,F,F,13.56
GLYCOSYLATEDHEMOGLOBINTEST,CSM,Asthma,M,E,13.56
GLYCOSYLATEDHEMOGLOBINTEST,CSM,Diabetes,F,G,40.68
GLYCOSYLATEDHEMOGLOBINTEST,CSM,Asthma,M,G,13.56
GLYCOSYLATEDHEMOGLOBINTEST,WFStF,Diabetes,M,F,13.56
GLYCOSYLATEDHEMOGLOBINTEST,WFStF,Diabetes,F,G,27.12
GONADOTROPIN-FSH-,WFStF,Asthma,F,F,25.97
GONADOTROPIN-LH-,WFStF,Asthma,F,F,25.88
HEMATOCRIT,AS,Diabetes,M,C,3.31
HEMATOCRIT,AS,Diabetes,F,D,3.31
HEMATOCRIT,AS,Diabetes,F,E,9.93
HEMATOCRIT,AS,Diabetes,M,E,52.96
HEMATOCRIT,AS,Diabetes,F,F,3.31
HEMATOCRIT,AS,Diabetes,M,F,12.4125
HEMATOCRIT,AS,Diabetes,F,G,15.4466666666667
HEMATOCRIT,AS,Diabetes,M,G,12.1366666666667
HEMOGLOBIN,AS,Asthma,F,G,3.31
HEPATICFUNCTIONPANEL,AS,Diabetes,F,E,11.42
HEPATICFUNCTIONPANEL,AS,Asthma,M,G,11.42
HEPATICFUNCTIONPANEL,CSM,Diabetes,F,E,11.42
HEPATICFUNCTIONPANEL,CSM,Diabetes,F,G,11.42
HEPATICFUNCTIONPANEL,CSM,Diabetes,M,G,11.42
HEPATICFUNCTIONPANEL,WFStF,Diabetes,M,F,11.42
HEPATICFUNCTIONPANEL,WFStF,COPD,F,G,11.42
HYDRATEIVINFUSIONADD-ON,AS,Diabetes,M,E,33.12
HYDRATEIVINFUSIONADD-ON,AS,Diabetes,F,G,16.56
HYDRATEIVINFUSIONADD-ON,AS,Diabetes,M,G,24.84
HYDRATEIVINFUSIONADD-ON,CSM,Diabetes,F,E,16.56
HYDRATEIVINFUSIONADD-ON,CSM,Diabetes,M,F,16.56
HYDRATEIVINFUSIONADD-ON,CSM,Diabetes,F,G,16.56
HYDRATEIVINFUSIONADD-ON,CSM,Diabetes,M,G,16.56
HYDRATEIVINFUSIONADD-ON,WFStF,Diabetes,M,E,16.56
HYDRATEIVINFUSIONADD-ON,WFStF,Asthma,F,F,16.56
HYDRATEIVINFUSIONADD-ON,WFStF,COPD,M,F,16.56
HYDRATEIVINFUSIONADD-ON,WFStF,Diabetes,F,G,27.6
HYDRATEIVINFUSIONADD-ON,WFStF,Diabetes,M,G,33.12
HYDRATIONIVINFUSIONINIT,AS,Diabetes,M,C,55.3
HYDRATIONIVINFUSIONINIT,AS,Diabetes,F,E,110.6
HYDRATIONIVINFUSIONINIT,AS,Diabetes,M,E,110.6
HYDRATIONIVINFUSIONINIT,AS,Diabetes,F,F,55.3
HYDRATIONIVINFUSIONINIT,AS,Diabetes,M,F,165.9
HYDRATIONIVINFUSIONINIT,AS,Diabetes,F,G,184.333333333333
HYDRATIONIVINFUSIONINIT,AS,Diabetes,M,G,124.425
HYDRATIONIVINFUSIONINIT,CSM,Asthma,F,D,55.3
HYDRATIONIVINFUSIONINIT,CSM,Asthma,M,D,55.3
HYDRATIONIVINFUSIONINIT,CSM,Diabetes,F,E,55.3
HYDRATIONIVINFUSIONINIT,CSM,Diabetes,M,E,55.3
HYDRATIONIVINFUSIONINIT,CSM,Diabetes,F,G,118.5
HYDRATIONIVINFUSIONINIT,CSM,Diabetes,M,G,132.72
HYDRATIONIVINFUSIONINIT,WFStF,Asthma,M,E,55.3
HYDRATIONIVINFUSIONINIT,WFStF,Asthma,F,F,55.3
HYDRATIONIVINFUSIONINIT,WFStF,Diabetes,F,G,110.6
HYDRATIONIVINFUSIONINIT,WFStF,Diabetes,M,G,110.6
IMMUNIZATIONADMIN,AS,Asthma,M,D,38.5
IMMUNIZATIONADMIN,AS,Diabetes,M,E,19.25
IMMUNIZATIONADMIN,AS,Asthma,F,F,19.25
IMMUNIZATIONADMIN,AS,Asthma,M,G,19.25
INFLUENZAASSAYW-OPTIC,AS,Asthma,M,B,16.76
INFLUENZAASSAYW-OPTIC,AS,Asthma,M,D,16.76
INFLUENZAASSAYW-OPTIC,AS,Asthma,M,E,16.76
INFLUENZAASSAYW-OPTIC,CSM,Asthma,F,C,16.76
INFLUENZAASSAYW-OPTIC,CSM,Asthma,F,D,16.76
INFLUENZAASSAYW-OPTIC,CSM,Asthma,M,E,16.76
INFLUENZAASSAYW-OPTIC,CSM,Asthma,M,F,33.52
INFLUENZAASSAYW-OPTIC,CSM,COPD,F,G,33.52
INFLUENZAASSAYW-OPTIC,CSM,COPD,M,G,16.76
INSERTBLADDERCATHCOMPLEX,CSM,Diabetes,M,G,75.21
INSERTBLADDERCATHETER,AS,Diabetes,F,G,50.74
INSERTBLADDERCATHETER,AS,Diabetes,M,G,25.37
INSERTBLADDERCATHETER,CSM,Diabetes,F,G,38.055
INSERTBLADDERCATHETER,WFStF,Diabetes,F,G,25.37
INSERTEMERGENCYAIRWAY,AS,Diabetes,F,E,98.73
INSERTIONOFCHESTTUBE,AS,Asthma,F,G,160.79
INSERTPICCCATH,CSM,COPD,F,G,86.95
INSERTTEMPBLADDERCATH,CSM,Diabetes,M,G,27.82
INSERTTEMPBLADDERCATH,WFStF,Diabetes,F,G,41.73
LEGIONPNEUMOPHILIAAGIF,CSM,Asthma,F,G,16.76
LEGIONPNEUMOPHILIAAGIF,CSM,COPD,M,G,16.76
LIPIDPANEL,AS,Diabetes,F,E,18.72
LIPIDPANEL,AS,Diabetes,M,E,18.72
LIPIDPANEL,AS,Asthma,F,G,18.72
LIPIDPANEL,CSM,Asthma,M,E,18.72
LUNGFUNCTIONTEST-MBC-MVV-,CSM,Asthma,F,D,27.94
LUNGFUNCTIONTEST-MBC-MVV-,CSM,Asthma,F,G,41.91
LUNGFUNCTIONTEST-MBC-MVV-,CSM,Asthma,M,G,13.97
LUNGV-QIMAGING,CSM,Asthma,F,E,200.633333333333
LUNGV-QIMAGING,CSM,COPD,F,G,200.633333333333
MEASUREBLOODOXYGENLEVEL,AS,Asthma,F,A,9.02
MEASUREBLOODOXYGENLEVEL,AS,Asthma,F,B,6.71
MEASUREBLOODOXYGENLEVEL,AS,Asthma,M,B,17.93
MEASUREBLOODOXYGENLEVEL,AS,Diabetes,F,C,7.84666666666667
MEASUREBLOODOXYGENLEVEL,AS,Diabetes,M,C,19.3966666666667
MEASUREBLOODOXYGENLEVEL,AS,Diabetes,F,D,11.165
MEASUREBLOODOXYGENLEVEL,AS,Asthma,M,D,20.988
MEASUREBLOODOXYGENLEVEL,AS,Diabetes,F,E,15.95
MEASUREBLOODOXYGENLEVEL,AS,Diabetes,M,E,26.8675
MEASUREBLOODOXYGENLEVEL,AS,Diabetes,F,F,9.91571428571429
MEASUREBLOODOXYGENLEVEL,AS,Diabetes,M,F,9.78
MEASUREBLOODOXYGENLEVEL,AS,Diabetes,F,G,13.57125
MEASUREBLOODOXYGENLEVEL,AS,Diabetes,M,G,17.8053333333333
METABOLICPANELIONIZEDCA,CSM,Asthma,F,D,30.51
METABOLICPANELIONIZEDCA,CSM,Diabetes,F,E,76.275
METABOLICPANELIONIZEDCA,CSM,Diabetes,M,E,45.765
METABOLICPANELIONIZEDCA,CSM,Diabetes,F,F,54.918
METABOLICPANELIONIZEDCA,CSM,Diabetes,M,F,50.85
METABOLICPANELIONIZEDCA,CSM,Diabetes,F,G,269.505
METABOLICPANELIONIZEDCA,CSM,Diabetes,M,G,110.59875
METABOLICPANELTOTALCA,AS,Asthma,F,C,23.66
METABOLICPANELTOTALCA,AS,Asthma,M,D,11.83
METABOLICPANELTOTALCA,AS,Diabetes,F,E,23.66
METABOLICPANELTOTALCA,AS,Diabetes,M,E,23.66
METABOLICPANELTOTALCA,AS,Diabetes,F,F,17.745
METABOLICPANELTOTALCA,AS,Diabetes,M,F,17.745
METABOLICPANELTOTALCA,AS,Diabetes,F,G,29.575
METABOLICPANELTOTALCA,AS,Diabetes,M,G,28.73
METABOLICPANELTOTALCA,CSM,Diabetes,F,E,17.745
METABOLICPANELTOTALCA,CSM,Asthma,M,E,11.83
METABOLICPANELTOTALCA,CSM,Asthma,F,F,11.83
METABOLICPANELTOTALCA,CSM,Asthma,M,F,11.83
METABOLICPANELTOTALCA,CSM,Diabetes,F,G,27.04
METABOLICPANELTOTALCA,CSM,Diabetes,M,G,18.928
METABOLICPANELTOTALCA,WFStF,Asthma,M,A,11.83
METABOLICPANELTOTALCA,WFStF,Asthma,F,C,11.83
METABOLICPANELTOTALCA,WFStF,Asthma,M,C,11.83
METABOLICPANELTOTALCA,WFStF,Asthma,F,D,11.83
METABOLICPANELTOTALCA,WFStF,Diabetes,F,E,14.7875
METABOLICPANELTOTALCA,WFStF,Diabetes,M,E,19.7166666666667
METABOLICPANELTOTALCA,WFStF,Diabetes,F,F,18.928
METABOLICPANELTOTALCA,WFStF,Diabetes,M,F,15.7733333333333
METABOLICPANELTOTALCA,WFStF,Diabetes,F,G,70.98
METABOLICPANELTOTALCA,WFStF,Diabetes,M,G,26.026
MICROBESUSCEPTIBLEDISK,CSM,COPD,F,G,9.63
MICROBESUSCEPTIBLEENZYME,CSM,COPD,F,G,6.64
MICROBESUSCEPTIBLEMIC,AS,Diabetes,F,G,12.08
MICROBESUSCEPTIBLEMIC,CSM,Diabetes,F,E,12.08
MICROBESUSCEPTIBLEMIC,CSM,COPD,F,G,12.08
MICROBESUSCEPTIBLEMIC,CSM,Asthma,M,G,12.08
MICROBESUSCEPTIBLEMIC,WFStF,Diabetes,F,G,24.16
MR-STAPHDNAAMPPROBE,AS,Asthma,F,F,49.04
MR-STAPHDNAAMPPROBE,AS,Diabetes,M,F,49.04
MR-STAPHDNAAMPPROBE,AS,COPD,F,G,49.04
MR-STAPHDNAAMPPROBE,AS,Asthma,M,G,49.04
MR-STAPHDNAAMPPROBE,CSM,Asthma,F,G,49.04
MYCOPLASMAANTIBODY,CSM,COPD,M,G,18.51
N-GONORRHOEAEDNAAMPPROB,CSM,Asthma,M,D,49.04
NATRIURETICPEPTIDE,AS,Diabetes,F,E,47.43
NATRIURETICPEPTIDE,AS,Diabetes,M,E,94.86
NATRIURETICPEPTIDE,AS,Diabetes,F,F,79.05
NATRIURETICPEPTIDE,AS,Diabetes,M,F,71.145
NATRIURETICPEPTIDE,AS,Diabetes,F,G,310.93
NATRIURETICPEPTIDE,AS,Diabetes,M,G,194.99
NATRIURETICPEPTIDE,CSM,Asthma,M,E,94.86
NATRIURETICPEPTIDE,CSM,Diabetes,F,F,63.24
NATRIURETICPEPTIDE,CSM,Asthma,M,F,47.43
NATRIURETICPEPTIDE,CSM,Diabetes,F,G,268.77
NATRIURETICPEPTIDE,CSM,Diabetes,M,G,158.1
NATRIURETICPEPTIDE,WFStF,Asthma,M,C,47.43
NATRIURETICPEPTIDE,WFStF,Asthma,F,F,71.145
NATRIURETICPEPTIDE,WFStF,COPD,F,G,341.496
NATRIURETICPEPTIDE,WFStF,Diabetes,M,G,79.05
OCCULTBLOODFECES,WFStF,Diabetes,F,G,4.54
OFFICE-OUTPATIENTVISITEST,CSM,Diabetes,F,G,8.04
OFFICE-OUTPATIENTVISITEST,WFStF,Asthma,F,B,40.64
OFFICE-OUTPATIENTVISITEST,WFStF,Asthma,M,B,113.035
OFFICE-OUTPATIENTVISITEST,WFStF,Asthma,F,C,36.1975
OFFICE-OUTPATIENTVISITEST,WFStF,Asthma,M,C,71.545
OFFICE-OUTPATIENTVISITEST,WFStF,Asthma,F,D,48.68
OFFICE-OUTPATIENTVISITEST,WFStF,Asthma,M,D,27.6225
OFFICE-OUTPATIENTVISITEST,WFStF,Asthma,F,E,54.95
OFFICE-OUTPATIENTVISITEST,WFStF,Asthma,M,E,40.64
OFFICE-OUTPATIENTVISITEST,WFStF,COPD,F,F,54.1866666666667
OFFICE-OUTPATIENTVISITEST,WFStF,Asthma,F,G,40.64
OTEVALUATION,AS,Diabetes,M,F,70.46
PARTICLEAGGLUTINATIONTEST,CSM,COPD,M,G,14.24
PERFUSIONLUNGIMAGE,AS,Asthma,F,F,170.563333333333
PERFUSIONLUNGIMAGE,AS,Asthma,F,G,170.563333333333
PERFUSIONLUNGIMAGE,WFStF,COPD,F,G,170.563333333333
PLACENEEDLEINVEIN,AS,Asthma,F,D,16.84
PLACENEEDLEINVEIN,AS,Asthma,M,D,16.84
PLACENEEDLEINVEIN,AS,Diabetes,F,E,8.42
PLACENEEDLEINVEIN,AS,Diabetes,M,E,16.84
PLACENEEDLEINVEIN,AS,Diabetes,F,F,11.2266666666667
PLACENEEDLEINVEIN,AS,Diabetes,M,F,16.84
PLACENEEDLEINVEIN,AS,Diabetes,F,G,32.4771428571429
PLACENEEDLEINVEIN,AS,Diabetes,M,G,25.26
POSAIRWAYPRESSURECPAP,AS,COPD,F,F,33.78
POSAIRWAYPRESSURECPAP,AS,COPD,F,G,33.78
POSAIRWAYPRESSURECPAP,AS,Asthma,M,G,33.78
POSAIRWAYPRESSURECPAP,CSM,COPD,M,G,33.78
PROTHROMBINTIME,AS,Asthma,F,G,8.235
PROTHROMBINTIME,AS,Asthma,M,G,5.49
PROTHROMBINTIME,CSM,Asthma,M,D,5.49
PROTHROMBINTIME,CSM,Diabetes,F,F,5.49
PROTHROMBINTIME,CSM,Asthma,M,F,5.49
PROTHROMBINTIME,CSM,Diabetes,F,G,11.7642857142857
PROTHROMBINTIME,CSM,Diabetes,M,G,7.84285714285714
PROTHROMBINTIME,WFStF,Asthma,M,E,10.98
PROTHROMBINTIME,WFStF,Asthma,M,F,5.49
PROTHROMBINTIME,WFStF,Diabetes,F,G,21.045
PULMONARYSTRESSTEST-SIMPLE,AS,COPD,F,G,54.4833333333333
RBCSEDRATENONAUTOMATED,WFStF,Asthma,F,E,4.96
REMOVALOFFOREIGNBODY,AS,Asthma,F,D,123.99
RETICYTE-HGBCONCENTRATE,AS,Asthma,M,G,7.8
RHYTHMECGTRACING,AS,Diabetes,F,C,5.48
RHYTHMECGTRACING,AS,Asthma,M,C,10.96
RHYTHMECGTRACING,AS,Asthma,F,D,10.96
RHYTHMECGTRACING,AS,Asthma,M,D,10.96
RHYTHMECGTRACING,AS,Diabetes,F,E,9.59
RHYTHMECGTRACING,AS,Diabetes,M,E,13.7
RHYTHMECGTRACING,AS,Diabetes,F,F,12.33
RHYTHMECGTRACING,AS,Diabetes,M,F,10.96
RHYTHMECGTRACING,AS,Diabetes,F,G,20.7022222222222
RHYTHMECGTRACING,AS,Diabetes,M,G,19.865
ROUTINEVENIPUNCTURE,AS,Diabetes,F,E,3.0
ROUTINEVENIPUNCTURE,AS,Asthma,M,F,3.0
ROUTINEVENIPUNCTURE,AS,Diabetes,F,G,6.5
ROUTINEVENIPUNCTURE,AS,Diabetes,M,G,5.14285714285714
ROUTINEVENIPUNCTURE,CSM,Diabetes,F,E,3.0
ROUTINEVENIPUNCTURE,CSM,Diabetes,F,F,3.0
ROUTINEVENIPUNCTURE,CSM,Diabetes,M,F,4.5
ROUTINEVENIPUNCTURE,CSM,Diabetes,F,G,22.0
ROUTINEVENIPUNCTURE,CSM,Diabetes,M,G,8.57142857142857
ROUTINEVENIPUNCTURE,WFStF,Asthma,M,E,3.0
ROUTINEVENIPUNCTURE,WFStF,Diabetes,F,F,5.0
ROUTINEVENIPUNCTURE,WFStF,Diabetes,M,F,4.5
ROUTINEVENIPUNCTURE,WFStF,Diabetes,F,G,18.375
ROUTINEVENIPUNCTURE,WFStF,Diabetes,M,G,8.25
SELFCAREMNGMENTTRAINING,AS,Diabetes,M,F,27.72
SHIGA-LIKETOXINAGEIA,WFStF,Diabetes,F,G,16.76
SMEARGRAMSTAIN,AS,Asthma,M,D,5.96
SMEARGRAMSTAIN,AS,COPD,F,F,5.96
SMEARGRAMSTAIN,AS,COPD,M,G,5.96
SMEARGRAMSTAIN,CSM,Diabetes,F,E,5.96
SMEARGRAMSTAIN,CSM,Asthma,M,E,5.96
SMEARGRAMSTAIN,CSM,COPD,F,G,9.93333333333333
SMEARGRAMSTAIN,CSM,COPD,M,G,5.96
STOOLCULTRBACTERIAEACH,WFStF,Diabetes,F,G,26.36
STREPAASSAYW-OPTIC,AS,Asthma,F,C,16.76
STREPAASSAYW-OPTIC,AS,Asthma,M,C,33.52
STREPAASSAYW-OPTIC,AS,Asthma,F,D,16.76
STREPAASSAYW-OPTIC,AS,Asthma,M,D,16.76
STREPAASSAYW-OPTIC,AS,Diabetes,M,E,16.76
STREPAASSAYW-OPTIC,AS,Diabetes,M,F,16.76
STREPAASSAYW-OPTIC,AS,Asthma,M,G,16.76
STREPAASSAYW-OPTIC,CSM,Asthma,F,C,16.76
STREPAASSAYW-OPTIC,CSM,Asthma,M,C,16.76
STREPAASSAYW-OPTIC,CSM,Asthma,M,D,16.76
STREPAASSAYW-OPTIC,CSM,Asthma,F,G,16.76
STREPAASSAYW-OPTIC,WFStF,Asthma,M,B,16.76
STREPAASSAYW-OPTIC,WFStF,Asthma,M,C,67.04
STREPAASSAYW-OPTIC,WFStF,Asthma,F,D,16.76
STREPAASSAYW-OPTIC,WFStF,Asthma,M,D,16.76
STREPAASSAYW-OPTIC,WFStF,Asthma,F,E,33.52
STREPAASSAYW-OPTIC,WFStF,Asthma,F,G,16.76
TESTFORACETONE-KETONES,AS,Diabetes,F,C,6.31
TESTFORACETONE-KETONES,AS,Diabetes,M,C,6.31
TESTFORACETONE-KETONES,AS,Diabetes,F,D,6.31
TESTFORACETONE-KETONES,AS,Diabetes,F,E,15.775
TESTFORACETONE-KETONES,AS,Diabetes,M,E,25.24
TESTFORACETONE-KETONES,AS,Diabetes,F,F,12.62
TESTFORACETONE-KETONES,AS,Diabetes,M,F,31.55
TESTFORACETONE-KETONES,AS,Diabetes,F,G,25.24
TESTFORACETONE-KETONES,AS,Diabetes,M,G,27.3433333333333
THER-PROPH-DGIVINFADD-ON,AS,Diabetes,M,G,21.71
THER-PROPH-DGIVINFADD-ON,CSM,Diabetes,M,G,21.71
THER-PROPH-DGIVINFADD-ON,WFStF,Asthma,F,F,21.71
THER-PROPH-DGIVINFADD-ON,WFStF,Diabetes,F,G,21.71
THER-PROPH-DGIVINFADD-ON,WFStF,Diabetes,M,G,21.71
THER-PROPH-DIAGINJIVPUSH,AS,Asthma,M,B,53.25
THER-PROPH-DIAGINJIVPUSH,AS,Asthma,M,C,53.25
THER-PROPH-DIAGINJIVPUSH,AS,Diabetes,F,E,53.25
THER-PROPH-DIAGINJIVPUSH,AS,Diabetes,M,E,53.25
THER-PROPH-DIAGINJIVPUSH,AS,Diabetes,F,F,53.25
THER-PROPH-DIAGINJIVPUSH,AS,Diabetes,M,F,133.125
THER-PROPH-DIAGINJIVPUSH,AS,Diabetes,F,G,85.2
THER-PROPH-DIAGINJIVPUSH,AS,Diabetes,M,G,133.125
THER-PROPH-DIAGINJIVPUSH,CSM,Asthma,F,D,53.25
THER-PROPH-DIAGINJIVPUSH,CSM,Asthma,M,D,53.25
THER-PROPH-DIAGINJIVPUSH,CSM,Diabetes,F,E,53.25
THER-PROPH-DIAGINJIVPUSH,CSM,Asthma,F,F,53.25
THER-PROPH-DIAGINJIVPUSH,CSM,Diabetes,F,G,98.8928571428571
THER-PROPH-DIAGINJIVPUSH,CSM,Diabetes,M,G,66.5625
THER-PROPH-DIAGINJIVPUSH,WFStF,Asthma,F,D,53.25
THER-PROPH-DIAGINJIVPUSH,WFStF,Asthma,F,E,159.75
THER-PROPH-DIAGINJIVPUSH,WFStF,Diabetes,M,E,79.875
THER-PROPH-DIAGINJIVPUSH,WFStF,Asthma,F,F,53.25
THER-PROPH-DIAGINJIVPUSH,WFStF,COPD,M,F,53.25
THER-PROPH-DIAGINJIVPUSH,WFStF,Diabetes,F,G,127.8
THER-PROPH-DIAGINJIVPUSH,WFStF,Diabetes,M,G,53.25
THER-PROPH-DIAGINJSC-IM,AS,Asthma,F,E,19.25
THER-PROPH-DIAGINJSC-IM,AS,Diabetes,M,E,19.25
THER-PROPH-DIAGINJSC-IM,AS,Diabetes,F,F,19.25
THER-PROPH-DIAGINJSC-IM,AS,Diabetes,F,G,19.25
THER-PROPH-DIAGINJSC-IM,AS,COPD,M,G,19.25
THER-PROPH-DIAGINJSC-IM,CSM,Asthma,F,D,19.25
THER-PROPH-DIAGINJSC-IM,CSM,Diabetes,F,F,19.25
THER-PROPH-DIAGINJSC-IM,CSM,Diabetes,F,G,32.0833333333333
THER-PROPH-DIAGINJSC-IM,CSM,Diabetes,M,G,19.25
THER-PROPH-DIAGINJSC-IM,WFStF,Asthma,M,B,19.25
THER-PROPH-DIAGINJSC-IM,WFStF,Diabetes,M,E,19.25
THER-PROPH-DIAGINJSC-IM,WFStF,Diabetes,F,G,33.6875
THER-PROPH-DIAGINJSC-IM,WFStF,Diabetes,M,G,19.25
THER-PROPH-DIAGIVINFINIT,AS,Asthma,M,C,67.65
THER-PROPH-DIAGIVINFINIT,AS,Diabetes,F,G,90.2
THER-PROPH-DIAGIVINFINIT,AS,Diabetes,M,G,67.65
THER-PROPH-DIAGIVINFINIT,CSM,Asthma,M,D,67.65
THER-PROPH-DIAGIVINFINIT,CSM,Diabetes,M,E,67.65
THER-PROPH-DIAGIVINFINIT,CSM,Diabetes,M,F,67.65
THER-PROPH-DIAGIVINFINIT,CSM,Diabetes,F,G,67.65
THER-PROPH-DIAGIVINFINIT,CSM,Diabetes,M,G,67.65
THER-PROPH-DIAGIVINFINIT,WFStF,Asthma,F,F,67.65
THER-PROPH-DIAGIVINFINIT,WFStF,COPD,F,G,67.65
THER-PROPH-DIAGIVINFINIT,WFStF,Diabetes,M,G,67.65
THROMBOPLASTINTIMEPARTIAL,AS,Asthma,F,G,16.76
THROMBOPLASTINTIMEPARTIAL,CSM,Asthma,M,D,8.38
THROMBOPLASTINTIMEPARTIAL,CSM,Asthma,F,F,8.38
THROMBOPLASTINTIMEPARTIAL,CSM,COPD,F,G,16.76
THROMBOPLASTINTIMEPARTIAL,CSM,Diabetes,M,G,10.056
THROMBOPLASTINTIMEPARTIAL,WFStF,Asthma,M,E,8.38
THROMBOPLASTINTIMEPARTIAL,WFStF,Asthma,M,F,8.38
THROMBOPLASTINTIMEPARTIAL,WFStF,COPD,F,G,29.33
TOTALCORTISOL,WFStF,Asthma,F,F,22.78
TTEW-ODOPPLERCOMPLETE,AS,COPD,F,G,117.213333333333
TX-PRO-DXINJNEWDRUGADDON,AS,Diabetes,M,C,23.25
TX-PRO-DXINJNEWDRUGADDON,AS,Asthma,F,E,23.25
TX-PRO-DXINJNEWDRUGADDON,AS,Diabetes,M,F,23.25
TX-PRO-DXINJNEWDRUGADDON,AS,COPD,F,G,23.25
TX-PRO-DXINJNEWDRUGADDON,AS,Diabetes,M,G,23.25
TX-PRO-DXINJNEWDRUGADDON,CSM,Diabetes,F,E,23.25
TX-PRO-DXINJNEWDRUGADDON,CSM,Diabetes,F,G,23.25
TX-PRO-DXINJNEWDRUGADDON,CSM,Diabetes,M,G,31.0
TX-PRO-DXINJNEWDRUGADDON,WFStF,Asthma,F,E,69.75
TX-PRO-DXINJNEWDRUGADDON,WFStF,Asthma,F,F,46.5
TX-PRO-DXINJNEWDRUGADDON,WFStF,COPD,M,F,23.25
TX-PRO-DXINJNEWDRUGADDON,WFStF,Diabetes,F,G,38.75
TX-PRO-DXINJNEWDRUGADDON,WFStF,Diabetes,M,G,23.25
TX-PROPH-DGADDLSEQIVINF,AS,Diabetes,M,F,35.06
TX-PROPH-DGADDLSEQIVINF,WFStF,COPD,F,G,35.06
URINALYSISAUTOW-OSCOPE,CSM,Diabetes,F,E,6.28
URINALYSISAUTOW-OSCOPE,CSM,Asthma,M,E,3.14
URINALYSISAUTOW-OSCOPE,CSM,Diabetes,M,F,4.71
URINALYSISAUTOW-OSCOPE,CSM,Diabetes,F,G,5.83142857142857
URINALYSISAUTOW-OSCOPE,CSM,Diabetes,M,G,6.28
URINALYSISAUTOW-OSCOPE,WFStF,Diabetes,F,F,3.14
URINALYSISAUTOW-SCOPE,AS,Diabetes,F,C,4.43
URINALYSISAUTOW-SCOPE,AS,Diabetes,F,E,4.43
URINALYSISAUTOW-SCOPE,AS,Diabetes,M,E,4.43
URINALYSISAUTOW-SCOPE,AS,Asthma,F,F,4.43
URINALYSISAUTOW-SCOPE,AS,Diabetes,M,F,4.43
URINALYSISAUTOW-SCOPE,AS,Diabetes,F,G,11.518
URINALYSISAUTOW-SCOPE,AS,Diabetes,M,G,8.86
URINALYSISAUTOW-SCOPE,CSM,Asthma,F,D,4.43
URINALYSISAUTOW-SCOPE,CSM,Diabetes,F,E,8.86
URINALYSISAUTOW-SCOPE,CSM,Diabetes,M,E,4.43
URINALYSISAUTOW-SCOPE,CSM,Diabetes,F,F,5.90666666666667
URINALYSISAUTOW-SCOPE,CSM,Diabetes,F,G,14.7666666666667
URINALYSISAUTOW-SCOPE,CSM,Diabetes,M,G,7.38333333333333
URINALYSISAUTOW-SCOPE,WFStF,Diabetes,F,E,4.43
URINALYSISAUTOW-SCOPE,WFStF,Diabetes,M,F,4.43
URINALYSISAUTOW-SCOPE,WFStF,Diabetes,F,G,12.5516666666667
URINALYSISAUTOW-SCOPE,WFStF,Diabetes,M,G,5.90666666666667
URINALYSISNONAUTOW-OSCOPE,AS,Asthma,F,C,3.57
URINALYSISNONAUTOW-OSCOPE,AS,Diabetes,F,D,3.57
URINALYSISNONAUTOW-OSCOPE,AS,Diabetes,F,E,4.76
URINALYSISNONAUTOW-OSCOPE,AS,Diabetes,M,E,3.57
URINALYSISNONAUTOW-OSCOPE,AS,Diabetes,M,F,3.57
URINALYSISNONAUTOW-OSCOPE,AS,Diabetes,F,G,6.426
URINALYSISNONAUTOW-OSCOPE,AS,Diabetes,M,G,5.355
URINALYSISNONAUTOW-OSCOPE,WFStF,Diabetes,M,D,3.57
URINALYSISNONAUTOW-OSCOPE,WFStF,Asthma,F,E,8.925
URINALYSISNONAUTOW-OSCOPE,WFStF,Diabetes,M,E,7.14
URINALYSISNONAUTOW-OSCOPE,WFStF,Diabetes,F,F,3.57
URINALYSISNONAUTOW-OSCOPE,WFStF,Diabetes,M,F,3.57
URINALYSISNONAUTOW-OSCOPE,WFStF,Diabetes,F,G,7.14
URINALYSISNONAUTOW-OSCOPE,WFStF,Diabetes,M,G,10.71
URINEBACTERIACULTURE,AS,Diabetes,F,G,11.31
URINEBACTERIACULTURE,WFStF,Diabetes,F,G,11.31
URINECULTURE-COLONYCOUNT,AS,Diabetes,F,G,16.92
URINECULTURE-COLONYCOUNT,AS,Diabetes,M,G,11.28
URINECULTURE-COLONYCOUNT,CSM,Asthma,M,E,11.28
URINECULTURE-COLONYCOUNT,CSM,Diabetes,F,G,11.28
URINECULTURE-COLONYCOUNT,CSM,Diabetes,M,G,11.28
URINECULTURE-COLONYCOUNT,WFStF,Diabetes,F,G,22.56
URINEPREGNANCYTEST,AS,Asthma,F,C,8.84
URINEPREGNANCYTEST,AS,Diabetes,F,D,8.84
URINEPREGNANCYTEST,AS,Diabetes,F,E,13.26
URINEPREGNANCYTEST,AS,Asthma,F,G,8.84
URINEPREGNANCYTEST,CSM,Asthma,F,D,17.68
URINEPREGNANCYTEST,CSM,Diabetes,F,E,17.68
URINEPREGNANCYTEST,CSM,Diabetes,F,F,8.84
URINEPREGNANCYTEST,CSM,Diabetes,F,G,8.84
URINEPREGNANCYTEST,WFStF,Asthma,F,D,8.84
URINEPREGNANCYTEST,WFStF,Diabetes,F,E,14.7333333333333
URINEPREGNANCYTEST,WFStF,Diabetes,F,F,8.84
URINEPREGNANCYTEST,WFStF,Diabetes,F,G,8.84
USEXAMABDOMCOMPLETE,CSM,COPD,F,G,81.7166666666667
USEXAMSCROTUM,CSM,Asthma,M,G,69.4333333333333
VENTMGMTINPATINITDAY,AS,Diabetes,F,E,80.6
VENTMGMTINPATINITDAY,AS,Asthma,M,G,80.6
VENTMGMTINPATINITDAY,CSM,COPD,M,G,80.6
VITAMIND25HYDROXY,AS,Asthma,F,F,41.36
VITAMIND25HYDROXY,AS,Asthma,F,G,82.72
VITD125-DIHYDROXY,AS,Diabetes,F,G,53.78
WITHDRAWALOFARTERIALBLOOD,AS,COPD,F,G,13.92
WITHDRAWALOFARTERIALBLOOD,CSM,Asthma,F,G,13.92
WITHDRAWALOFARTERIALBLOOD,WFStF,Asthma,F,E,13.92
WITHDRAWALOFARTERIALBLOOD,WFStF,Asthma,F,F,13.92
X-RAYEXAMKNEE4ORMORE,AS,Asthma,F,G,23.56
X-RAYEXAMKNEE4ORMORE,CSM,Diabetes,M,G,23.56
X-RAYEXAMOFABDOMEN,AS,Diabetes,M,G,24.6
X-RAYEXAMOFABDOMEN,CSM,Diabetes,F,G,16.66
X-RAYEXAMOFABDOMEN,CSM,COPD,M,G,24.6
X-RAYEXAMOFABDOMEN,WFStF,Diabetes,F,G,49.2
X-RAYEXAMOFFOOT,CSM,Diabetes,F,F,18.9733333333333
X-RAYEXAMOFFOOT,CSM,Diabetes,M,F,18.9733333333333
X-RAYEXAMOFFOOT,CSM,COPD,M,G,18.9733333333333
X-RAYEXAMOFFOREARM,AS,Diabetes,F,D,17.0866666666667
X-RAYEXAMOFHAND,CSM,Asthma,M,C,18.9733333333333
X-RAYEXAMOFHAND,CSM,Diabetes,F,G,18.9733333333333
X-RAYEXAMOFHIP,AS,Asthma,F,F,21.9066666666667
X-RAYEXAMOFHIP,AS,Asthma,F,G,21.9066666666667
X-RAYEXAMOFLOWERSPINE,AS,Diabetes,F,G,32.9
X-RAYEXAMOFLOWERSPINE,CSM,Asthma,F,F,32.9
X-RAYEXAMOFLOWERSPINE,CSM,Diabetes,F,G,32.9
X-RAYEXAMOFNECK,AS,Asthma,F,E,16.4066666666667
X-RAYEXAMOFNECK,AS,Asthma,F,G,16.4066666666667
X-RAYEXAMOFNECKSPINE,CSM,Asthma,F,F,31.9666666666667
X-RAYEXAMOFNECKSPINE,WFStF,Asthma,M,F,31.9666666666667
X-RAYEXAMOFPELVIS,CSM,COPD,M,G,16.8733333333333
X-RAYEXAMOFSHOULDER,AS,Diabetes,M,G,18.83
X-RAYEXAMOFSHOULDER,CSM,Diabetes,M,G,18.83
X-RAYEXAMOFTHIGH,AS,Asthma,F,F,18.34
X-RAYEXAMOFTHIGH,AS,Asthma,F,G,18.34
X-RAYEXAMOFTHIGH,CSM,COPD,M,G,18.34
X-RAYEXAMSERIESABDOMEN,AS,Diabetes,F,G,29.2666666666667
X-RAYEXAMSERIESABDOMEN,AS,Diabetes,M,G,29.2666666666667
X-RAYEXAMSERIESABDOMEN,CSM,Diabetes,F,G,29.2666666666667
X-RAYEXAMSERIESABDOMEN,CSM,Diabetes,M,G,29.2666666666667
