Asthma,ED_A,F,B,1,3
Asthma,ED_A,M,B,1,7
Asthma,ED_A,F,C,1,8
Asthma,ED_A,M,C,1,9
Asthma,ED_A,F,D,1,10
Asthma,ED_A,M,D,1,7
Diabetes,ED_A,M,D,1,1
Asthma,ED_A,F,E,1,17
Diabetes,ED_A,F,E,1,1
Asthma,ED_A,M,E,1,11
Diabetes,ED_A,M,E,1,2
Asthma,ED_A,F,F,1,16
COPD,ED_A,F,F,1,1
Diabetes,ED_A,F,F,1,1
Asthma,ED_A,M,F,1,2
COPD,ED_A,M,F,1,1
Diabetes,ED_A,M,F,1,5
Asthma,ED_A,F,G,1,35
COPD,ED_A,F,G,1,26
Diabetes,ED_A,F,G,1,29
Asthma,ED_A,M,G,1,11
COPD,ED_A,M,G,1,24
Diabetes,ED_A,M,G,1,18
Asthma,ED_B,F,B,1,2
COPD,ED_B,F,B,1,1
Asthma,ED_B,M,B,1,5
Asthma,ED_B,F,C,1,9
Asthma,ED_B,M,C,1,17
Asthma,ED_B,F,D,1,4
Asthma,ED_B,M,D,1,15
Asthma,ED_B,F,E,1,21
Diabetes,ED_B,F,E,1,10
Asthma,ED_B,M,E,1,17
Diabetes,ED_B,M,E,1,3
Asthma,ED_B,F,F,1,17
COPD,ED_B,F,F,1,1
Diabetes,ED_B,F,F,1,7
Asthma,ED_B,M,F,1,12
Diabetes,ED_B,M,F,1,5
Asthma,ED_B,F,G,1,68
COPD,ED_B,F,G,1,31
Diabetes,ED_B,F,G,1,59
Asthma,ED_B,M,G,1,19
COPD,ED_B,M,G,1,21
Diabetes,ED_B,M,G,1,27
Asthma,ED_C,F,B,1,6
Asthma,ED_C,M,B,1,20
Asthma,ED_C,F,C,1,11
Asthma,ED_C,M,C,1,25
Asthma,ED_C,F,D,1,21
Diabetes,ED_C,F,D,1,4
Asthma,ED_C,M,D,1,24
Asthma,ED_C,F,E,1,20
Diabetes,ED_C,F,E,1,12
Asthma,ED_C,M,E,1,17
Diabetes,ED_C,M,E,1,5
Asthma,ED_C,F,F,1,24
COPD,ED_C,F,F,1,2
Diabetes,ED_C,F,F,1,6
Asthma,ED_C,M,F,1,11
Diabetes,ED_C,M,F,1,17
Asthma,ED_C,F,G,1,47
COPD,ED_C,F,G,1,21
Diabetes,ED_C,F,G,1,39
Asthma,ED_C,M,G,1,32
COPD,ED_C,M,G,1,9
Diabetes,ED_C,M,G,1,39
Asthma,ED_A,M,B,2,2
Asthma,ED_A,M,C,2,2
Asthma,ED_A,M,D,2,1
Asthma,ED_A,F,E,2,4
Asthma,ED_A,M,E,2,1
Asthma,ED_A,F,F,2,1
Asthma,ED_A,M,F,2,1
Asthma,ED_A,F,G,2,6
COPD,ED_A,F,G,2,8
Diabetes,ED_A,F,G,2,3
Asthma,ED_A,M,G,2,2
COPD,ED_A,M,G,2,3
Diabetes,ED_A,M,G,2,2
Asthma,ED_B,F,D,2,1
Asthma,ED_B,F,E,2,3
Asthma,ED_B,M,E,2,3
Asthma,ED_B,F,F,2,2
Diabetes,ED_B,F,F,2,1
Asthma,ED_B,M,F,2,2
Asthma,ED_B,F,G,2,8
COPD,ED_B,F,G,2,4
Diabetes,ED_B,F,G,2,3
Asthma,ED_B,M,G,2,3
COPD,ED_B,M,G,2,4
Diabetes,ED_B,M,G,2,5
Asthma,ED_C,F,B,2,2
Asthma,ED_C,M,B,2,2
Asthma,ED_C,F,C,2,2
Asthma,ED_C,M,C,2,5
Asthma,ED_C,F,D,2,4
Asthma,ED_C,M,D,2,2
Diabetes,ED_C,M,D,2,1
Asthma,ED_C,F,E,2,3
Diabetes,ED_C,F,E,2,2
Asthma,ED_C,M,E,2,4
Asthma,ED_C,F,F,2,2
Diabetes,ED_C,F,F,2,1
Asthma,ED_C,M,F,2,2
Diabetes,ED_C,M,F,2,2
Asthma,ED_C,F,G,2,9
COPD,ED_C,F,G,2,3
Diabetes,ED_C,F,G,2,11
Asthma,ED_C,M,G,2,8
COPD,ED_C,M,G,2,3
Diabetes,ED_C,M,G,2,4
Asthma,ED_A,F,C,3,1
Asthma,ED_A,M,C,3,1
Asthma,ED_A,F,E,3,1
Diabetes,ED_A,M,E,3,1
Asthma,ED_A,F,G,3,2
COPD,ED_A,F,G,3,1
Asthma,ED_A,M,G,3,1
COPD,ED_A,M,G,3,3
Asthma,ED_B,F,E,3,2
Diabetes,ED_B,F,E,3,1
Asthma,ED_B,M,E,3,1
Asthma,ED_B,F,G,3,1
COPD,ED_B,F,G,3,1
Diabetes,ED_B,F,G,3,2
Asthma,ED_B,M,G,3,1
COPD,ED_B,M,G,3,1
Asthma,ED_C,M,B,3,1
Asthma,ED_C,F,C,3,1
Asthma,ED_C,M,C,3,2
Asthma,ED_C,F,D,3,1
Asthma,ED_C,M,D,3,1
Asthma,ED_C,F,E,3,3
Diabetes,ED_C,F,E,3,1
Asthma,ED_C,M,E,3,3
Asthma,ED_C,M,F,3,1
Asthma,ED_C,F,G,3,2
COPD,ED_C,F,G,3,1
Diabetes,ED_C,M,G,3,1
Asthma,ED_A,F,G,4,1
COPD,ED_A,F,G,4,1
Diabetes,ED_A,M,G,4,1
Asthma,ED_B,M,B,4,1
Asthma,ED_B,F,D,4,1
Asthma,ED_B,F,G,4,2
Diabetes,ED_B,F,G,4,1
Diabetes,ED_B,M,G,4,1
Asthma,ED_C,F,D,4,1
Asthma,ED_C,M,D,4,1
Asthma,ED_C,F,E,4,1
Asthma,ED_C,M,E,4,1
Asthma,ED_C,M,F,4,2
Asthma,ED_C,F,G,4,1
Asthma,ED_C,M,G,4,2
Asthma,ED_B,F,G,5,1
Asthma,ED_C,M,C,5,1
Asthma,ED_B,F,G,6,3
Diabetes,ED_B,M,G,6,2
Diabetes,ED_C,M,F,6,1
COPD,ED_B,F,G,7,1
Asthma,ED_C,M,E,7,1
Diabetes,ED_C,M,E,7,1
Asthma,ED_C,M,F,7,1
Asthma,ED_C,M,G,7,2
