Asthma,AS,F,B,10
Asthma,AS,M,B,12
Asthma,AS,F,C,15
Asthma,AS,M,C,37
Asthma,AS,F,D,22
Asthma,AS,M,D,14
Asthma,AS,F,E,60
Asthma,AS,M,E,16
Asthma,AS,F,F,26
Asthma,AS,M,F,24
Asthma,AS,F,G,55
Asthma,AS,M,G,29
Asthma,CSM,F,B,6
Asthma,CSM,M,B,7
Asthma,CSM,F,C,5
Asthma,CSM,M,C,19
Asthma,CSM,F,D,7
Asthma,CSM,M,D,7
Asthma,CSM,F,E,41
Asthma,CSM,M,E,12
Asthma,CSM,F,F,23
Asthma,CSM,M,F,14
Asthma,CSM,F,G,35
Asthma,CSM,M,G,6
Asthma,WFStF,F,B,21
Asthma,WFStF,M,B,12
Asthma,WFStF,F,C,14
Asthma,WFStF,M,C,29
Asthma,WFStF,F,D,11
Asthma,WFStF,M,D,12
Asthma,WFStF,F,E,35
Asthma,WFStF,M,E,8
Asthma,WFStF,F,F,16
Asthma,WFStF,M,F,9
Asthma,WFStF,F,G,14
Asthma,WFStF,M,G,9
COPD,AS,F,F,2
COPD,AS,F,G,5
COPD,AS,M,G,4
COPD,CSM,M,E,1
COPD,CSM,F,G,1
COPD,CSM,M,G,9
COPD,WFStF,M,E,1
COPD,WFStF,F,F,1
COPD,WFStF,M,F,1
COPD,WFStF,F,G,9
COPD,WFStF,M,G,8
Diabetes,AS,F,D,1
Diabetes,AS,F,E,5
Diabetes,AS,M,E,2
Diabetes,AS,F,F,12
Diabetes,AS,M,F,1
Diabetes,AS,F,G,6
Diabetes,AS,M,G,13
Diabetes,CSM,F,E,11
Diabetes,CSM,M,E,1
Diabetes,CSM,F,F,7
Diabetes,CSM,F,G,13
Diabetes,CSM,M,G,11
Diabetes,WFStF,M,C,2
Diabetes,WFStF,F,E,2
Diabetes,WFStF,M,E,1
Diabetes,WFStF,F,F,2
Diabetes,WFStF,M,F,2
Diabetes,WFStF,F,G,4
Diabetes,WFStF,M,G,3
