ACETONEASSAY,CSM,Diabetes,F,E,11.42
ACETONEASSAY,CSM,Diabetes,M,E,11.42
ACETONEASSAY,CSM,Diabetes,F,F,17.13
ACETONEASSAY,CSM,Diabetes,F,G,11.42
ACETONEASSAY,CSM,Diabetes,M,G,45.68
ACETONEASSAY,WFStF,Diabetes,M,C,11.42
ACETONEASSAY,WFStF,Diabetes,F,E,11.42
ACETONEASSAY,WFStF,Diabetes,M,E,11.42
ACETONEASSAY,WFStF,Diabetes,F,F,11.42
ACETONEASSAY,WFStF,Diabetes,F,G,11.42
AIRWAYINHALATIONTREATMENT,AS,Asthma,M,B,30.9
AIRWAYINHALATIONTREATMENT,AS,Asthma,F,C,12.36
AIRWAYINHALATIONTREATMENT,AS,Asthma,M,C,20.6
AIRWAYINHALATIONTREATMENT,AS,Asthma,F,D,24.72
AIRWAYINHALATIONTREATMENT,AS,Asthma,M,D,24.72
AIRWAYINHALATIONTREATMENT,AS,Asthma,F,E,77.25
AIRWAYINHALATIONTREATMENT,AS,Asthma,M,E,57.68
AIRWAYINHALATIONTREATMENT,AS,Asthma,F,F,41.2
AIRWAYINHALATIONTREATMENT,AS,Asthma,M,F,49.44
AIRWAYINHALATIONTREATMENT,AS,Asthma,F,G,74.16
AIRWAYINHALATIONTREATMENT,AS,COPD,M,G,53.56
AIRWAYINHALATIONTREATMENT,CSM,Asthma,F,B,24.72
AIRWAYINHALATIONTREATMENT,CSM,Asthma,M,B,24.72
AIRWAYINHALATIONTREATMENT,CSM,Asthma,F,C,16.48
AIRWAYINHALATIONTREATMENT,CSM,Asthma,M,C,78.28
AIRWAYINHALATIONTREATMENT,CSM,Asthma,F,D,24.72
AIRWAYINHALATIONTREATMENT,CSM,Asthma,M,D,18.54
AIRWAYINHALATIONTREATMENT,CSM,Asthma,F,E,163.77
AIRWAYINHALATIONTREATMENT,CSM,COPD,M,E,32.136
AIRWAYINHALATIONTREATMENT,CSM,Diabetes,F,F,66.744
AIRWAYINHALATIONTREATMENT,CSM,Asthma,M,F,64.89
AIRWAYINHALATIONTREATMENT,CSM,Diabetes,F,G,105.942857142857
AIRWAYINHALATIONTREATMENT,CSM,COPD,M,G,35.02
AIRWAYINHALATIONTREATMENT,WFStF,Asthma,F,B,78.28
AIRWAYINHALATIONTREATMENT,WFStF,Asthma,M,B,45.32
AIRWAYINHALATIONTREATMENT,WFStF,Asthma,F,C,53.56
AIRWAYINHALATIONTREATMENT,WFStF,Asthma,M,C,67.98
AIRWAYINHALATIONTREATMENT,WFStF,Asthma,F,D,43.26
AIRWAYINHALATIONTREATMENT,WFStF,Asthma,M,D,24.72
AIRWAYINHALATIONTREATMENT,WFStF,Diabetes,F,E,98.88
AIRWAYINHALATIONTREATMENT,WFStF,COPD,M,E,37.08
AIRWAYINHALATIONTREATMENT,WFStF,COPD,F,F,46.968
AIRWAYINHALATIONTREATMENT,WFStF,Asthma,M,F,28.84
AIRWAYINHALATIONTREATMENT,WFStF,COPD,F,G,37.08
AIRWAYINHALATIONTREATMENT,WFStF,COPD,M,G,37.08
ASSAYGLUCOSEBLOODQUANT,AS,Diabetes,F,E,5.48
ASSAYGLUCOSEBLOODQUANT,AS,Diabetes,F,F,5.48
ASSAYGLUCOSEBLOODQUANT,AS,Diabetes,M,F,5.48
ASSAYGLUCOSEBLOODQUANT,AS,Diabetes,F,G,10.96
ASSAYGLUCOSEBLOODQUANT,AS,Diabetes,M,G,7.672
ASSAYGLUCOSEBLOODQUANT,CSM,Diabetes,F,G,8.22
ASSAYGLUCOSEBLOODQUANT,CSM,Diabetes,M,G,8.22
ASSAYGLUCOSEBLOODQUANT,WFStF,Diabetes,F,F,5.48
ASSAYOFACETAMINOPHEN,CSM,Asthma,M,E,28.28
ASSAYOFACETAMINOPHEN,WFStF,Diabetes,M,G,28.28
ASSAYOFAMMONIA,WFStF,Diabetes,F,G,20.36
ASSAYOFAMYLASE,CSM,Diabetes,M,G,9.06
ASSAYOFBLOODCHLORIDE,AS,Asthma,F,E,6.42
ASSAYOFBLOODOSMOLALITY,WFStF,Diabetes,F,G,9.24
ASSAYOFCALCIUM,AS,Diabetes,F,E,19.09
ASSAYOFCALCIUM,AS,Diabetes,F,F,19.09
ASSAYOFCALCIUM,AS,Diabetes,M,F,19.09
ASSAYOFCALCIUM,AS,Diabetes,F,G,38.18
ASSAYOFCALCIUM,AS,Diabetes,M,G,26.726
ASSAYOFCALCIUM,CSM,Diabetes,F,G,28.635
ASSAYOFCALCIUM,CSM,Diabetes,M,G,38.18
ASSAYOFCK-CPK-,AS,Asthma,F,F,9.1
ASSAYOFCK-CPK-,CSM,Asthma,F,F,9.1
ASSAYOFCK-CPK-,CSM,Asthma,F,G,9.1
ASSAYOFCK-CPK-,CSM,COPD,M,G,9.1
ASSAYOFCK-CPK-,WFStF,Asthma,M,D,9.1
ASSAYOFCK-CPK-,WFStF,Asthma,F,F,9.1
ASSAYOFCK-CPK-,WFStF,COPD,F,G,15.925
ASSAYOFCK-CPK-,WFStF,Diabetes,M,G,12.1333333333333
ASSAYOFCREATININE,AS,Diabetes,F,E,7.16
ASSAYOFCREATININE,AS,Diabetes,M,F,7.16
ASSAYOFCREATININE,AS,COPD,M,G,14.32
ASSAYOFCREATININE,CSM,Diabetes,F,G,10.74
ASSAYOFCREATININE,CSM,Diabetes,M,G,14.32
ASSAYOFCREATININE,WFStF,Asthma,F,E,7.16
ASSAYOFDIGOXIN,CSM,COPD,M,G,18.55
ASSAYOFETHANOL,AS,Diabetes,F,F,22.65
ASSAYOFETHANOL,CSM,Asthma,M,D,15.1
ASSAYOFETHANOL,CSM,Asthma,F,E,15.1
ASSAYOFETHANOL,CSM,Asthma,M,E,30.2
ASSAYOFETHANOL,CSM,Diabetes,F,F,15.1
ASSAYOFETHANOL,CSM,Diabetes,F,G,15.1
ASSAYOFETHANOL,CSM,Diabetes,M,G,30.2
ASSAYOFETHANOL,WFStF,Diabetes,M,G,20.1333333333333
ASSAYOFFREETHYROXINE,CSM,Asthma,F,E,12.6
ASSAYOFGGT,AS,Diabetes,F,F,10.06
ASSAYOFLACTICACID,CSM,COPD,M,G,14.92
ASSAYOFLACTICACID,WFStF,Diabetes,F,G,14.92
ASSAYOFLIPASE,AS,Diabetes,F,F,9.62
ASSAYOFLIPASE,AS,COPD,M,G,9.62
ASSAYOFLIPASE,CSM,Diabetes,F,E,9.62
ASSAYOFLIPASE,CSM,Diabetes,F,F,9.62
ASSAYOFLIPASE,CSM,Diabetes,F,G,9.62
ASSAYOFLIPASE,CSM,Diabetes,M,G,14.43
ASSAYOFLIPASE,WFStF,Diabetes,M,C,9.62
ASSAYOFLIPASE,WFStF,Diabetes,F,G,9.62
ASSAYOFLIPASE,WFStF,COPD,M,G,9.62
ASSAYOFMAGNESIUM,AS,Diabetes,F,F,18.72
ASSAYOFMAGNESIUM,AS,Diabetes,M,G,9.36
ASSAYOFMAGNESIUM,CSM,Asthma,F,E,9.36
ASSAYOFMAGNESIUM,CSM,Diabetes,F,F,9.36
ASSAYOFMAGNESIUM,CSM,Asthma,F,G,18.72
ASSAYOFMAGNESIUM,CSM,Diabetes,M,G,14.04
ASSAYOFMAGNESIUM,WFStF,Diabetes,F,E,9.36
ASSAYOFMAGNESIUM,WFStF,Diabetes,M,E,18.72
ASSAYOFMYOGLOBIN,AS,Asthma,F,E,18.04
ASSAYOFMYOGLOBIN,AS,Asthma,M,E,36.08
ASSAYOFMYOGLOBIN,AS,Diabetes,F,F,24.0533333333333
ASSAYOFMYOGLOBIN,AS,Asthma,F,G,27.06
ASSAYOFMYOGLOBIN,AS,Diabetes,M,G,32.472
ASSAYOFMYOGLOBIN,CSM,Asthma,F,E,54.12
ASSAYOFMYOGLOBIN,CSM,Diabetes,F,F,30.0666666666667
ASSAYOFMYOGLOBIN,CSM,Diabetes,F,G,58.63
ASSAYOFMYOGLOBIN,CSM,Diabetes,M,G,36.08
ASSAYOFMYOGLOBIN,WFStF,Asthma,F,G,18.04
ASSAYOFMYOGLOBIN,WFStF,Diabetes,M,G,18.04
ASSAYOFPHENYTOINTOTAL,CSM,Diabetes,F,F,18.52
ASSAYOFPHENYTOINTOTAL,WFStF,Diabetes,M,G,18.52
ASSAYOFPHOSPHORUS,AS,Diabetes,F,F,6.63
ASSAYOFPHOSPHORUS,AS,Diabetes,M,G,6.63
ASSAYOFPHOSPHORUS,CSM,Asthma,F,E,6.63
ASSAYOFPHOSPHORUS,CSM,Diabetes,M,G,13.26
ASSAYOFPHOSPHORUS,WFStF,Diabetes,M,C,6.63
ASSAYOFPHOSPHORUS,WFStF,Diabetes,F,E,6.63
ASSAYOFPHOSPHORUS,WFStF,Asthma,M,E,13.26
ASSAYOFSALICYLATE,CSM,Asthma,M,E,9.92
ASSAYOFSALICYLATE,WFStF,Diabetes,M,G,9.92
ASSAYOFSERUMPOTASSIUM,AS,Diabetes,F,E,6.42
ASSAYOFSERUMPOTASSIUM,AS,Diabetes,F,F,9.63
ASSAYOFSERUMPOTASSIUM,AS,Diabetes,M,F,6.42
ASSAYOFSERUMPOTASSIUM,AS,Diabetes,F,G,12.84
ASSAYOFSERUMPOTASSIUM,AS,Diabetes,M,G,8.988
ASSAYOFSERUMPOTASSIUM,CSM,Diabetes,F,G,12.84
ASSAYOFSERUMPOTASSIUM,CSM,Diabetes,M,G,12.84
ASSAYOFSERUMSODIUM,AS,Diabetes,F,E,6.72
ASSAYOFSERUMSODIUM,AS,Diabetes,F,F,6.72
ASSAYOFSERUMSODIUM,AS,Diabetes,M,F,6.72
ASSAYOFSERUMSODIUM,AS,Diabetes,F,G,13.44
ASSAYOFSERUMSODIUM,AS,Diabetes,M,G,9.408
ASSAYOFSERUMSODIUM,CSM,Diabetes,F,G,10.08
ASSAYOFSERUMSODIUM,CSM,Diabetes,M,G,13.44
ASSAYOFTROPONINQUANT,AS,Asthma,F,E,13.75
ASSAYOFTROPONINQUANT,AS,Asthma,M,E,27.5
ASSAYOFTROPONINQUANT,AS,Diabetes,F,F,18.3333333333333
ASSAYOFTROPONINQUANT,AS,Asthma,F,G,20.625
ASSAYOFTROPONINQUANT,AS,Diabetes,M,G,24.75
ASSAYOFTROPONINQUANT,CSM,Asthma,F,E,41.25
ASSAYOFTROPONINQUANT,CSM,Diabetes,F,F,22.9166666666667
ASSAYOFTROPONINQUANT,CSM,Diabetes,F,G,44.6875
ASSAYOFTROPONINQUANT,CSM,Diabetes,M,G,29.4642857142857
ASSAYOFTROPONINQUANT,WFStF,Asthma,M,D,13.75
ASSAYOFTROPONINQUANT,WFStF,Asthma,F,F,13.75
ASSAYOFTROPONINQUANT,WFStF,COPD,F,G,24.0625
ASSAYOFTROPONINQUANT,WFStF,Diabetes,M,G,23.5714285714286
ASSAYOFUREANITROGEN,AS,Asthma,F,E,5.51
ASSAYOFUREANITROGEN,CSM,Diabetes,F,G,8.265
ASSAYOFUREANITROGEN,CSM,Diabetes,M,G,11.02
ASSAYOFURINECREATININE,CSM,Asthma,F,E,7.23
ASSAYOFURINECREATININE,CSM,Diabetes,F,F,7.23
ASSAYOFURINECREATININE,CSM,Diabetes,M,G,14.46
ASSAYOFURINESODIUM,CSM,Diabetes,M,G,13.58
ASSAYTHYROIDSTIMHORMONE,CSM,Asthma,F,E,23.47
ASSAYTHYROIDSTIMHORMONE,CSM,Asthma,F,F,23.47
BEHAVCHNGSMOKING-10MIN,CSM,Asthma,F,G,22.24
BLOODCULTUREFORBACTERIA,CSM,Asthma,M,B,14.42
BLOODCULTUREFORBACTERIA,CSM,Asthma,F,E,14.42
BLOODCULTUREFORBACTERIA,CSM,Asthma,F,G,14.42
BLOODCULTUREFORBACTERIA,CSM,COPD,M,G,14.42
BLOODCULTUREFORBACTERIA,WFStF,Asthma,M,B,14.42
BLOODCULTUREFORBACTERIA,WFStF,Asthma,M,E,14.42
BLOODCULTUREFORBACTERIA,WFStF,COPD,F,G,14.42
BLOODCULTUREFORBACTERIA,WFStF,COPD,M,G,14.42
BLOODGASES-PHPO2-PCO2,AS,Diabetes,F,E,27.04
BLOODGASES-PHPO2-PCO2,AS,Diabetes,F,F,27.04
BLOODGASES-PHPO2-PCO2,AS,Diabetes,M,F,27.04
BLOODGASES-PHPO2-PCO2,AS,Diabetes,F,G,54.08
BLOODGASES-PHPO2-PCO2,AS,Diabetes,M,G,37.856
BLOODGASES-PHPO2-PCO2,WFStF,Diabetes,F,E,27.04
BLOODGASES-PHPO2-PCO2,WFStF,COPD,M,G,27.04
BLOODGASESW-02SATURATION,CSM,Asthma,F,E,39.65
BLOODGASESW-02SATURATION,WFStF,Asthma,F,C,39.65
BLOODPH,CSM,Diabetes,F,F,11.83
BLOODPH,CSM,Diabetes,F,G,23.66
BLOODPH,CSM,Diabetes,M,G,11.83
BLOODPH,WFStF,Diabetes,M,C,11.83
BLOODPH,WFStF,Diabetes,F,E,11.83
BLOODPH,WFStF,Diabetes,F,F,11.83
BLOODPH,WFStF,Diabetes,F,G,11.83
BLOODTYPINGABO,WFStF,Asthma,M,G,3.83
BLOODTYPINGRH-D-,WFStF,Asthma,M,G,3.83
BLSMEARW-DIFFWBCCOUNT,AS,Asthma,F,B,9.62
BLSMEARW-DIFFWBCCOUNT,AS,Asthma,F,E,4.81
BLSMEARW-DIFFWBCCOUNT,CSM,Asthma,F,E,4.81
C-REACTIVEPROTEIN,CSM,Diabetes,F,F,7.23
CBT1STHOUR,AS,Asthma,F,E,68.18
CBT1STHOUR,AS,Asthma,M,E,68.18
CBT1STHOUR,AS,COPD,F,F,68.18
CBT1STHOUR,AS,Asthma,M,F,34.09
CBT1STHOUR,AS,Asthma,F,G,34.09
CBT1STHOUR,AS,COPD,M,G,34.09
CBT1STHOUR,CSM,Asthma,M,B,34.09
CBT1STHOUR,CSM,Asthma,M,C,68.18
CBT1STHOUR,CSM,Asthma,M,D,34.09
CBT1STHOUR,CSM,Asthma,F,E,102.27
CBT1STHOUR,CSM,Asthma,M,E,34.09
CBT1STHOUR,CSM,Asthma,F,F,51.135
CBT1STHOUR,CSM,Asthma,M,F,90.9066666666667
CBT1STHOUR,CSM,Asthma,F,G,119.315
CBT1STHOUR,CSM,Asthma,M,G,34.09
CBT1STHOUR,WFStF,Asthma,F,E,34.09
CBT1STHOUR,WFStF,Asthma,F,F,34.09
CBT1STHOUR,WFStF,Asthma,M,F,34.09
CBTEACHADDLHOUR,AS,Asthma,M,C,12.71
CBTEACHADDLHOUR,AS,Asthma,F,E,12.71
CBTEACHADDLHOUR,AS,Asthma,M,E,12.71
CBTEACHADDLHOUR,AS,Asthma,M,F,12.71
CBTEACHADDLHOUR,AS,Asthma,F,G,12.71
CBTEACHADDLHOUR,CSM,Asthma,M,C,12.71
CBTEACHADDLHOUR,CSM,Asthma,F,E,38.13
CBTEACHADDLHOUR,CSM,Asthma,F,F,12.71
CBTEACHADDLHOUR,CSM,Asthma,M,F,12.71
CBTEACHADDLHOUR,CSM,Asthma,F,G,12.71
CHESTX-RAY,AS,Asthma,F,B,40.58
CHESTX-RAY,AS,Asthma,M,B,40.58
CHESTX-RAY,AS,Asthma,M,C,28.1533333333333
CHESTX-RAY,AS,Asthma,F,D,20.29
CHESTX-RAY,AS,Asthma,M,D,40.58
CHESTX-RAY,AS,Diabetes,F,E,23.4353333333333
CHESTX-RAY,AS,Asthma,M,E,17.2477777777778
CHESTX-RAY,AS,Asthma,F,F,39.0588888888889
CHESTX-RAY,AS,Diabetes,M,F,20.29
CHESTX-RAY,AS,Asthma,F,G,37.5377777777778
CHESTX-RAY,AS,COPD,M,G,30.6386666666667
CHESTX-RAY,CSM,Asthma,F,B,20.29
CHESTX-RAY,CSM,Asthma,M,B,24.2216666666667
CHESTX-RAY,CSM,Asthma,F,C,20.29
CHESTX-RAY,CSM,Asthma,M,C,29.726
CHESTX-RAY,CSM,Asthma,F,D,20.29
CHESTX-RAY,CSM,Asthma,M,D,20.29
CHESTX-RAY,CSM,Asthma,F,E,47.278
CHESTX-RAY,CSM,Asthma,M,E,20.29
CHESTX-RAY,CSM,Diabetes,F,F,42.4405555555556
CHESTX-RAY,CSM,Asthma,M,F,32.085
CHESTX-RAY,CSM,Diabetes,F,G,45.7053333333333
CHESTX-RAY,CSM,Diabetes,M,G,24.9493939393939
CHESTX-RAY,WFStF,Asthma,F,B,39.4391666666667
CHESTX-RAY,WFStF,Asthma,M,B,40.58
CHESTX-RAY,WFStF,Asthma,F,C,48.4433333333333
CHESTX-RAY,WFStF,Asthma,M,C,63.6608333333333
CHESTX-RAY,WFStF,Asthma,F,D,20.29
CHESTX-RAY,WFStF,Asthma,M,D,31.5513333333333
CHESTX-RAY,WFStF,Diabetes,F,E,55.3638095238095
CHESTX-RAY,WFStF,Asthma,M,E,30.435
CHESTX-RAY,WFStF,Diabetes,F,F,35.6772222222222
CHESTX-RAY,WFStF,COPD,M,F,31.5513333333333
CHESTX-RAY,WFStF,Diabetes,F,G,30.3941666666667
CHESTX-RAY,WFStF,Diabetes,M,G,30.8266666666667
CHYLMDTRACHDNAAMPPROBE,CSM,Diabetes,F,E,49.04
CHYLMDTRACHDNAAMPPROBE,CSM,Diabetes,F,F,49.04
COMPLETECBCAUTOMATED,AS,Asthma,F,B,18.08
COMPLETECBCAUTOMATED,AS,Asthma,F,E,9.04
COMPLETECBCAUTOMATED,CSM,Asthma,F,E,9.04
COMPLETECBCW-AUTODIFFWBC,AS,Asthma,F,E,10.86
COMPLETECBCW-AUTODIFFWBC,AS,Asthma,M,E,16.29
COMPLETECBCW-AUTODIFFWBC,AS,Diabetes,F,F,21.72
COMPLETECBCW-AUTODIFFWBC,AS,Diabetes,M,F,16.29
COMPLETECBCW-AUTODIFFWBC,AS,Diabetes,F,G,16.29
COMPLETECBCW-AUTODIFFWBC,AS,Diabetes,M,G,19.548
COMPLETECBCW-AUTODIFFWBC,CSM,Asthma,M,B,21.72
COMPLETECBCW-AUTODIFFWBC,CSM,Diabetes,F,E,24.435
COMPLETECBCW-AUTODIFFWBC,CSM,Diabetes,F,F,23.892
COMPLETECBCW-AUTODIFFWBC,CSM,Asthma,M,F,21.72
COMPLETECBCW-AUTODIFFWBC,CSM,Diabetes,F,G,35.6828571428571
COMPLETECBCW-AUTODIFFWBC,CSM,Diabetes,M,G,32.58
COMPLETECBCW-AUTODIFFWBC,WFStF,Asthma,M,B,10.86
COMPLETECBCW-AUTODIFFWBC,WFStF,Asthma,F,C,10.86
COMPLETECBCW-AUTODIFFWBC,WFStF,Diabetes,M,C,10.86
COMPLETECBCW-AUTODIFFWBC,WFStF,Asthma,M,D,10.86
COMPLETECBCW-AUTODIFFWBC,WFStF,Diabetes,F,E,19.005
COMPLETECBCW-AUTODIFFWBC,WFStF,Diabetes,M,E,10.86
COMPLETECBCW-AUTODIFFWBC,WFStF,Diabetes,F,F,10.86
COMPLETECBCW-AUTODIFFWBC,WFStF,COPD,M,F,10.86
COMPLETECBCW-AUTODIFFWBC,WFStF,Diabetes,F,G,18.6171428571429
COMPLETECBCW-AUTODIFFWBC,WFStF,Diabetes,M,G,27.9257142857143
COMPREHENMETABOLICPANEL,AS,Asthma,F,E,14.77
COMPREHENMETABOLICPANEL,AS,Diabetes,F,F,22.155
COMPREHENMETABOLICPANEL,AS,Asthma,M,F,14.77
COMPREHENMETABOLICPANEL,AS,Diabetes,F,G,14.77
COMPREHENMETABOLICPANEL,AS,Diabetes,M,G,14.77
COMPREHENMETABOLICPANEL,CSM,Asthma,M,B,14.77
COMPREHENMETABOLICPANEL,CSM,Diabetes,F,E,14.77
COMPREHENMETABOLICPANEL,CSM,Diabetes,F,F,22.155
COMPREHENMETABOLICPANEL,CSM,Asthma,M,F,14.77
COMPREHENMETABOLICPANEL,CSM,Diabetes,F,G,24.6166666666667
COMPREHENMETABOLICPANEL,CSM,Diabetes,M,G,39.3866666666667
COMPREHENMETABOLICPANEL,WFStF,Diabetes,M,C,14.77
COMPREHENMETABOLICPANEL,WFStF,Asthma,M,D,14.77
COMPREHENMETABOLICPANEL,WFStF,Diabetes,F,E,14.77
COMPREHENMETABOLICPANEL,WFStF,Diabetes,M,E,14.77
COMPREHENMETABOLICPANEL,WFStF,Diabetes,F,F,14.77
COMPREHENMETABOLICPANEL,WFStF,Diabetes,F,G,14.77
COMPREHENMETABOLICPANEL,WFStF,Diabetes,M,G,22.155
COMPSCREENMAMMOGRAMADD-ON,CSM,Asthma,F,G,9.04666666666667
CREATINEMBFRACTION,AS,Asthma,F,E,8.59
CREATINEMBFRACTION,AS,Asthma,M,E,17.18
CREATINEMBFRACTION,AS,Diabetes,F,F,11.4533333333333
CREATINEMBFRACTION,AS,Asthma,F,G,12.885
CREATINEMBFRACTION,AS,Diabetes,M,G,15.462
CREATINEMBFRACTION,CSM,Asthma,F,E,25.77
CREATINEMBFRACTION,CSM,Diabetes,F,F,14.3166666666667
CREATINEMBFRACTION,CSM,Diabetes,F,G,27.9175
CREATINEMBFRACTION,CSM,Diabetes,M,G,18.4071428571429
CREATINEMBFRACTION,WFStF,Asthma,M,D,8.59
CREATINEMBFRACTION,WFStF,Asthma,F,F,8.59
CREATINEMBFRACTION,WFStF,COPD,F,G,15.0325
CREATINEMBFRACTION,WFStF,Diabetes,M,G,11.4533333333333
CTABDOMENW-DYE,CSM,Diabetes,M,G,207.166666666667
CTANGIOGRAPHYCHEST,WFStF,Asthma,F,E,259.18
CTANGIOGRAPHYCHEST,WFStF,COPD,M,F,259.18
CTANGIOGRAPHYCHEST,WFStF,Asthma,F,G,259.18
CTHEAD-BRAINW-ODYE,CSM,Diabetes,F,G,139.266666666667
CTHEAD-BRAINW-ODYE,WFStF,Asthma,F,E,139.266666666667
CTPELVISW-DYE,CSM,Diabetes,M,G,203.29
CTTHORAXW-DYE,AS,COPD,F,F,410.773333333333
CTTHORAXW-DYE,CSM,Asthma,F,G,308.08
CTTHORAXW-DYE,CSM,COPD,M,G,308.08
CULTUREAEROBICIDENTIFY,AS,Asthma,F,G,22.58
CULTUREAEROBICIDENTIFY,CSM,Asthma,F,E,11.29
CULTUREAEROBICIDENTIFY,CSM,Diabetes,F,F,22.58
CULTUREBACTERIAOTHER,AS,Asthma,F,G,24.06
CULTURESCREENONLY,CSM,Asthma,F,E,9.26
CULTURESCREENONLY,CSM,Asthma,M,E,9.26
CULTURESCREENONLY,CSM,Asthma,F,F,9.26
CULTURESCREENONLY,CSM,Asthma,F,G,9.26
CULTURETYPEIMMUNOLOGIC,AS,Asthma,F,G,14.46
DETECTAGENTNOSDNAAMP,CSM,Asthma,M,B,49.04
DRAINAGEOFSKINABSCESS,AS,Asthma,F,E,78.09
DRUGSCREENQUALITATE-MULTI,AS,Diabetes,F,F,20.32
DRUGSCREENSINGLE,AS,Diabetes,F,F,19.24
DRUGSCREENSINGLE,CSM,Asthma,M,D,19.24
DRUGSCREENSINGLE,CSM,Diabetes,F,E,19.24
DRUGSCREENSINGLE,CSM,Asthma,M,E,19.24
DRUGSCREENSINGLE,CSM,Diabetes,F,F,19.24
DRUGSCREENSINGLE,CSM,Diabetes,F,G,19.24
DRUGSCREENSINGLE,CSM,Diabetes,M,G,38.48
DRUGSCREENSINGLE,WFStF,Asthma,F,E,38.48
DRUGSCREENSINGLE,WFStF,COPD,M,F,38.48
ELECTROCARDIOGRAMTRACING,AS,Diabetes,F,E,32.675
ELECTROCARDIOGRAMTRACING,AS,Asthma,M,E,26.14
ELECTROCARDIOGRAMTRACING,AS,Diabetes,F,F,17.4266666666667
ELECTROCARDIOGRAMTRACING,AS,Asthma,F,G,39.21
ELECTROCARDIOGRAMTRACING,AS,Diabetes,M,G,23.9616666666667
ELECTROCARDIOGRAMTRACING,CSM,Diabetes,F,E,32.675
ELECTROCARDIOGRAMTRACING,CSM,Diabetes,F,F,17.4266666666667
ELECTROCARDIOGRAMTRACING,CSM,Asthma,M,F,19.605
ELECTROCARDIOGRAMTRACING,CSM,Diabetes,F,G,43.5666666666667
ELECTROCARDIOGRAMTRACING,CSM,Diabetes,M,G,24.2728571428571
ELECTROCARDIOGRAMTRACING,WFStF,Asthma,M,D,13.07
ELECTROCARDIOGRAMTRACING,WFStF,Asthma,F,E,13.07
ELECTROCARDIOGRAMTRACING,WFStF,Asthma,M,E,26.14
ELECTROCARDIOGRAMTRACING,WFStF,Diabetes,F,F,13.07
ELECTROCARDIOGRAMTRACING,WFStF,COPD,M,F,13.07
ELECTROCARDIOGRAMTRACING,WFStF,Diabetes,F,G,22.4057142857143
ELECTROCARDIOGRAMTRACING,WFStF,Diabetes,M,G,27.5922222222222
EMERGENCYDEPTVISIT,AS,Asthma,M,B,186.37
EMERGENCYDEPTVISIT,AS,Asthma,M,C,93.96
EMERGENCYDEPTVISIT,AS,Asthma,F,D,105.32
EMERGENCYDEPTVISIT,AS,Asthma,F,E,143.834285714286
EMERGENCYDEPTVISIT,AS,Asthma,M,E,273.016
EMERGENCYDEPTVISIT,AS,Diabetes,F,F,186.3675
EMERGENCYDEPTVISIT,AS,Asthma,M,F,314.6
EMERGENCYDEPTVISIT,AS,Diabetes,F,G,221.366666666667
EMERGENCYDEPTVISIT,AS,Diabetes,M,G,225.495555555556
EMERGENCYDEPTVISIT,CSM,Asthma,F,B,109.44
EMERGENCYDEPTVISIT,CSM,Asthma,M,B,105.32
EMERGENCYDEPTVISIT,CSM,Asthma,F,C,56.78
EMERGENCYDEPTVISIT,CSM,Asthma,F,D,156.96
EMERGENCYDEPTVISIT,CSM,Diabetes,F,E,128.185714285714
EMERGENCYDEPTVISIT,CSM,Asthma,M,E,241.216
EMERGENCYDEPTVISIT,CSM,Diabetes,F,F,196.188571428571
EMERGENCYDEPTVISIT,CSM,Asthma,M,F,131.14
EMERGENCYDEPTVISIT,CSM,Diabetes,F,G,210.2625
EMERGENCYDEPTVISIT,CSM,Diabetes,M,G,163.24
EMERGENCYDEPTVISIT,WFStF,Asthma,F,B,160.386666666667
EMERGENCYDEPTVISIT,WFStF,Asthma,M,B,112.865
EMERGENCYDEPTVISIT,WFStF,Asthma,M,C,113.56
EMERGENCYDEPTVISIT,WFStF,Asthma,F,D,160.305
EMERGENCYDEPTVISIT,WFStF,Asthma,M,D,175.886666666667
EMERGENCYDEPTVISIT,WFStF,Diabetes,F,E,164.926666666667
EMERGENCYDEPTVISIT,WFStF,Asthma,F,F,132.425
EMERGENCYDEPTVISIT,WFStF,Diabetes,M,F,74.3333333333333
EMERGENCYDEPTVISIT,WFStF,COPD,F,G,150.066666666667
EMERGENCYDEPTVISIT,WFStF,Diabetes,M,G,233.074285714286
EVALUATEPTUSEOFINHALER,CSM,Asthma,M,B,13.52
EVALUATEPTUSEOFINHALER,CSM,Asthma,F,C,13.52
EVALUATEPTUSEOFINHALER,CSM,Asthma,M,C,18.0266666666667
EVALUATEPTUSEOFINHALER,CSM,Asthma,F,D,13.52
EVALUATEPTUSEOFINHALER,CSM,Asthma,F,E,33.8
EVALUATEPTUSEOFINHALER,CSM,Asthma,M,E,13.52
EVALUATEPTUSEOFINHALER,CSM,Asthma,F,F,13.52
EVALUATEPTUSEOFINHALER,CSM,Asthma,M,F,27.04
EVALUATEPTUSEOFINHALER,CSM,Asthma,F,G,27.04
EVALUATEPTUSEOFINHALER,CSM,COPD,M,G,13.52
EVALUATEPTUSEOFINHALER,WFStF,Asthma,M,B,27.04
EVALUATEPTUSEOFINHALER,WFStF,Asthma,M,D,13.52
EXTREMITYSTUDY,CSM,Asthma,F,G,71.5633333333333
EXTREMITYSTUDY,WFStF,Asthma,F,E,71.5633333333333
FIBRINDEGRADATIONQUANT,AS,Asthma,F,E,11.32
FIBRINDEGRADATIONQUANT,AS,Asthma,F,F,11.32
FIBRINDEGRADATIONQUANT,AS,Asthma,M,G,11.32
FIBRINDEGRADATIONQUANT,CSM,Asthma,F,E,22.64
FIBRINDEGRADATIONQUANT,CSM,Asthma,F,G,33.96
FIBRINDEGRADATIONQUANT,CSM,COPD,M,G,16.98
FIBRINDEGRADATIONQUANT,WFStF,Asthma,M,D,11.32
FIBRINDEGRADATIONQUANT,WFStF,Asthma,F,E,22.64
FIBRINDEGRADATIONQUANT,WFStF,Asthma,M,E,11.32
FIBRINDEGRADATIONQUANT,WFStF,Asthma,F,F,11.32
FIBRINDEGRADATIONQUANT,WFStF,COPD,M,F,15.0933333333333
FIBRINDEGRADATIONQUANT,WFStF,COPD,F,G,11.32
FLUOROGUIDEFORVEINDEVICE,CSM,Diabetes,F,G,58.62
FREEASSAY-FT-3-,CSM,Asthma,F,E,16.51
GAITTRAININGTHERAPY,AS,COPD,M,G,22.67
GLUCOSEBLOODTEST,AS,Diabetes,F,E,3.27
GLUCOSEBLOODTEST,AS,Diabetes,F,F,6.54
GLUCOSEBLOODTEST,AS,Diabetes,M,F,6.54
GLUCOSEBLOODTEST,AS,Diabetes,F,G,3.27
GLUCOSEBLOODTEST,AS,Diabetes,M,G,4.36
GLUCOSEBLOODTEST,CSM,Asthma,M,C,3.27
GLUCOSEBLOODTEST,CSM,Diabetes,F,E,9.265
GLUCOSEBLOODTEST,CSM,Diabetes,M,E,3.27
GLUCOSEBLOODTEST,CSM,Diabetes,F,F,8.9925
GLUCOSEBLOODTEST,CSM,Asthma,M,F,3.27
GLUCOSEBLOODTEST,CSM,Diabetes,F,G,11.772
GLUCOSEBLOODTEST,CSM,Diabetes,M,G,16.35
GLUCOSEBLOODTEST,WFStF,Diabetes,M,C,3.27
GLUCOSEBLOODTEST,WFStF,Diabetes,F,E,3.27
GLUCOSEBLOODTEST,WFStF,Diabetes,M,E,3.27
GLUCOSEBLOODTEST,WFStF,Diabetes,F,F,3.27
GLUCOSEBLOODTEST,WFStF,Diabetes,M,F,3.27
GLUCOSEBLOODTEST,WFStF,Diabetes,F,G,5.45
GLUCOSEBLOODTEST,WFStF,Diabetes,M,G,4.905
GLYCOSYLATEDHEMOGLOBINTEST,AS,Diabetes,F,G,13.56
GLYCOSYLATEDHEMOGLOBINTEST,CSM,Diabetes,F,F,13.56
GLYCOSYLATEDHEMOGLOBINTEST,CSM,Diabetes,F,G,13.56
GLYCOSYLATEDHEMOGLOBINTEST,CSM,Diabetes,M,G,27.12
GLYCOSYLATEDHEMOGLOBINTEST,WFStF,Diabetes,M,E,13.56
GLYCOSYLATEDHEMOGLOBINTEST,WFStF,Diabetes,F,G,13.56
HEMATOCRIT,AS,Diabetes,F,E,3.31
HEMATOCRIT,AS,Diabetes,F,F,3.31
HEMATOCRIT,AS,Diabetes,M,F,3.31
HEMATOCRIT,AS,Diabetes,F,G,6.62
HEMATOCRIT,AS,Diabetes,M,G,4.634
HEPATICFUNCTIONPANEL,WFStF,Asthma,M,G,11.42
HIV-1-HIV-2SINGLEASSAY,CSM,Diabetes,F,F,19.17
HIV-1-HIV-2SINGLEASSAY,CSM,Diabetes,M,G,38.34
HSVDNAAMPPROBE,CSM,Diabetes,F,E,49.04
HYDRATEIVINFUSIONADD-ON,AS,Diabetes,M,G,16.56
HYDRATEIVINFUSIONADD-ON,WFStF,Asthma,F,C,16.56
HYDRATEIVINFUSIONADD-ON,WFStF,Diabetes,F,G,16.56
HYDRATIONIVINFUSIONINIT,AS,Diabetes,M,G,55.3
HYDRATIONIVINFUSIONINIT,CSM,Diabetes,F,E,55.3
HYDRATIONIVINFUSIONINIT,CSM,Diabetes,F,F,55.3
INFLUENZAASSAYW-OPTIC,CSM,COPD,M,G,16.76
INFLUENZAVIRUSANTIBODY,WFStF,Asthma,M,E,37.88
INSERTBLADDERCATHETER,AS,Asthma,M,D,50.74
INSERTPICCCATH,CSM,Diabetes,F,G,86.95
LACTATE-LD--LDH-ENZYME,CSM,Asthma,F,F,8.44
LUNGFUNCTIONTEST-MBC-MVV-,CSM,Asthma,F,E,41.91
MAMMOGRAMSCREENING,CSM,Asthma,F,G,51.3533333333333
MEASUREBLOODOXYGENLEVEL,AS,Asthma,F,B,4.4
MEASUREBLOODOXYGENLEVEL,AS,Asthma,M,B,5.61
MEASUREBLOODOXYGENLEVEL,AS,Asthma,M,C,3.355
MEASUREBLOODOXYGENLEVEL,AS,Asthma,F,D,5.20666666666667
MEASUREBLOODOXYGENLEVEL,AS,Asthma,M,D,3.3
MEASUREBLOODOXYGENLEVEL,AS,Asthma,F,E,8.3875
MEASUREBLOODOXYGENLEVEL,AS,Asthma,M,E,10.12
MEASUREBLOODOXYGENLEVEL,AS,COPD,F,F,6.754
MEASUREBLOODOXYGENLEVEL,AS,Asthma,M,F,3.74
MEASUREBLOODOXYGENLEVEL,AS,Asthma,F,G,9.416
MEASUREBLOODOXYGENLEVEL,AS,Diabetes,M,G,6.72833333333333
METABOLICPANELIONIZEDCA,CSM,Asthma,M,B,30.51
METABOLICPANELIONIZEDCA,CSM,Diabetes,F,E,61.02
METABOLICPANELIONIZEDCA,CSM,Diabetes,F,F,30.51
METABOLICPANELIONIZEDCA,CSM,Asthma,M,F,45.765
METABOLICPANELIONIZEDCA,CSM,Diabetes,F,G,91.53
METABOLICPANELIONIZEDCA,CSM,COPD,M,G,76.275
METABOLICPANELTOTALCA,AS,Asthma,F,B,23.66
METABOLICPANELTOTALCA,AS,Asthma,F,E,11.83
METABOLICPANELTOTALCA,AS,Asthma,M,E,11.83
METABOLICPANELTOTALCA,AS,Diabetes,F,F,11.83
METABOLICPANELTOTALCA,AS,Asthma,M,F,11.83
METABOLICPANELTOTALCA,AS,Diabetes,F,G,11.83
METABOLICPANELTOTALCA,AS,Diabetes,M,G,17.745
METABOLICPANELTOTALCA,CSM,Asthma,F,E,35.49
METABOLICPANELTOTALCA,CSM,Diabetes,M,E,11.83
METABOLICPANELTOTALCA,CSM,Diabetes,F,F,11.83
METABOLICPANELTOTALCA,CSM,Asthma,M,F,35.49
METABOLICPANELTOTALCA,CSM,Diabetes,F,G,17.745
METABOLICPANELTOTALCA,CSM,Diabetes,M,G,23.66
METABOLICPANELTOTALCA,WFStF,Asthma,M,B,11.83
METABOLICPANELTOTALCA,WFStF,Asthma,F,C,11.83
METABOLICPANELTOTALCA,WFStF,Diabetes,M,C,11.83
METABOLICPANELTOTALCA,WFStF,Asthma,F,E,23.66
METABOLICPANELTOTALCA,WFStF,Diabetes,M,E,17.745
METABOLICPANELTOTALCA,WFStF,Asthma,F,F,11.83
METABOLICPANELTOTALCA,WFStF,COPD,M,F,11.83
METABOLICPANELTOTALCA,WFStF,Diabetes,F,G,17.745
METABOLICPANELTOTALCA,WFStF,COPD,M,G,17.745
MICROALBUMINQUANTITATIVE,CSM,Asthma,F,E,8.09
MICROALBUMINQUANTITATIVE,CSM,Diabetes,F,F,8.09
MICROBESUSCEPTIBLEMIC,AS,Asthma,F,G,24.16
MICROBESUSCEPTIBLEMIC,CSM,Asthma,F,E,12.08
MICROBESUSCEPTIBLEMIC,CSM,Diabetes,F,F,12.08
MR-STAPHDNAAMPPROBE,AS,Asthma,M,F,49.04
MR-STAPHDNAAMPPROBE,AS,COPD,M,G,49.04
MRIBRAINW-O-W-DYE,WFStF,Diabetes,F,G,388.393333333333
N-GONORRHOEAEDNAAMPPROB,CSM,Diabetes,F,E,49.04
N-GONORRHOEAEDNAAMPPROB,CSM,Diabetes,F,F,49.04
NATRIURETICPEPTIDE,AS,Asthma,F,E,47.43
NATRIURETICPEPTIDE,AS,Asthma,M,E,94.86
NATRIURETICPEPTIDE,AS,Diabetes,F,F,63.24
NATRIURETICPEPTIDE,AS,Asthma,F,G,71.145
NATRIURETICPEPTIDE,AS,Diabetes,M,G,85.374
NATRIURETICPEPTIDE,CSM,Asthma,M,F,47.43
NATRIURETICPEPTIDE,CSM,Diabetes,F,G,71.145
NATRIURETICPEPTIDE,CSM,COPD,M,G,106.7175
NATRIURETICPEPTIDE,WFStF,Asthma,M,D,47.43
NATRIURETICPEPTIDE,WFStF,Asthma,F,F,47.43
NATRIURETICPEPTIDE,WFStF,COPD,F,G,63.24
NATRIURETICPEPTIDE,WFStF,COPD,M,G,66.402
OCCULTBLOODOTHERSOURCES,WFStF,Asthma,M,G,4.54
OFFICE-OUTPATIENTVISITEST,WFStF,Asthma,F,B,34.7166666666667
OFFICE-OUTPATIENTVISITEST,WFStF,Asthma,M,B,40.64
OFFICE-OUTPATIENTVISITEST,WFStF,Asthma,M,C,61.81
OFFICE-OUTPATIENTVISITEST,WFStF,Asthma,M,D,21.17
OFFICE-OUTPATIENTVISITEST,WFStF,Asthma,F,E,40.64
OFFICE-OUTPATIENTVISITEST,WFStF,Diabetes,M,F,8.04
OFFICE-OUTPATIENTVISITEST,WFStF,COPD,M,G,71.545
PERFUSIONLUNGIMAGE,AS,COPD,M,G,341.126666666667
PLACENEEDLEINVEIN,AS,Asthma,F,D,8.42
PLACENEEDLEINVEIN,AS,Asthma,M,D,16.84
PLACENEEDLEINVEIN,AS,Asthma,F,E,25.26
PLACENEEDLEINVEIN,AS,Asthma,M,E,25.26
PLACENEEDLEINVEIN,AS,Asthma,F,F,16.84
PLACENEEDLEINVEIN,AS,Asthma,F,G,16.84
PLACENEEDLEINVEIN,AS,COPD,M,G,11.788
PROTHROMBINTIME,AS,COPD,M,G,16.47
PROTHROMBINTIME,CSM,Asthma,F,E,5.49
PROTHROMBINTIME,CSM,Asthma,F,G,5.49
PROTHROMBINTIME,CSM,COPD,M,G,8.235
PROTHROMBINTIME,WFStF,Diabetes,F,F,5.49
PROTHROMBINTIME,WFStF,COPD,F,G,5.49
PTEVALUATION,AS,COPD,M,G,66.03
PTEVALUATION,CSM,Asthma,F,G,66.03
RBCSEDRATENONAUTOMATED,CSM,Diabetes,F,F,4.96
RBCSEDRATENONAUTOMATED,CSM,Asthma,F,G,4.96
RHYTHMECGTRACING,AS,Asthma,F,E,10.96
RHYTHMECGTRACING,AS,Asthma,M,E,10.96
RHYTHMECGTRACING,AS,Asthma,F,F,5.48
RHYTHMECGTRACING,AS,Asthma,F,G,5.48
RHYTHMECGTRACING,AS,Diabetes,M,G,7.30666666666667
ROUTINEVENIPUNCTURE,AS,Asthma,F,B,3.0
ROUTINEVENIPUNCTURE,AS,Asthma,M,D,6.0
ROUTINEVENIPUNCTURE,AS,Diabetes,F,E,4.0
ROUTINEVENIPUNCTURE,AS,Asthma,M,E,7.5
ROUTINEVENIPUNCTURE,AS,Diabetes,F,F,4.5
ROUTINEVENIPUNCTURE,AS,Diabetes,M,F,4.5
ROUTINEVENIPUNCTURE,AS,Diabetes,F,G,6.0
ROUTINEVENIPUNCTURE,AS,Diabetes,M,G,6.0
ROUTINEVENIPUNCTURE,CSM,Diabetes,F,E,8.25
ROUTINEVENIPUNCTURE,CSM,Diabetes,F,F,4.2
ROUTINEVENIPUNCTURE,CSM,Asthma,M,F,6.0
ROUTINEVENIPUNCTURE,CSM,Diabetes,F,G,11.4
ROUTINEVENIPUNCTURE,CSM,Diabetes,M,G,8.57142857142857
ROUTINEVENIPUNCTURE,WFStF,Asthma,M,B,3.0
ROUTINEVENIPUNCTURE,WFStF,Asthma,F,C,3.0
ROUTINEVENIPUNCTURE,WFStF,Diabetes,M,C,3.0
ROUTINEVENIPUNCTURE,WFStF,Asthma,M,D,3.0
ROUTINEVENIPUNCTURE,WFStF,Diabetes,F,E,5.25
ROUTINEVENIPUNCTURE,WFStF,Diabetes,M,E,5.0
ROUTINEVENIPUNCTURE,WFStF,Diabetes,F,F,3.0
ROUTINEVENIPUNCTURE,WFStF,COPD,M,F,4.0
ROUTINEVENIPUNCTURE,WFStF,Diabetes,F,G,5.57142857142857
ROUTINEVENIPUNCTURE,WFStF,Diabetes,M,G,7.875
SMEARGRAMSTAIN,AS,Asthma,F,G,11.92
SMEARWETMOUNTSALINE-INK,CSM,Diabetes,F,E,5.96
STREPAASSAYW-OPTIC,AS,Asthma,F,E,16.76
STREPAASSAYW-OPTIC,CSM,Asthma,F,E,16.76
STREPAASSAYW-OPTIC,CSM,Asthma,M,E,16.76
STREPAASSAYW-OPTIC,CSM,Asthma,F,F,16.76
STREPAASSAYW-OPTIC,CSM,Asthma,F,G,16.76
STREPAASSAYW-OPTIC,WFStF,Asthma,F,B,16.76
STREPAASSAYW-OPTIC,WFStF,Asthma,F,C,16.76
STREPAASSAYW-OPTIC,WFStF,Asthma,M,C,50.28
STREPAASSAYW-OPTIC,WFStF,Asthma,F,D,16.76
STREPAASSAYW-OPTIC,WFStF,COPD,M,G,33.52
TESTFORACETONE-KETONES,AS,Diabetes,F,F,6.31
TESTFORACETONE-KETONES,AS,Diabetes,F,G,12.62
TESTFORACETONE-KETONES,AS,Diabetes,M,G,6.31
THER-PROPH-DIAGINJIVPUSH,AS,COPD,F,F,79.875
THER-PROPH-DIAGINJIVPUSH,AS,Diabetes,M,G,53.25
THER-PROPH-DIAGINJIVPUSH,WFStF,Asthma,M,D,53.25
THER-PROPH-DIAGINJIVPUSH,WFStF,Asthma,F,E,53.25
THER-PROPH-DIAGINJIVPUSH,WFStF,Diabetes,M,F,53.25
THER-PROPH-DIAGINJIVPUSH,WFStF,Diabetes,F,G,53.25
THER-PROPH-DIAGINJSC-IM,AS,Asthma,F,F,19.25
THER-PROPH-DIAGINJSC-IM,CSM,Asthma,F,E,19.25
THER-PROPH-DIAGINJSC-IM,WFStF,Asthma,M,B,38.5
THER-PROPH-DIAGINJSC-IM,WFStF,Asthma,F,D,19.25
THER-PROPH-DIAGINJSC-IM,WFStF,Diabetes,M,F,77.0
THER-PROPH-DIAGIVINFINIT,AS,Diabetes,M,G,67.65
THER-PROPH-DIAGIVINFINIT,CSM,Diabetes,F,E,67.65
THER-PROPH-DIAGIVINFINIT,CSM,Diabetes,F,F,67.65
THER-PROPH-DIAGIVINFINIT,WFStF,Asthma,F,C,67.65
THERAPEUTICACTIVITIES,AS,COPD,M,G,54.68
THROMBOPLASTINTIMEPARTIAL,CSM,Diabetes,F,F,8.38
THROMBOPLASTINTIMEPARTIAL,CSM,COPD,M,G,8.38
THROMBOPLASTINTIMEPARTIAL,WFStF,Asthma,F,F,8.38
THROMBOPLASTINTIMEPARTIAL,WFStF,COPD,F,G,8.38
TRANSVAGINALUSNON-OB,AS,Asthma,F,G,70.2366666666667
TX-PRO-DXINJNEWDRUGADDON,AS,Diabetes,M,G,23.25
TX-PRO-DXINJNEWDRUGADDON,WFStF,Asthma,F,C,23.25
TX-PRO-DXINJNEWDRUGADDON,WFStF,Asthma,M,D,23.25
TX-PRO-DXINJNEWDRUGADDON,WFStF,Asthma,F,E,23.25
TX-PRO-DXINJNEWDRUGADDON,WFStF,Diabetes,F,G,23.25
URINALYSISAUTOW-OSCOPE,CSM,Diabetes,F,E,4.18666666666667
URINALYSISAUTOW-OSCOPE,CSM,Diabetes,F,F,4.71
URINALYSISAUTOW-OSCOPE,CSM,Diabetes,F,G,4.71
URINALYSISAUTOW-OSCOPE,CSM,Diabetes,M,G,3.14
URINALYSISAUTOW-OSCOPE,WFStF,Diabetes,F,G,3.14
URINALYSISAUTOW-SCOPE,AS,Asthma,F,B,8.86
URINALYSISAUTOW-SCOPE,AS,Diabetes,F,F,4.43
URINALYSISAUTOW-SCOPE,CSM,Diabetes,F,E,4.43
URINALYSISAUTOW-SCOPE,CSM,Diabetes,F,F,4.43
URINALYSISAUTOW-SCOPE,CSM,Diabetes,F,G,4.43
URINALYSISAUTOW-SCOPE,CSM,Diabetes,M,G,8.86
URINALYSISAUTOW-SCOPE,WFStF,Asthma,F,C,4.43
URINALYSISAUTOW-SCOPE,WFStF,Diabetes,M,C,4.43
URINALYSISAUTOW-SCOPE,WFStF,Diabetes,F,E,4.43
URINALYSISAUTOW-SCOPE,WFStF,Asthma,M,E,4.43
URINALYSISAUTOW-SCOPE,WFStF,Diabetes,F,F,6.645
URINALYSISAUTOW-SCOPE,WFStF,Diabetes,F,G,4.43
URINALYSISAUTOW-SCOPE,WFStF,COPD,M,G,4.43
URINALYSISNONAUTOW-OSCOPE,AS,Asthma,F,G,7.14
URINALYSISNONAUTOW-OSCOPE,AS,Diabetes,M,G,3.57
URINALYSISNONAUTOW-OSCOPE,WFStF,Diabetes,M,C,3.57
URINALYSISNONAUTOW-OSCOPE,WFStF,Asthma,F,D,5.95
URINALYSISNONAUTOW-OSCOPE,WFStF,Diabetes,F,E,7.14
URINALYSISNONAUTOW-OSCOPE,WFStF,Diabetes,F,F,3.57
URINALYSISNONAUTOW-OSCOPE,WFStF,COPD,M,F,3.57
URINALYSISNONAUTOW-OSCOPE,WFStF,Diabetes,F,G,4.76
URINALYSISNONAUTOW-OSCOPE,WFStF,Diabetes,M,G,3.57
URINECULTURE-COLONYCOUNT,AS,Diabetes,F,F,11.28
URINECULTURE-COLONYCOUNT,CSM,Asthma,F,E,11.28
URINECULTURE-COLONYCOUNT,CSM,Diabetes,F,F,22.56
URINECULTURE-COLONYCOUNT,WFStF,Asthma,F,F,11.28
URINEPREGNANCYTEST,AS,Asthma,F,E,8.84
URINEPREGNANCYTEST,AS,Asthma,F,G,17.68
URINEPREGNANCYTEST,CSM,Diabetes,F,E,11.05
URINEPREGNANCYTEST,CSM,Diabetes,F,F,14.7333333333333
URINEPREGNANCYTEST,WFStF,Asthma,F,D,11.7866666666667
URINEPREGNANCYTEST,WFStF,Asthma,F,E,17.68
URINEPREGNANCYTEST,WFStF,Asthma,F,F,8.84
URINEPREGNANCYTEST,WFStF,Diabetes,F,G,8.84
USEXAMABDOMCOMPLETE,CSM,Diabetes,F,F,81.7166666666667
USEXAMABDOMCOMPLETE,CSM,Asthma,F,G,81.7166666666667
USEXAMABDOMCOMPLETE,WFStF,Asthma,F,E,81.7166666666667
USEXAMPELVICCOMPLETE,AS,Asthma,F,G,70.4733333333333
USGUIDEVASCULARACCESS,CSM,Diabetes,F,G,21.4033333333333
WITHDRAWALOFARTERIALBLOOD,WFStF,Asthma,F,C,13.92
X-RAYEXAMKNEE4ORMORE,CSM,Asthma,M,D,23.56
X-RAYEXAMKNEE4ORMORE,CSM,Diabetes,F,G,47.12
X-RAYEXAMOFABDOMEN,CSM,Diabetes,F,F,24.6
X-RAYEXAMOFANKLE,CSM,Diabetes,F,G,18.9733333333333
X-RAYEXAMOFANKLE,WFStF,Asthma,M,D,18.9733333333333
X-RAYEXAMOFFACIALBONES,CSM,Asthma,F,E,26.6
X-RAYEXAMOFHIP,CSM,Diabetes,F,G,21.9066666666667
X-RAYEXAMOFJAW,AS,Asthma,F,G,23.86
X-RAYEXAMOFLOWERSPINE,CSM,Diabetes,F,G,32.9
X-RAYEXAMOFNECK,CSM,Asthma,F,E,16.4066666666667
X-RAYEXAMOFNECKSPINE,CSM,Asthma,F,E,31.9666666666667
X-RAYEXAMOFPELVIS,CSM,Diabetes,F,G,16.8733333333333
X-RAYEXAMSERIESABDOMEN,CSM,Diabetes,F,F,29.2666666666667
X-RAYEXAMSERIESABDOMEN,CSM,Diabetes,F,G,29.2666666666667
X-RAYEXAMSERIESABDOMEN,CSM,Diabetes,M,G,29.2666666666667
