Asthma,ED_A,F,B,1,12
Asthma,ED_A,M,B,1,12
Asthma,ED_A,F,C,1,15
Asthma,ED_A,M,C,1,20
Asthma,ED_A,F,D,1,10
Asthma,ED_A,M,D,1,8
Asthma,ED_A,F,E,1,27
Asthma,ED_A,M,E,1,5
COPD,ED_A,M,E,1,1
Asthma,ED_A,F,F,1,11
COPD,ED_A,F,F,1,1
Asthma,ED_A,M,F,1,4
COPD,ED_A,M,F,1,1
Asthma,ED_A,F,G,1,12
COPD,ED_A,F,G,1,4
Asthma,ED_A,M,G,1,4
COPD,ED_A,M,G,1,2
Asthma,ED_B,F,B,1,4
Asthma,ED_B,M,B,1,7
Asthma,ED_B,F,C,1,5
Asthma,ED_B,M,C,1,15
Asthma,ED_B,F,D,1,2
Asthma,ED_B,M,D,1,5
Asthma,ED_B,F,E,1,23
Asthma,ED_B,M,E,1,3
COPD,ED_B,M,E,1,1
Asthma,ED_B,F,F,1,12
Asthma,ED_B,M,F,1,3
Asthma,ED_B,F,G,1,20
COPD,ED_B,F,G,1,1
Asthma,ED_B,M,G,1,5
COPD,ED_B,M,G,1,6
Asthma,ED_C,F,B,1,7
Asthma,ED_C,M,B,1,11
Asthma,ED_C,F,C,1,11
Asthma,ED_C,M,C,1,31
Asthma,ED_C,F,D,1,16
Asthma,ED_C,M,D,1,12
Asthma,ED_C,F,E,1,36
Asthma,ED_C,M,E,1,6
Asthma,ED_C,F,F,1,19
COPD,ED_C,F,F,1,1
Asthma,ED_C,M,F,1,9
Asthma,ED_C,F,G,1,18
COPD,ED_C,F,G,1,5
Asthma,ED_C,M,G,1,13
COPD,ED_C,M,G,1,2
Asthma,ED_A,F,B,2,3
Asthma,ED_A,M,C,2,4
Asthma,ED_A,F,E,2,1
Asthma,ED_A,M,E,2,1
Asthma,ED_A,F,G,2,1
COPD,ED_A,F,G,2,2
Asthma,ED_A,M,G,2,2
COPD,ED_A,M,G,2,1
Asthma,ED_B,F,B,2,1
Asthma,ED_B,M,D,2,1
Asthma,ED_B,F,E,2,3
Asthma,ED_B,M,E,2,2
Asthma,ED_B,F,F,2,2
Asthma,ED_B,M,F,2,1
Asthma,ED_B,F,G,2,5
COPD,ED_B,M,G,2,1
Asthma,ED_C,F,B,2,1
Asthma,ED_C,M,B,2,1
Asthma,ED_C,F,C,2,2
Asthma,ED_C,M,C,2,1
Asthma,ED_C,F,D,2,3
Asthma,ED_C,M,D,2,1
Asthma,ED_C,F,E,2,3
Asthma,ED_C,M,E,2,1
Asthma,ED_C,F,F,2,2
Asthma,ED_C,M,F,2,1
Asthma,ED_C,F,G,2,5
Asthma,ED_C,M,G,2,1
Asthma,ED_A,F,B,3,1
Asthma,ED_A,M,D,3,1
COPD,ED_A,M,G,3,1
Asthma,ED_B,F,D,3,1
Asthma,ED_B,F,E,3,1
Asthma,ED_B,F,F,3,1
Asthma,ED_B,M,F,3,1
Asthma,ED_B,F,G,3,1
Asthma,ED_C,F,B,3,1
Asthma,ED_C,F,E,3,4
Asthma,ED_C,M,E,3,1
Asthma,ED_C,F,F,3,1
Asthma,ED_C,M,F,3,1
Asthma,ED_C,F,G,3,2
Asthma,ED_C,M,G,3,1
COPD,ED_C,M,G,3,1
Asthma,ED_A,F,E,4,1
Asthma,ED_A,M,F,4,1
Asthma,ED_B,M,C,4,1
Asthma,ED_B,F,E,4,1
Asthma,ED_C,M,C,4,1
Asthma,ED_C,F,E,4,1
Asthma,ED_A,F,F,5,1
Asthma,ED_C,M,F,5,1
Asthma,ED_C,M,G,5,2
Asthma,ED_B,M,E,6,1
Asthma,ED_B,F,F,6,1
Asthma,ED_C,M,E,6,1
Asthma,ED_C,M,F,7,1
Asthma,ED_B,M,F,10,1
Asthma,ED_C,F,G,24,1
