COPD,AIRWAYINHALATIONTREATMENT,AS,F,F,P60,2,12.36,2,24.72
COPD,AIRWAYINHALATIONTREATMENT,AS,F,G,P10,0.9166666,12.36,11,135.96
COPD,AIRWAYINHALATIONTREATMENT,AS,F,G,P40,2,12.36,8,98.88
COPD,AIRWAYINHALATIONTREATMENT,AS,F,G,P60,0.6363636,12.36,14,173.04
COPD,AIRWAYINHALATIONTREATMENT,AS,M,G,P10,0.5,12.36,1,12.36
COPD,AIRWAYINHALATIONTREATMENT,AS,M,G,P40,1.2857142,12.36,9,111.24
COPD,AIRWAYINHALATIONTREATMENT,AS,M,G,P60,0.1666666,12.36,3,37.08
COPD,AIRWAYINHALATIONTREATMENT,CSM,F,G,P10,0.8620689,12.36,25,309
COPD,AIRWAYINHALATIONTREATMENT,CSM,F,G,P60,0.4047619,12.36,17,210.12
COPD,AIRWAYINHALATIONTREATMENT,CSM,M,G,P10,1.0434782,12.36,24,296.64
COPD,AIRWAYINHALATIONTREATMENT,CSM,M,G,P40,0.625,12.36,5,61.8
COPD,AIRWAYINHALATIONTREATMENT,CSM,M,G,P60,0.1764705,12.36,3,37.08
COPD,AIRWAYINHALATIONTREATMENT,WFStF,F,F,P10,1,12.36,2,24.72
COPD,AIRWAYINHALATIONTREATMENT,WFStF,F,G,P10,0.8095238,12.36,34,420.24
COPD,AIRWAYINHALATIONTREATMENT,WFStF,F,G,P40,0.2352941,12.36,8,98.88
COPD,AIRWAYINHALATIONTREATMENT,WFStF,M,F,P60,0.5,12.36,1,12.36
COPD,ASSAYOFAMYLASE,WFStF,F,G,P10,0.0238095,9.06,1,9.06
COPD,ASSAYOFCALCIUM,AS,F,G,P10,0.25,19.09,3,57.27
COPD,ASSAYOFCALCIUM,AS,F,G,P40,0.25,19.09,1,19.09
COPD,ASSAYOFCALCIUM,AS,F,G,P60,0.1363636,19.09,3,57.27
COPD,ASSAYOFCALCIUM,AS,M,G,P10,0.5,19.09,1,19.09
COPD,ASSAYOFCALCIUM,AS,M,G,P40,0.2857142,19.09,2,38.18
COPD,ASSAYOFCALCIUM,AS,M,G,P60,0.0555555,19.09,1,19.09
COPD,ASSAYOFCALCIUM,CSM,F,G,P60,0.047619,19.09,2,38.18
COPD,ASSAYOFCALCIUM,CSM,M,G,P40,0.25,19.09,2,38.18
COPD,ASSAYOFCALCIUM,WFStF,F,G,P40,0.0294117,19.09,1,19.09
COPD,ASSAYOFCK-CPK-,CSM,M,G,P10,0.1304347,9.1,3,27.3
COPD,ASSAYOFCK-CPK-,CSM,M,G,P60,0.0588235,9.1,1,9.1
COPD,ASSAYOFCK-CPK-,WFStF,F,G,P10,0.547619,9.1,23,209.3
COPD,ASSAYOFCK-CPK-,WFStF,F,G,P40,0.1764705,9.1,6,54.6
COPD,ASSAYOFCREATININE,AS,F,G,P10,0.0833333,7.16,1,7.16
COPD,ASSAYOFCREATININE,AS,M,G,P60,0.0555555,7.16,1,7.16
COPD,ASSAYOFCREATININE,CSM,F,G,P60,0.047619,7.16,2,14.32
COPD,ASSAYOFCREATININE,CSM,M,G,P40,0.25,7.16,2,14.32
COPD,ASSAYOFDIGOXIN,AS,M,G,P60,0.0555555,18.55,1,18.55
COPD,ASSAYOFDIGOXIN,CSM,F,G,P10,0.0344827,18.55,1,18.55
COPD,ASSAYOFDIGOXIN,CSM,M,G,P10,0.0434782,18.55,1,18.55
COPD,ASSAYOFDIGOXIN,WFStF,F,G,P10,0.047619,18.55,2,37.1
COPD,ASSAYOFETHANOL,AS,F,F,P60,1,15.1,1,15.1
COPD,ASSAYOFETHANOL,AS,M,G,P40,0.1428571,15.1,1,15.1
COPD,ASSAYOFGGT,AS,F,F,P60,1,10.06,1,10.06
COPD,ASSAYOFLIPASE,AS,F,G,P10,0.0833333,9.62,1,9.62
COPD,ASSAYOFLIPASE,WFStF,F,G,P10,0.0238095,9.62,1,9.62
COPD,ASSAYOFLITHIUM,CSM,F,G,P10,0.0344827,9.24,1,9.24
COPD,ASSAYOFMAGNESIUM,AS,F,F,P60,1,9.36,1,9.36
COPD,ASSAYOFMAGNESIUM,AS,F,G,P40,0.25,9.36,1,9.36
COPD,ASSAYOFMAGNESIUM,AS,F,G,P60,0.0454545,9.36,1,9.36
COPD,ASSAYOFMAGNESIUM,AS,M,G,P60,0.0555555,9.36,1,9.36
COPD,ASSAYOFMAGNESIUM,CSM,F,F,P10,0.5,9.36,1,9.36
COPD,ASSAYOFMAGNESIUM,CSM,F,G,P10,0.0344827,9.36,1,9.36
COPD,ASSAYOFMAGNESIUM,CSM,M,G,P10,0.0434782,9.36,1,9.36
COPD,ASSAYOFMAGNESIUM,WFStF,F,G,P10,0.1190476,9.36,5,46.8
COPD,ASSAYOFMYOGLOBIN,AS,F,G,P10,0.5,18.04,6,108.24
COPD,ASSAYOFMYOGLOBIN,AS,F,G,P40,1,18.04,4,72.16
COPD,ASSAYOFMYOGLOBIN,AS,F,G,P60,0.5454545,18.04,12,216.48
COPD,ASSAYOFMYOGLOBIN,AS,M,G,P10,0.5,18.04,1,18.04
COPD,ASSAYOFMYOGLOBIN,AS,M,G,P40,0.8571428,18.04,6,108.24
COPD,ASSAYOFMYOGLOBIN,AS,M,G,P60,0.2222222,18.04,4,72.16
COPD,ASSAYOFMYOGLOBIN,CSM,F,F,P10,0.5,18.04,1,18.04
COPD,ASSAYOFMYOGLOBIN,CSM,F,G,P10,0.5172413,18.04,15,270.6
COPD,ASSAYOFMYOGLOBIN,CSM,F,G,P60,0.3095238,18.04,13,234.52
COPD,ASSAYOFMYOGLOBIN,CSM,M,G,P10,0.5652173,18.04,13,234.52
COPD,ASSAYOFMYOGLOBIN,CSM,M,G,P40,0.5,18.04,4,72.16
COPD,ASSAYOFMYOGLOBIN,CSM,M,G,P60,0.117647,18.04,2,36.08
COPD,ASSAYOFMYOGLOBIN,WFStF,F,G,P10,0.0238095,18.04,1,18.04
COPD,ASSAYOFPHOSPHORUS,CSM,F,G,P10,0.0344827,6.63,1,6.63
COPD,ASSAYOFPHOSPHORUS,CSM,M,G,P10,0.0434782,6.63,1,6.63
COPD,ASSAYOFPHOSPHORUS,WFStF,F,G,P10,0.095238,6.63,4,26.52
COPD,ASSAYOFSERUMPOTASSIUM,AS,F,G,P10,0.25,6.42,3,19.26
COPD,ASSAYOFSERUMPOTASSIUM,AS,F,G,P40,0.25,6.42,1,6.42
COPD,ASSAYOFSERUMPOTASSIUM,AS,F,G,P60,0.1363636,6.42,3,19.26
COPD,ASSAYOFSERUMPOTASSIUM,AS,M,G,P10,0.5,6.42,1,6.42
COPD,ASSAYOFSERUMPOTASSIUM,AS,M,G,P40,0.2857142,6.42,2,12.84
COPD,ASSAYOFSERUMPOTASSIUM,AS,M,G,P60,0.0555555,6.42,1,6.42
COPD,ASSAYOFSERUMPOTASSIUM,CSM,F,G,P60,0.047619,6.42,2,12.84
COPD,ASSAYOFSERUMPOTASSIUM,CSM,M,G,P40,0.25,6.42,2,12.84
COPD,ASSAYOFSERUMSODIUM,AS,F,G,P10,0.25,6.72,3,20.16
COPD,ASSAYOFSERUMSODIUM,AS,F,G,P40,0.25,6.72,1,6.72
COPD,ASSAYOFSERUMSODIUM,AS,F,G,P60,0.1363636,6.72,3,20.16
COPD,ASSAYOFSERUMSODIUM,AS,M,G,P10,0.5,6.72,1,6.72
COPD,ASSAYOFSERUMSODIUM,AS,M,G,P40,0.2857142,6.72,2,13.44
COPD,ASSAYOFSERUMSODIUM,AS,M,G,P60,0.0555555,6.72,1,6.72
COPD,ASSAYOFSERUMSODIUM,CSM,F,G,P60,0.047619,6.72,2,13.44
COPD,ASSAYOFSERUMSODIUM,CSM,M,G,P40,0.25,6.72,2,13.44
COPD,ASSAYOFTHEOPHYLLINE,AS,F,G,P60,0.0454545,19.77,1,19.77
COPD,ASSAYOFTHEOPHYLLINE,CSM,F,G,P60,0.047619,19.77,2,39.54
COPD,ASSAYOFTHEOPHYLLINE,WFStF,F,G,P10,0.0238095,19.77,1,19.77
COPD,ASSAYOFTROPONINQUANT,AS,F,G,P10,0.5,13.75,6,82.5
COPD,ASSAYOFTROPONINQUANT,AS,F,G,P40,1,13.75,4,55
COPD,ASSAYOFTROPONINQUANT,AS,F,G,P60,0.5454545,13.75,12,165
COPD,ASSAYOFTROPONINQUANT,AS,M,G,P10,0.5,13.75,1,13.75
COPD,ASSAYOFTROPONINQUANT,AS,M,G,P40,0.8571428,13.75,6,82.5
COPD,ASSAYOFTROPONINQUANT,AS,M,G,P60,0.2222222,13.75,4,55
COPD,ASSAYOFTROPONINQUANT,CSM,F,F,P10,0.5,13.75,1,13.75
COPD,ASSAYOFTROPONINQUANT,CSM,F,G,P10,0.5172413,13.75,15,206.25
COPD,ASSAYOFTROPONINQUANT,CSM,F,G,P60,0.3333333,13.75,14,192.5
COPD,ASSAYOFTROPONINQUANT,CSM,M,G,P10,0.5217391,13.75,12,165
COPD,ASSAYOFTROPONINQUANT,CSM,M,G,P40,0.625,13.75,5,68.75
COPD,ASSAYOFTROPONINQUANT,CSM,M,G,P60,0.1764705,13.75,3,41.25
COPD,ASSAYOFTROPONINQUANT,WFStF,F,F,P10,0.5,13.75,1,13.75
COPD,ASSAYOFTROPONINQUANT,WFStF,F,G,P10,0.6428571,13.75,27,371.25
COPD,ASSAYOFTROPONINQUANT,WFStF,F,G,P40,0.1764705,13.75,6,82.5
COPD,ASSAYOFUREANITROGEN,CSM,F,G,P60,0.047619,5.51,2,11.02
COPD,ASSAYOFUREANITROGEN,CSM,M,G,P40,0.25,5.51,2,11.02
COPD,ASSAYTHYROIDSTIMHORMONE,CSM,M,G,P10,0.0434782,23.47,1,23.47
COPD,ASSAYGLUCOSEBLOODQUANT,AS,F,G,P10,0.25,5.48,3,16.44
COPD,ASSAYGLUCOSEBLOODQUANT,AS,F,G,P40,0.25,5.48,1,5.48
COPD,ASSAYGLUCOSEBLOODQUANT,AS,F,G,P60,0.1363636,5.48,3,16.44
COPD,ASSAYGLUCOSEBLOODQUANT,AS,M,G,P10,0.5,5.48,1,5.48
COPD,ASSAYGLUCOSEBLOODQUANT,AS,M,G,P40,0.2857142,5.48,2,10.96
COPD,ASSAYGLUCOSEBLOODQUANT,AS,M,G,P60,0.0555555,5.48,1,5.48
COPD,ASSAYGLUCOSEBLOODQUANT,CSM,F,G,P60,0.047619,5.48,2,10.96
COPD,ASSAYGLUCOSEBLOODQUANT,CSM,M,G,P40,0.25,5.48,2,10.96
COPD,BLSMEARW-DIFFWBCCOUNT,AS,F,G,P40,0.25,4.81,1,4.81
COPD,BLSMEARW-DIFFWBCCOUNT,AS,M,G,P60,0.0555555,4.81,1,4.81
COPD,BLOODCULTUREFORBACTERIA,AS,F,F,P60,1,14.42,1,14.42
COPD,BLOODCULTUREFORBACTERIA,AS,F,G,P10,0.1666666,14.42,2,28.84
COPD,BLOODCULTUREFORBACTERIA,AS,F,G,P60,0.0454545,14.42,1,14.42
COPD,BLOODCULTUREFORBACTERIA,AS,M,G,P40,0.1428571,14.42,1,14.42
COPD,BLOODCULTUREFORBACTERIA,CSM,F,G,P10,0.1034482,14.42,3,43.26
COPD,BLOODCULTUREFORBACTERIA,CSM,M,G,P60,0.0588235,14.42,1,14.42
COPD,BLOODCULTUREFORBACTERIA,WFStF,F,G,P10,0.2142857,14.42,9,129.78
COPD,BLOODCULTUREFORBACTERIA,WFStF,F,G,P40,0.0294117,14.42,1,14.42
COPD,BLOODGASESW-02SATURATION,CSM,F,G,P60,0.0238095,39.65,1,39.65
COPD,BLOODGASESW-02SATURATION,CSM,M,G,P40,0.125,39.65,1,39.65
COPD,BLOODGASES-PHPO2-PCO2,AS,F,G,P10,0.25,27.04,3,81.12
COPD,BLOODGASES-PHPO2-PCO2,AS,F,G,P40,0.25,27.04,1,27.04
COPD,BLOODGASES-PHPO2-PCO2,AS,F,G,P60,0.1363636,27.04,3,81.12
COPD,BLOODGASES-PHPO2-PCO2,AS,M,G,P10,0.5,27.04,1,27.04
COPD,BLOODGASES-PHPO2-PCO2,AS,M,G,P40,0.2857142,27.04,2,54.08
COPD,BLOODGASES-PHPO2-PCO2,AS,M,G,P60,0.0555555,27.04,1,27.04
COPD,BLOODGASES-PHPO2-PCO2,WFStF,F,G,P10,0.0714285,27.04,3,81.12
COPD,BLOODTYPINGABO,WFStF,F,G,P10,0.0238095,3.83,1,3.83
COPD,BLOODTYPINGRH-D-,WFStF,F,G,P10,0.0238095,3.83,1,3.83
COPD,CATHETERIZEFORURINESPEC,CSM,M,G,P10,0.0434782,3,1,3
COPD,CBT1STHOUR,AS,F,F,P60,1,34.09,1,34.09
COPD,CBT1STHOUR,AS,F,G,P60,0.1363636,34.09,3,102.27
COPD,CBT1STHOUR,AS,M,G,P40,0.4285714,34.09,3,102.27
COPD,CBT1STHOUR,AS,M,G,P60,0.0555555,34.09,1,34.09
COPD,CBT1STHOUR,CSM,F,G,P10,0.0689655,34.09,2,68.18
COPD,CBT1STHOUR,CSM,M,G,P10,0.0869565,34.09,2,68.18
COPD,CBT1STHOUR,CSM,M,G,P40,0.125,34.09,1,34.09
COPD,CBT1STHOUR,WFStF,F,G,P10,0.047619,34.09,2,68.18
COPD,CBTEACHADDLHOUR,AS,F,G,P10,0.0833333,12.71,1,12.71
COPD,CHESTX-RAY,AS,F,F,P60,1,9.91,1,9.91
COPD,CHESTX-RAY,AS,F,F,P60,1,20.52,1,20.52
COPD,CHESTX-RAY,AS,F,F,P60,1,30.44,1,30.44
COPD,CHESTX-RAY,AS,F,G,P10,0.1666666,8.42,2,16.84
COPD,CHESTX-RAY,AS,F,G,P10,0.1666666,15.17,2,30.34
COPD,CHESTX-RAY,AS,F,G,P10,0.1666666,23.59,2,47.18
COPD,CHESTX-RAY,AS,F,G,P10,0.8333333,9.91,10,99.1
COPD,CHESTX-RAY,AS,F,G,P10,0.8333333,20.52,10,205.2
COPD,CHESTX-RAY,AS,F,G,P10,0.8333333,30.44,10,304.4
COPD,CHESTX-RAY,AS,F,G,P40,0.5,8.42,2,16.84
COPD,CHESTX-RAY,AS,F,G,P40,0.5,9.91,2,19.82
COPD,CHESTX-RAY,AS,F,G,P40,0.5,15.17,2,30.34
COPD,CHESTX-RAY,AS,F,G,P40,0.5,20.52,2,41.04
COPD,CHESTX-RAY,AS,F,G,P40,0.5,23.59,2,47.18
COPD,CHESTX-RAY,AS,F,G,P40,0.5,30.44,2,60.88
COPD,CHESTX-RAY,AS,F,G,P60,0.090909,8.42,2,16.84
COPD,CHESTX-RAY,AS,F,G,P60,0.090909,15.17,2,30.34
COPD,CHESTX-RAY,AS,F,G,P60,0.090909,23.59,2,47.18
COPD,CHESTX-RAY,AS,F,G,P60,0.5454545,9.91,12,118.92
COPD,CHESTX-RAY,AS,F,G,P60,0.5454545,20.52,12,246.24
COPD,CHESTX-RAY,AS,F,G,P60,0.5454545,30.44,12,365.28
COPD,CHESTX-RAY,AS,M,G,P10,0.5,8.42,1,8.42
COPD,CHESTX-RAY,AS,M,G,P10,0.5,9.91,1,9.91
COPD,CHESTX-RAY,AS,M,G,P10,0.5,15.17,1,15.17
COPD,CHESTX-RAY,AS,M,G,P10,0.5,20.52,1,20.52
COPD,CHESTX-RAY,AS,M,G,P10,0.5,23.59,1,23.59
COPD,CHESTX-RAY,AS,M,G,P10,0.5,30.44,1,30.44
COPD,CHESTX-RAY,AS,M,G,P40,0.1428571,8.42,1,8.42
COPD,CHESTX-RAY,AS,M,G,P40,0.1428571,15.17,1,15.17
COPD,CHESTX-RAY,AS,M,G,P40,0.1428571,23.59,1,23.59
COPD,CHESTX-RAY,AS,M,G,P40,0.5714285,9.91,4,39.64
COPD,CHESTX-RAY,AS,M,G,P40,0.5714285,20.52,4,82.08
COPD,CHESTX-RAY,AS,M,G,P40,0.5714285,30.44,4,121.76
COPD,CHESTX-RAY,AS,M,G,P60,0.1111111,8.42,2,16.84
COPD,CHESTX-RAY,AS,M,G,P60,0.1111111,15.17,2,30.34
COPD,CHESTX-RAY,AS,M,G,P60,0.1111111,23.59,2,47.18
COPD,CHESTX-RAY,AS,M,G,P60,0.1666666,9.91,3,29.73
COPD,CHESTX-RAY,AS,M,G,P60,0.1666666,20.52,3,61.56
COPD,CHESTX-RAY,AS,M,G,P60,0.1666666,30.44,3,91.32
COPD,CHESTX-RAY,CSM,F,F,P10,0.5,9.91,1,9.91
COPD,CHESTX-RAY,CSM,F,F,P10,0.5,20.52,1,20.52
COPD,CHESTX-RAY,CSM,F,F,P10,0.5,30.44,1,30.44
COPD,CHESTX-RAY,CSM,F,G,P10,0.3793103,9.91,11,109.01
COPD,CHESTX-RAY,CSM,F,G,P10,0.3793103,20.52,11,225.72
COPD,CHESTX-RAY,CSM,F,G,P10,0.3793103,30.44,11,334.84
COPD,CHESTX-RAY,CSM,F,G,P10,0.6206896,8.42,18,151.56
COPD,CHESTX-RAY,CSM,F,G,P10,0.6206896,15.17,18,273.06
COPD,CHESTX-RAY,CSM,F,G,P10,0.6206896,23.59,18,424.62
COPD,CHESTX-RAY,CSM,F,G,P60,0.1428571,9.91,6,59.46
COPD,CHESTX-RAY,CSM,F,G,P60,0.1428571,20.52,6,123.12
COPD,CHESTX-RAY,CSM,F,G,P60,0.1428571,30.44,6,182.64
COPD,CHESTX-RAY,CSM,F,G,P60,0.3095238,8.42,13,109.46
COPD,CHESTX-RAY,CSM,F,G,P60,0.3095238,15.17,13,197.21
COPD,CHESTX-RAY,CSM,F,G,P60,0.3095238,23.59,13,306.67
COPD,CHESTX-RAY,CSM,M,G,P10,0.2608695,9.91,6,59.46
COPD,CHESTX-RAY,CSM,M,G,P10,0.2608695,20.52,6,123.12
COPD,CHESTX-RAY,CSM,M,G,P10,0.2608695,30.44,6,182.64
COPD,CHESTX-RAY,CSM,M,G,P10,0.5652173,8.42,13,109.46
COPD,CHESTX-RAY,CSM,M,G,P10,0.5652173,15.17,13,197.21
COPD,CHESTX-RAY,CSM,M,G,P10,0.5652173,23.59,13,306.67
COPD,CHESTX-RAY,CSM,M,G,P40,0.375,9.91,3,29.73
COPD,CHESTX-RAY,CSM,M,G,P40,0.375,20.52,3,61.56
COPD,CHESTX-RAY,CSM,M,G,P40,0.375,30.44,3,91.32
COPD,CHESTX-RAY,CSM,M,G,P40,0.5,8.42,4,33.68
COPD,CHESTX-RAY,CSM,M,G,P40,0.5,15.17,4,60.68
COPD,CHESTX-RAY,CSM,M,G,P40,0.5,23.59,4,94.36
COPD,CHESTX-RAY,CSM,M,G,P60,0.1764705,9.91,3,29.73
COPD,CHESTX-RAY,CSM,M,G,P60,0.1764705,20.52,3,61.56
COPD,CHESTX-RAY,CSM,M,G,P60,0.1764705,30.44,3,91.32
COPD,CHESTX-RAY,WFStF,F,F,P10,1,9.91,2,19.82
COPD,CHESTX-RAY,WFStF,F,F,P10,1,20.52,2,41.04
COPD,CHESTX-RAY,WFStF,F,F,P10,1,30.44,2,60.88
COPD,CHESTX-RAY,WFStF,F,G,P10,0.2857142,9.91,12,118.92
COPD,CHESTX-RAY,WFStF,F,G,P10,0.2857142,20.52,12,246.24
COPD,CHESTX-RAY,WFStF,F,G,P10,0.2857142,30.44,12,365.28
COPD,CHESTX-RAY,WFStF,F,G,P10,0.6190476,8.42,26,218.92
COPD,CHESTX-RAY,WFStF,F,G,P10,0.6190476,15.17,26,394.42
COPD,CHESTX-RAY,WFStF,F,G,P10,0.6190476,23.59,26,613.34
COPD,CHESTX-RAY,WFStF,F,G,P40,0.0588235,8.42,2,16.84
COPD,CHESTX-RAY,WFStF,F,G,P40,0.0588235,15.17,2,30.34
COPD,CHESTX-RAY,WFStF,F,G,P40,0.0588235,23.59,2,47.18
COPD,CHESTX-RAY,WFStF,F,G,P40,0.1470588,9.91,5,49.55
COPD,CHESTX-RAY,WFStF,F,G,P40,0.1470588,20.52,5,102.6
COPD,CHESTX-RAY,WFStF,F,G,P40,0.1470588,30.44,5,152.2
COPD,CHESTX-RAY,WFStF,M,F,P60,0.5,8.42,1,8.42
COPD,CHESTX-RAY,WFStF,M,F,P60,0.5,15.17,1,15.17
COPD,CHESTX-RAY,WFStF,M,F,P60,0.5,23.59,1,23.59
COPD,CHLAMYDIAANTIBODY,CSM,M,G,P60,0.0588235,8.12,1,8.12
COPD,CHLAMYDIAIGMANTIBODY,CSM,M,G,P60,0.0588235,8.12,1,8.12
COPD,CLEARANCEOFAIRWAYS,WFStF,F,G,P10,0.0238095,47.51,1,47.51
COPD,COMPLETECBCW-AUTODIFFWBC,AS,F,F,P60,1,10.86,1,10.86
COPD,COMPLETECBCW-AUTODIFFWBC,AS,F,G,P10,0.5,10.86,6,65.16
COPD,COMPLETECBCW-AUTODIFFWBC,AS,F,G,P40,0.5,10.86,2,21.72
COPD,COMPLETECBCW-AUTODIFFWBC,AS,F,G,P60,0.4090909,10.86,9,97.74
COPD,COMPLETECBCW-AUTODIFFWBC,AS,M,G,P40,0.5714285,10.86,4,43.44
COPD,COMPLETECBCW-AUTODIFFWBC,AS,M,G,P60,0.1666666,10.86,3,32.58
COPD,COMPLETECBCW-AUTODIFFWBC,CSM,F,F,P10,0.5,10.86,1,10.86
COPD,COMPLETECBCW-AUTODIFFWBC,CSM,F,G,P10,0.5172413,10.86,15,162.9
COPD,COMPLETECBCW-AUTODIFFWBC,CSM,F,G,P60,0.3095238,10.86,13,141.18
COPD,COMPLETECBCW-AUTODIFFWBC,CSM,M,G,P10,0.5217391,10.86,12,130.32
COPD,COMPLETECBCW-AUTODIFFWBC,CSM,M,G,P40,0.375,10.86,3,32.58
COPD,COMPLETECBCW-AUTODIFFWBC,CSM,M,G,P60,0.117647,10.86,2,21.72
COPD,COMPLETECBCW-AUTODIFFWBC,WFStF,F,F,P10,0.5,10.86,1,10.86
COPD,COMPLETECBCW-AUTODIFFWBC,WFStF,F,G,P10,0.6190476,10.86,26,282.36
COPD,COMPLETECBCW-AUTODIFFWBC,WFStF,F,G,P40,0.1764705,10.86,6,65.16
COPD,COMPLETECBCAUTOMATED,AS,F,G,P40,0.5,9.04,2,18.08
COPD,COMPLETECBCAUTOMATED,AS,M,G,P60,0.0555555,9.04,1,9.04
COPD,COMPLETECBCAUTOMATED,WFStF,F,G,P10,0.047619,9.04,2,18.08
COPD,COMPREHENMETABOLICPANEL,AS,F,F,P60,1,14.77,1,14.77
COPD,COMPREHENMETABOLICPANEL,AS,F,G,P10,0.3333333,14.77,4,59.08
COPD,COMPREHENMETABOLICPANEL,AS,F,G,P40,0.75,14.77,3,44.31
COPD,COMPREHENMETABOLICPANEL,AS,F,G,P60,0.2272727,14.77,5,73.85
COPD,COMPREHENMETABOLICPANEL,AS,M,G,P40,0.4285714,14.77,3,44.31
COPD,COMPREHENMETABOLICPANEL,AS,M,G,P60,0.0555555,14.77,1,14.77
COPD,COMPREHENMETABOLICPANEL,CSM,F,G,P10,0.1724137,14.77,5,73.85
COPD,COMPREHENMETABOLICPANEL,CSM,F,G,P60,0.0714285,14.77,3,44.31
COPD,COMPREHENMETABOLICPANEL,CSM,M,G,P10,0.2173913,14.77,5,73.85
COPD,COMPREHENMETABOLICPANEL,WFStF,F,G,P10,0.3333333,14.77,14,206.78
COPD,COMPREHENMETABOLICPANEL,WFStF,F,G,P40,0.0588235,14.77,2,29.54
COPD,CREATINEMBFRACTION,AS,F,G,P10,0.5,8.59,6,51.54
COPD,CREATINEMBFRACTION,AS,F,G,P40,1,8.59,4,34.36
COPD,CREATINEMBFRACTION,AS,F,G,P60,0.5454545,8.59,12,103.08
COPD,CREATINEMBFRACTION,AS,M,G,P10,0.5,8.59,1,8.59
COPD,CREATINEMBFRACTION,AS,M,G,P40,0.8571428,8.59,6,51.54
COPD,CREATINEMBFRACTION,AS,M,G,P60,0.2222222,8.59,4,34.36
COPD,CREATINEMBFRACTION,CSM,F,F,P10,0.5,8.59,1,8.59
COPD,CREATINEMBFRACTION,CSM,F,G,P10,0.5172413,8.59,15,128.85
COPD,CREATINEMBFRACTION,CSM,F,G,P60,0.3095238,8.59,13,111.67
COPD,CREATINEMBFRACTION,CSM,M,G,P10,0.5217391,8.59,12,103.08
COPD,CREATINEMBFRACTION,CSM,M,G,P40,0.625,8.59,5,42.95
COPD,CREATINEMBFRACTION,CSM,M,G,P60,0.1764705,8.59,3,25.77
COPD,CREATINEMBFRACTION,WFStF,F,G,P10,0.547619,8.59,23,197.57
COPD,CREATINEMBFRACTION,WFStF,F,G,P40,0.1764705,8.59,6,51.54
COPD,CTABDOMENW-ODYE,WFStF,F,G,P10,0.0238095,55.49,1,55.49
COPD,CTABDOMENW-ODYE,WFStF,F,G,P10,0.0238095,173.13,1,173.13
COPD,CTABDOMENW-ODYE,WFStF,F,G,P10,0.0238095,228.61,1,228.61
COPD,CTANGIOGRAPHYCHEST,WFStF,F,G,P10,0.047619,89.52,2,179.04
COPD,CTANGIOGRAPHYCHEST,WFStF,F,G,P10,0.047619,299.25,2,598.5
COPD,CTANGIOGRAPHYCHEST,WFStF,F,G,P10,0.047619,388.77,2,777.54
COPD,CTANGIOGRAPHYCHEST,WFStF,F,G,P40,0.0294117,89.52,1,89.52
COPD,CTANGIOGRAPHYCHEST,WFStF,F,G,P40,0.0294117,299.25,1,299.25
COPD,CTANGIOGRAPHYCHEST,WFStF,F,G,P40,0.0294117,388.77,1,388.77
COPD,CTHEAD-BRAINW-ODYE,CSM,M,G,P10,0.0869565,39.63,2,79.26
COPD,CTHEAD-BRAINW-ODYE,CSM,M,G,P10,0.0869565,169.27,2,338.54
COPD,CTHEAD-BRAINW-ODYE,CSM,M,G,P10,0.0869565,208.9,2,417.8
COPD,CTPELVISW-ODYE,WFStF,F,G,P10,0.0238095,50.66,1,50.66
COPD,CTPELVISW-ODYE,WFStF,F,G,P10,0.0238095,173.35,1,173.35
COPD,CTPELVISW-ODYE,WFStF,F,G,P10,0.0238095,224.01,1,224.01
COPD,CTTHORAXW-DYE,AS,F,G,P10,0.0833333,57.36,1,57.36
COPD,CTTHORAXW-DYE,AS,F,G,P10,0.0833333,250.72,1,250.72
COPD,CTTHORAXW-DYE,AS,F,G,P10,0.0833333,308.08,1,308.08
COPD,CTTHORAXW-DYE,CSM,F,G,P10,0.0689655,57.36,2,114.72
COPD,CTTHORAXW-DYE,CSM,F,G,P10,0.0689655,250.72,2,501.44
COPD,CTTHORAXW-DYE,CSM,F,G,P10,0.0689655,308.08,2,616.16
COPD,CTTHORAXW-DYE,CSM,F,G,P60,0.047619,57.36,2,114.72
COPD,CTTHORAXW-DYE,CSM,F,G,P60,0.047619,250.72,2,501.44
COPD,CTTHORAXW-DYE,CSM,F,G,P60,0.047619,308.08,2,616.16
COPD,CTTHORAXW-DYE,WFStF,F,G,P10,0.0238095,57.36,1,57.36
COPD,CTTHORAXW-DYE,WFStF,F,G,P10,0.0238095,250.72,1,250.72
COPD,CTTHORAXW-DYE,WFStF,F,G,P10,0.0238095,308.08,1,308.08
COPD,CULTUREAEROBICIDENTIFY,CSM,F,G,P10,0.0344827,11.29,1,11.29
COPD,CULTUREBACTERIAOTHER,AS,F,F,P60,1,12.03,1,12.03
COPD,CULTUREBACTERIAOTHER,AS,M,G,P60,0.0555555,12.03,1,12.03
COPD,CULTUREBACTERIAOTHER,CSM,F,G,P10,0.0344827,12.03,1,12.03
COPD,CULTUREBACTERIAOTHER,CSM,M,G,P10,0.0434782,12.03,1,12.03
COPD,DRUGSCREENSINGLE,AS,F,F,P60,1,19.24,1,19.24
COPD,DRUGSCREENSINGLE,AS,F,G,P60,0.0454545,19.24,1,19.24
COPD,DRUGSCREENSINGLE,CSM,M,G,P10,0.0434782,19.24,1,19.24
COPD,ELECTROCARDIOGRAMTRACING,AS,F,G,P10,0.8333333,13.07,10,130.7
COPD,ELECTROCARDIOGRAMTRACING,AS,F,G,P40,0.75,13.07,3,39.21
COPD,ELECTROCARDIOGRAMTRACING,AS,F,G,P60,0.5454545,13.07,12,156.84
COPD,ELECTROCARDIOGRAMTRACING,AS,M,G,P10,0.5,13.07,1,13.07
COPD,ELECTROCARDIOGRAMTRACING,AS,M,G,P40,0.8571428,13.07,6,78.42
COPD,ELECTROCARDIOGRAMTRACING,AS,M,G,P60,0.2222222,13.07,4,52.28
COPD,ELECTROCARDIOGRAMTRACING,CSM,F,F,P10,1,13.07,2,26.14
COPD,ELECTROCARDIOGRAMTRACING,CSM,F,G,P10,0.7586206,13.07,22,287.54
COPD,ELECTROCARDIOGRAMTRACING,CSM,F,G,P60,0.4047619,13.07,17,222.19
COPD,ELECTROCARDIOGRAMTRACING,CSM,M,G,P10,0.6956521,13.07,16,209.12
COPD,ELECTROCARDIOGRAMTRACING,CSM,M,G,P40,0.625,13.07,5,65.35
COPD,ELECTROCARDIOGRAMTRACING,CSM,M,G,P60,0.117647,13.07,2,26.14
COPD,ELECTROCARDIOGRAMTRACING,WFStF,F,G,P10,0.8095238,13.07,34,444.38
COPD,ELECTROCARDIOGRAMTRACING,WFStF,F,G,P40,0.1764705,13.07,6,78.42
COPD,EMERGENCYDEPTVISIT,AS,F,E,P90,1,56.78,1,56.78
COPD,EMERGENCYDEPTVISIT,AS,F,F,P60,1,156.96,1,156.96
COPD,EMERGENCYDEPTVISIT,AS,F,G,P10,0.1666666,105.32,2,210.64
COPD,EMERGENCYDEPTVISIT,AS,F,G,P10,0.8333333,156.96,10,1569.6
COPD,EMERGENCYDEPTVISIT,AS,F,G,P40,1,156.96,4,627.84
COPD,EMERGENCYDEPTVISIT,AS,F,G,P60,0.090909,105.32,2,210.64
COPD,EMERGENCYDEPTVISIT,AS,F,G,P60,0.590909,156.96,13,2040.48
COPD,EMERGENCYDEPTVISIT,AS,M,G,P10,1,156.96,2,313.92
COPD,EMERGENCYDEPTVISIT,AS,M,G,P40,0.2857142,105.32,2,210.64
COPD,EMERGENCYDEPTVISIT,AS,M,G,P40,0.7142857,156.96,5,784.8
COPD,EMERGENCYDEPTVISIT,AS,M,G,P60,0.0555555,105.32,1,105.32
COPD,EMERGENCYDEPTVISIT,AS,M,G,P60,0.2777777,156.96,5,784.8
COPD,EMERGENCYDEPTVISIT,CSM,F,B,P10,1,56.78,1,56.78
COPD,EMERGENCYDEPTVISIT,CSM,F,F,P10,1,156.96,2,313.92
COPD,EMERGENCYDEPTVISIT,CSM,F,G,P10,0.1034482,56.78,3,170.34
COPD,EMERGENCYDEPTVISIT,CSM,F,G,P10,0.1724137,105.32,5,526.6
COPD,EMERGENCYDEPTVISIT,CSM,F,G,P10,0.7241379,156.96,21,3296.16
COPD,EMERGENCYDEPTVISIT,CSM,F,G,P60,0.0238095,56.78,1,56.78
COPD,EMERGENCYDEPTVISIT,CSM,F,G,P60,0.4285714,156.96,18,2825.28
COPD,EMERGENCYDEPTVISIT,CSM,M,G,P10,0.1304347,56.78,3,170.34
COPD,EMERGENCYDEPTVISIT,CSM,M,G,P10,0.173913,105.32,4,421.28
COPD,EMERGENCYDEPTVISIT,CSM,M,G,P10,0.6086956,156.96,14,2197.44
COPD,EMERGENCYDEPTVISIT,CSM,M,G,P40,0.375,156.96,3,470.88
COPD,EMERGENCYDEPTVISIT,CSM,M,G,P40,0.75,105.32,6,631.92
COPD,EMERGENCYDEPTVISIT,CSM,M,G,P60,0.1764705,156.96,3,470.88
COPD,EMERGENCYDEPTVISIT,WFStF,F,F,P10,0.5,156.96,1,156.96
COPD,EMERGENCYDEPTVISIT,WFStF,F,G,P10,0.047619,35.48,2,70.96
COPD,EMERGENCYDEPTVISIT,WFStF,F,G,P10,0.1190476,56.78,5,283.9
COPD,EMERGENCYDEPTVISIT,WFStF,F,G,P10,0.2619047,105.32,11,1158.52
COPD,EMERGENCYDEPTVISIT,WFStF,F,G,P10,0.5714285,156.96,24,3767.04
COPD,EMERGENCYDEPTVISIT,WFStF,F,G,P40,0.0588235,56.78,2,113.56
COPD,EMERGENCYDEPTVISIT,WFStF,F,G,P40,0.0588235,105.32,2,210.64
COPD,EMERGENCYDEPTVISIT,WFStF,F,G,P40,0.117647,156.96,4,627.84
COPD,EMERGENCYDEPTVISIT,WFStF,M,F,P60,0.5,56.78,1,56.78
COPD,EVALUATEPTUSEOFINHALER,CSM,F,F,P10,0.5,13.52,1,13.52
COPD,EVALUATEPTUSEOFINHALER,CSM,F,G,P10,0.0344827,13.52,1,13.52
COPD,EVALUATEPTUSEOFINHALER,CSM,F,G,P60,0.047619,13.52,2,27.04
COPD,EVALUATEPTUSEOFINHALER,CSM,M,G,P10,0.0434782,13.52,1,13.52
COPD,EVALUATEPTUSEOFINHALER,CSM,M,G,P40,0.25,13.52,2,27.04
COPD,EVALUATEPTUSEOFINHALER,CSM,M,G,P60,0.117647,13.52,2,27.04
COPD,EVALUATEPTUSEOFINHALER,WFStF,F,G,P10,0.0238095,13.52,1,13.52
COPD,EVALUATEPTUSEOFINHALER,WFStF,F,G,P40,0.0294117,13.52,1,13.52
COPD,EXTREMITYSTUDY,AS,F,G,P10,0.0833333,31.91,1,31.91
COPD,EXTREMITYSTUDY,AS,F,G,P10,0.0833333,136.09,1,136.09
COPD,EXTREMITYSTUDY,AS,F,G,P10,0.0833333,168,1,168
COPD,EXTREMITYSTUDY,WFStF,F,G,P10,0.0238095,31.91,1,31.91
COPD,EXTREMITYSTUDY,WFStF,F,G,P10,0.0238095,136.09,1,136.09
COPD,EXTREMITYSTUDY,WFStF,F,G,P10,0.0238095,168,1,168
COPD,FIBRINDEGRADATIONQUANT,AS,F,G,P60,0.0454545,11.32,1,11.32
COPD,FIBRINDEGRADATIONQUANT,CSM,F,G,P10,0.0344827,11.32,1,11.32
COPD,FIBRINDEGRADATIONQUANT,CSM,F,G,P60,0.0238095,11.32,1,11.32
COPD,FIBRINDEGRADATIONQUANT,CSM,M,G,P60,0.0588235,11.32,1,11.32
COPD,FIBRINDEGRADATIONQUANT,WFStF,F,G,P10,0.1666666,11.32,7,79.24
COPD,FIBRINDEGRADATIONQUANT,WFStF,F,G,P40,0.0294117,11.32,1,11.32
COPD,FLUOROGUIDEFORVEINDEVICE,CSM,F,G,P60,0.0238095,17.35,1,17.35
COPD,FLUOROGUIDEFORVEINDEVICE,CSM,F,G,P60,0.0238095,70.58,1,70.58
COPD,FLUOROGUIDEFORVEINDEVICE,CSM,F,G,P60,0.0238095,87.93,1,87.93
COPD,GLUCOSEBLOODTEST,AS,F,F,P60,1,3.27,1,3.27
COPD,GLUCOSEBLOODTEST,AS,F,G,P40,0.25,3.27,1,3.27
COPD,GLUCOSEBLOODTEST,AS,F,G,P60,0.0454545,3.27,1,3.27
COPD,GLUCOSEBLOODTEST,CSM,F,G,P10,0.0689655,3.27,2,6.54
COPD,GLUCOSEBLOODTEST,CSM,F,G,P60,0.047619,3.27,2,6.54
COPD,GLUCOSEBLOODTEST,CSM,M,G,P10,0.2608695,3.27,6,19.62
COPD,GLUCOSEBLOODTEST,CSM,M,G,P40,0.25,3.27,2,6.54
COPD,GLUCOSEBLOODTEST,CSM,M,G,P60,0.0588235,3.27,1,3.27
COPD,GLUCOSEBLOODTEST,WFStF,F,G,P10,0.1904761,3.27,8,26.16
COPD,GLUCOSEBLOODTEST,WFStF,F,G,P40,0.0588235,3.27,2,6.54
COPD,GLYCOSYLATEDHEMOGLOBINTEST,AS,F,F,P60,1,13.56,1,13.56
COPD,HEMATOCRIT,AS,F,G,P10,0.25,3.31,3,9.93
COPD,HEMATOCRIT,AS,F,G,P40,0.25,3.31,1,3.31
COPD,HEMATOCRIT,AS,F,G,P60,0.1363636,3.31,3,9.93
COPD,HEMATOCRIT,AS,M,G,P10,0.5,3.31,1,3.31
COPD,HEMATOCRIT,AS,M,G,P40,0.2857142,3.31,2,6.62
COPD,HEMATOCRIT,AS,M,G,P60,0.0555555,3.31,1,3.31
COPD,HEPATICFUNCTIONPANEL,CSM,F,G,P60,0.0238095,11.42,1,11.42
COPD,HEPATICFUNCTIONPANEL,WFStF,F,G,P10,0.0238095,11.42,1,11.42
COPD,HEPATICFUNCTIONPANEL,WFStF,F,G,P40,0.0294117,11.42,1,11.42
COPD,HYDRATEIVINFUSIONADD-ON,CSM,M,G,P10,0.0434782,16.56,1,16.56
COPD,HYDRATEIVINFUSIONADD-ON,WFStF,F,G,P10,0.0238095,16.56,1,16.56
COPD,HYDRATEIVINFUSIONADD-ON,WFStF,M,F,P60,0.5,16.56,1,16.56
COPD,HYDRATIONIVINFUSIONINIT,AS,M,G,P60,0.0555555,55.3,1,55.3
COPD,HYDRATIONIVINFUSIONINIT,CSM,F,G,P10,0.0344827,55.3,1,55.3
COPD,HYDRATIONIVINFUSIONINIT,CSM,F,G,P60,0.047619,55.3,2,110.6
COPD,HYDRATIONIVINFUSIONINIT,CSM,M,G,P10,0.0869565,55.3,2,110.6
COPD,INFLUENZAASSAYW-OPTIC,CSM,F,G,P60,0.047619,16.76,2,33.52
COPD,INFLUENZAASSAYW-OPTIC,CSM,M,G,P60,0.0588235,16.76,1,16.76
COPD,INSERTBLADDERCATHETER,CSM,F,G,P60,0.0238095,25.37,1,25.37
COPD,INSERTPICCCATH,CSM,F,G,P60,0.0238095,86.95,1,86.95
COPD,INSERTTEMPBLADDERCATH,WFStF,F,G,P10,0.047619,27.82,2,55.64
COPD,LEGIONPNEUMOPHILIAAGIF,CSM,M,G,P60,0.0588235,16.76,1,16.76
COPD,LUNGV-QIMAGING,CSM,F,G,P10,0.0344827,50.66,1,50.66
COPD,LUNGV-QIMAGING,CSM,F,G,P10,0.0344827,250.29,1,250.29
COPD,LUNGV-QIMAGING,CSM,F,G,P10,0.0344827,300.95,1,300.95
COPD,MEASUREBLOODOXYGENLEVEL,AS,F,G,P10,0.0833333,2.2,1,2.2
COPD,MEASUREBLOODOXYGENLEVEL,AS,F,G,P10,0.25,4.51,3,13.53
COPD,MEASUREBLOODOXYGENLEVEL,AS,F,G,P40,0.5,4.51,2,9.02
COPD,MEASUREBLOODOXYGENLEVEL,AS,F,G,P60,0.1818181,2.2,4,8.8
COPD,MEASUREBLOODOXYGENLEVEL,AS,F,G,P60,0.3181818,4.51,7,31.57
COPD,MEASUREBLOODOXYGENLEVEL,AS,M,G,P10,0.5,2.2,1,2.2
COPD,MEASUREBLOODOXYGENLEVEL,AS,M,G,P40,0.2857142,2.2,2,4.4
COPD,MEASUREBLOODOXYGENLEVEL,AS,M,G,P40,0.4285714,4.51,3,13.53
COPD,MEASUREBLOODOXYGENLEVEL,AS,M,G,P60,0.0555555,2.2,1,2.2
COPD,MEASUREBLOODOXYGENLEVEL,AS,M,G,P60,0.2222222,4.51,4,18.04
COPD,METABOLICPANELIONIZEDCA,CSM,F,F,P10,0.5,30.51,1,30.51
COPD,METABOLICPANELIONIZEDCA,CSM,F,G,P10,0.3103448,30.51,9,274.59
COPD,METABOLICPANELIONIZEDCA,CSM,F,G,P60,0.1190476,30.51,5,152.55
COPD,METABOLICPANELIONIZEDCA,CSM,M,G,P10,0.2608695,30.51,6,183.06
COPD,METABOLICPANELIONIZEDCA,CSM,M,G,P40,0.125,30.51,1,30.51
COPD,METABOLICPANELTOTALCA,AS,F,G,P10,0.0833333,11.83,1,11.83
COPD,METABOLICPANELTOTALCA,AS,F,G,P40,0.25,11.83,1,11.83
COPD,METABOLICPANELTOTALCA,AS,F,G,P60,0.1363636,11.83,3,35.49
COPD,METABOLICPANELTOTALCA,AS,M,G,P40,0.1428571,11.83,1,11.83
COPD,METABOLICPANELTOTALCA,AS,M,G,P60,0.1666666,11.83,3,35.49
COPD,METABOLICPANELTOTALCA,CSM,F,G,P60,0.0714285,11.83,3,35.49
COPD,METABOLICPANELTOTALCA,CSM,M,G,P10,0.0434782,11.83,1,11.83
COPD,METABOLICPANELTOTALCA,CSM,M,G,P60,0.117647,11.83,2,23.66
COPD,METABOLICPANELTOTALCA,WFStF,F,F,P10,0.5,11.83,1,11.83
COPD,METABOLICPANELTOTALCA,WFStF,F,G,P10,0.3333333,11.83,14,165.62
COPD,METABOLICPANELTOTALCA,WFStF,F,G,P40,0.117647,11.83,4,47.32
COPD,MICROBESUSCEPTIBLEDISK,CSM,F,G,P10,0.0344827,9.63,1,9.63
COPD,MICROBESUSCEPTIBLEENZYME,CSM,F,G,P10,0.0344827,6.64,1,6.64
COPD,MICROBESUSCEPTIBLEMIC,CSM,F,G,P10,0.0344827,12.08,1,12.08
COPD,MR-STAPHDNAAMPPROBE,AS,F,G,P40,0.25,49.04,1,49.04
COPD,MYCOPLASMAANTIBODY,CSM,M,G,P60,0.0588235,18.51,1,18.51
COPD,NATRIURETICPEPTIDE,AS,F,G,P10,0.5,47.43,6,284.58
COPD,NATRIURETICPEPTIDE,AS,F,G,P40,0.75,47.43,3,142.29
COPD,NATRIURETICPEPTIDE,AS,F,G,P60,0.5454545,47.43,12,569.16
COPD,NATRIURETICPEPTIDE,AS,M,G,P10,0.5,47.43,1,47.43
COPD,NATRIURETICPEPTIDE,AS,M,G,P40,0.8571428,47.43,6,284.58
COPD,NATRIURETICPEPTIDE,AS,M,G,P60,0.2222222,47.43,4,189.72
COPD,NATRIURETICPEPTIDE,CSM,F,F,P10,0.5,47.43,1,47.43
COPD,NATRIURETICPEPTIDE,CSM,F,G,P10,0.3103448,47.43,9,426.87
COPD,NATRIURETICPEPTIDE,CSM,F,G,P60,0.1428571,47.43,6,284.58
COPD,NATRIURETICPEPTIDE,CSM,M,G,P10,0.347826,47.43,8,379.44
COPD,NATRIURETICPEPTIDE,CSM,M,G,P40,0.25,47.43,2,94.86
COPD,NATRIURETICPEPTIDE,WFStF,F,G,P10,0.5238095,47.43,22,1043.46
COPD,NATRIURETICPEPTIDE,WFStF,F,G,P40,0.0882352,47.43,3,142.29
COPD,OFFICE-OUTPATIENTVISITEST,WFStF,F,F,P10,0.5,40.64,1,40.64
COPD,PARTICLEAGGLUTINATIONTEST,CSM,M,G,P60,0.0588235,14.24,1,14.24
COPD,PERFUSIONLUNGIMAGE,WFStF,F,G,P10,0.0238095,50.66,1,50.66
COPD,PERFUSIONLUNGIMAGE,WFStF,F,G,P10,0.0238095,205.19,1,205.19
COPD,PERFUSIONLUNGIMAGE,WFStF,F,G,P10,0.0238095,255.84,1,255.84
COPD,PLACENEEDLEINVEIN,AS,F,G,P10,0.1666666,8.42,2,16.84
COPD,PLACENEEDLEINVEIN,AS,F,G,P40,0.5,8.42,2,16.84
COPD,PLACENEEDLEINVEIN,AS,F,G,P60,0.3636363,8.42,8,67.36
COPD,PLACENEEDLEINVEIN,AS,M,G,P10,0.5,8.42,1,8.42
COPD,PLACENEEDLEINVEIN,AS,M,G,P40,0.2857142,8.42,2,16.84
COPD,PLACENEEDLEINVEIN,AS,M,G,P60,0.1666666,8.42,3,25.26
COPD,POSAIRWAYPRESSURECPAP,AS,F,F,P60,1,33.78,1,33.78
COPD,POSAIRWAYPRESSURECPAP,AS,F,G,P40,0.25,33.78,1,33.78
COPD,POSAIRWAYPRESSURECPAP,AS,F,G,P60,0.0454545,33.78,1,33.78
COPD,POSAIRWAYPRESSURECPAP,CSM,M,G,P40,0.125,33.78,1,33.78
COPD,PROTHROMBINTIME,CSM,F,F,P10,0.5,5.49,1,5.49
COPD,PROTHROMBINTIME,CSM,F,G,P10,0.0689655,5.49,2,10.98
COPD,PROTHROMBINTIME,CSM,F,G,P60,0.047619,5.49,2,10.98
COPD,PROTHROMBINTIME,CSM,M,G,P10,0.0869565,5.49,2,10.98
COPD,PROTHROMBINTIME,CSM,M,G,P40,0.125,5.49,1,5.49
COPD,PROTHROMBINTIME,CSM,M,G,P60,0.0588235,5.49,1,5.49
COPD,PROTHROMBINTIME,WFStF,F,G,P10,0.3809523,5.49,16,87.84
COPD,PROTHROMBINTIME,WFStF,F,G,P40,0.0294117,5.49,1,5.49
COPD,PULMONARYSTRESSTEST-SIMPLE,AS,F,G,P40,0.25,28.31,1,28.31
COPD,PULMONARYSTRESSTEST-SIMPLE,AS,F,G,P40,0.25,53.41,1,53.41
COPD,PULMONARYSTRESSTEST-SIMPLE,AS,F,G,P40,0.25,81.73,1,81.73
COPD,RHYTHMECGTRACING,AS,F,F,P60,1,5.48,1,5.48
COPD,RHYTHMECGTRACING,AS,F,G,P10,0.4166666,5.48,5,27.4
COPD,RHYTHMECGTRACING,AS,F,G,P40,0.75,5.48,3,16.44
COPD,RHYTHMECGTRACING,AS,F,G,P60,0.2727272,5.48,6,32.88
COPD,RHYTHMECGTRACING,AS,M,G,P10,0.5,5.48,1,5.48
COPD,RHYTHMECGTRACING,AS,M,G,P40,0.1428571,5.48,1,5.48
COPD,RHYTHMECGTRACING,AS,M,G,P60,0.2222222,5.48,4,21.92
COPD,ROUTINEVENIPUNCTURE,AS,F,G,P10,0.1666666,3,2,6
COPD,ROUTINEVENIPUNCTURE,AS,F,G,P60,0.1363636,3,3,9
COPD,ROUTINEVENIPUNCTURE,AS,M,G,P40,0.1428571,3,1,3
COPD,ROUTINEVENIPUNCTURE,CSM,F,G,P10,0.3448275,3,10,30
COPD,ROUTINEVENIPUNCTURE,CSM,F,G,P60,0.1190476,3,5,15
COPD,ROUTINEVENIPUNCTURE,CSM,M,G,P10,0.3043478,3,7,21
COPD,ROUTINEVENIPUNCTURE,CSM,M,G,P40,0.375,3,3,9
COPD,ROUTINEVENIPUNCTURE,WFStF,F,F,P10,0.5,3,1,3
COPD,ROUTINEVENIPUNCTURE,WFStF,F,G,P10,0.5238095,3,22,66
COPD,ROUTINEVENIPUNCTURE,WFStF,F,G,P40,0.0588235,3,2,6
COPD,SMEARGRAMSTAIN,AS,F,F,P60,1,5.96,1,5.96
COPD,SMEARGRAMSTAIN,AS,M,G,P60,0.0555555,5.96,1,5.96
COPD,SMEARGRAMSTAIN,CSM,F,G,P10,0.1034482,5.96,3,17.88
COPD,SMEARGRAMSTAIN,CSM,F,G,P60,0.0238095,5.96,1,5.96
COPD,SMEARGRAMSTAIN,CSM,M,G,P10,0.0434782,5.96,1,5.96
COPD,THER-PROPH-DIAGINJIVPUSH,AS,F,G,P10,0.0833333,53.25,1,53.25
COPD,THER-PROPH-DIAGINJIVPUSH,AS,M,G,P60,0.0555555,53.25,1,53.25
COPD,THER-PROPH-DIAGINJIVPUSH,CSM,F,G,P10,0.0344827,53.25,1,53.25
COPD,THER-PROPH-DIAGINJIVPUSH,CSM,F,G,P60,0.095238,53.25,4,213
COPD,THER-PROPH-DIAGINJIVPUSH,CSM,M,G,P60,0.0588235,53.25,1,53.25
COPD,THER-PROPH-DIAGINJIVPUSH,WFStF,F,G,P10,0.0714285,53.25,3,159.75
COPD,THER-PROPH-DIAGINJIVPUSH,WFStF,F,G,P40,0.0588235,53.25,2,106.5
COPD,THER-PROPH-DIAGINJIVPUSH,WFStF,M,F,P60,0.5,53.25,1,53.25
COPD,THER-PROPH-DIAGINJSC-IM,AS,M,G,P60,0.0555555,19.25,1,19.25
COPD,THER-PROPH-DIAGINJSC-IM,CSM,M,G,P60,0.0588235,19.25,1,19.25
COPD,THER-PROPH-DIAGINJSC-IM,WFStF,F,G,P10,0.047619,19.25,2,38.5
COPD,THER-PROPH-DIAGIVINFINIT,CSM,F,G,P10,0.0344827,67.65,1,67.65
COPD,THER-PROPH-DIAGIVINFINIT,CSM,F,G,P60,0.0238095,67.65,1,67.65
COPD,THER-PROPH-DIAGIVINFINIT,CSM,M,G,P10,0.0434782,67.65,1,67.65
COPD,THER-PROPH-DIAGIVINFINIT,WFStF,F,G,P10,0.0238095,67.65,1,67.65
COPD,THROMBOPLASTINTIMEPARTIAL,CSM,F,G,P60,0.0714285,8.38,3,25.14
COPD,THROMBOPLASTINTIMEPARTIAL,CSM,M,G,P10,0.0434782,8.38,1,8.38
COPD,THROMBOPLASTINTIMEPARTIAL,CSM,M,G,P40,0.125,8.38,1,8.38
COPD,THROMBOPLASTINTIMEPARTIAL,CSM,M,G,P60,0.0588235,8.38,1,8.38
COPD,THROMBOPLASTINTIMEPARTIAL,WFStF,F,G,P10,0.2619047,8.38,11,92.18
COPD,THROMBOPLASTINTIMEPARTIAL,WFStF,F,G,P40,0.0294117,8.38,1,8.38
COPD,TTEW-ODOPPLERCOMPLETE,AS,F,G,P60,0.0454545,45.54,1,45.54
COPD,TTEW-ODOPPLERCOMPLETE,AS,F,G,P60,0.0454545,130.28,1,130.28
COPD,TTEW-ODOPPLERCOMPLETE,AS,F,G,P60,0.0454545,175.82,1,175.82
COPD,TX-PRO-DXINJNEWDRUGADDON,AS,F,G,P60,0.0454545,23.25,1,23.25
COPD,TX-PRO-DXINJNEWDRUGADDON,AS,M,G,P60,0.0555555,23.25,1,23.25
COPD,TX-PRO-DXINJNEWDRUGADDON,CSM,M,G,P60,0.0588235,23.25,1,23.25
COPD,TX-PRO-DXINJNEWDRUGADDON,WFStF,M,F,P60,0.5,23.25,1,23.25
COPD,TX-PROPH-DGADDLSEQIVINF,WFStF,F,G,P10,0.0238095,35.06,1,35.06
COPD,URINALYSISNONAUTOW-OSCOPE,WFStF,F,G,P10,0.047619,3.57,2,7.14
COPD,URINALYSISNONAUTOW-OSCOPE,WFStF,F,G,P40,0.0294117,3.57,1,3.57
COPD,URINALYSISAUTOW-SCOPE,AS,F,G,P60,0.1363636,4.43,3,13.29
COPD,URINALYSISAUTOW-SCOPE,CSM,F,G,P10,0.0344827,4.43,1,4.43
COPD,URINALYSISAUTOW-SCOPE,CSM,M,G,P10,0.1304347,4.43,3,13.29
COPD,URINALYSISAUTOW-SCOPE,CSM,M,G,P60,0.0588235,4.43,1,4.43
COPD,URINALYSISAUTOW-SCOPE,WFStF,F,G,P10,0.0714285,4.43,3,13.29
COPD,URINALYSISAUTOW-SCOPE,WFStF,F,G,P40,0.0294117,4.43,1,4.43
COPD,URINALYSISAUTOW-OSCOPE,CSM,F,G,P60,0.047619,3.14,2,6.28
COPD,URINALYSISAUTOW-OSCOPE,CSM,M,G,P10,0.0434782,3.14,1,3.14
COPD,URINECULTURE-COLONYCOUNT,CSM,M,G,P60,0.0588235,11.28,1,11.28
COPD,URINECULTURE-COLONYCOUNT,WFStF,F,G,P10,0.047619,11.28,2,22.56
COPD,USEXAMABDOMCOMPLETE,CSM,F,G,P10,0.0344827,37.4,1,37.4
COPD,USEXAMABDOMCOMPLETE,CSM,F,G,P10,0.0344827,85.17,1,85.17
COPD,USEXAMABDOMCOMPLETE,CSM,F,G,P10,0.0344827,122.58,1,122.58
COPD,VENTMGMTINPATINITDAY,CSM,M,G,P10,0.0434782,80.6,1,80.6
COPD,WITHDRAWALOFARTERIALBLOOD,AS,F,G,P10,0.0833333,13.92,1,13.92
COPD,X-RAYEXAMOFABDOMEN,CSM,M,G,P10,0.0434782,12.52,1,12.52
COPD,X-RAYEXAMOFABDOMEN,CSM,M,G,P10,0.0434782,24.38,1,24.38
COPD,X-RAYEXAMOFABDOMEN,CSM,M,G,P10,0.0434782,36.9,1,36.9
COPD,X-RAYEXAMOFFOOT,CSM,M,G,P10,0.0434782,8.04,1,8.04
COPD,X-RAYEXAMOFFOOT,CSM,M,G,P10,0.0434782,20.42,1,20.42
COPD,X-RAYEXAMOFFOOT,CSM,M,G,P10,0.0434782,28.46,1,28.46
COPD,X-RAYEXAMOFPELVIS,CSM,M,G,P10,0.0434782,8.04,1,8.04
COPD,X-RAYEXAMOFPELVIS,CSM,M,G,P10,0.0434782,17.27,1,17.27
COPD,X-RAYEXAMOFPELVIS,CSM,M,G,P10,0.0434782,25.31,1,25.31
COPD,X-RAYEXAMOFTHIGH,CSM,M,G,P10,0.0434782,8.04,1,8.04
COPD,X-RAYEXAMOFTHIGH,CSM,M,G,P10,0.0434782,19.47,1,19.47
COPD,X-RAYEXAMOFTHIGH,CSM,M,G,P10,0.0434782,27.51,1,27.51
