Asthma,ACETONEASSAY,WFStF,F,E,P60,0.0625,11.42,1,11.42
Asthma,AIRWAYINHALATIONTREATMENT,AS,F,C,P60,0.1428571,12.36,1,12.36
Asthma,AIRWAYINHALATIONTREATMENT,AS,F,D,P40,0.3333333,12.36,2,24.72
Asthma,AIRWAYINHALATIONTREATMENT,AS,F,D,P60,0.2,12.36,2,24.72
Asthma,AIRWAYINHALATIONTREATMENT,AS,F,E,P10,0.0714285,12.36,1,12.36
Asthma,AIRWAYINHALATIONTREATMENT,AS,F,E,P40,0.3333333,12.36,5,61.8
Asthma,AIRWAYINHALATIONTREATMENT,AS,F,E,P60,0.4482758,12.36,13,160.68
Asthma,AIRWAYINHALATIONTREATMENT,AS,F,E,P90,3,12.36,6,74.16
Asthma,AIRWAYINHALATIONTREATMENT,AS,F,F,P40,0.2857142,12.36,2,24.72
Asthma,AIRWAYINHALATIONTREATMENT,AS,F,F,P60,0.4545454,12.36,5,61.8
Asthma,AIRWAYINHALATIONTREATMENT,AS,F,F,P90,1.5,12.36,3,37.08
Asthma,AIRWAYINHALATIONTREATMENT,AS,F,G,P10,0.076923,12.36,1,12.36
Asthma,AIRWAYINHALATIONTREATMENT,AS,F,G,P60,0.576923,12.36,15,185.4
Asthma,AIRWAYINHALATIONTREATMENT,AS,F,G,P90,1,12.36,2,24.72
Asthma,AIRWAYINHALATIONTREATMENT,AS,M,B,P10,0.5,12.36,1,12.36
Asthma,AIRWAYINHALATIONTREATMENT,AS,M,B,P60,0.6666666,12.36,4,49.44
Asthma,AIRWAYINHALATIONTREATMENT,AS,M,C,P10,0.2222222,12.36,2,24.72
Asthma,AIRWAYINHALATIONTREATMENT,AS,M,C,P60,0.117647,12.36,2,24.72
Asthma,AIRWAYINHALATIONTREATMENT,AS,M,C,P90,0.5,12.36,1,12.36
Asthma,AIRWAYINHALATIONTREATMENT,AS,M,D,P40,0.4,12.36,2,24.72
Asthma,AIRWAYINHALATIONTREATMENT,AS,M,D,P90,1,12.36,2,24.72
Asthma,AIRWAYINHALATIONTREATMENT,AS,M,E,P40,0.75,12.36,3,37.08
Asthma,AIRWAYINHALATIONTREATMENT,AS,M,E,P60,0.6666666,12.36,6,74.16
Asthma,AIRWAYINHALATIONTREATMENT,AS,M,E,P90,5,12.36,5,61.8
Asthma,AIRWAYINHALATIONTREATMENT,AS,M,F,P40,0.6666666,12.36,4,49.44
Asthma,AIRWAYINHALATIONTREATMENT,AS,M,F,P60,0.4166666,12.36,5,61.8
Asthma,AIRWAYINHALATIONTREATMENT,AS,M,F,P90,3,12.36,3,37.08
Asthma,AIRWAYINHALATIONTREATMENT,AS,M,G,P60,0.4285714,12.36,6,74.16
Asthma,AIRWAYINHALATIONTREATMENT,AS,M,G,P90,3,12.36,3,37.08
Asthma,AIRWAYINHALATIONTREATMENT,CSM,F,B,P10,1,12.36,1,12.36
Asthma,AIRWAYINHALATIONTREATMENT,CSM,F,B,P40,1,12.36,2,24.72
Asthma,AIRWAYINHALATIONTREATMENT,CSM,F,B,P60,2,12.36,4,49.44
Asthma,AIRWAYINHALATIONTREATMENT,CSM,F,B,P90,1,12.36,1,12.36
Asthma,AIRWAYINHALATIONTREATMENT,CSM,F,C,P40,1,12.36,1,12.36
Asthma,AIRWAYINHALATIONTREATMENT,CSM,F,C,P60,1,12.36,2,24.72
Asthma,AIRWAYINHALATIONTREATMENT,CSM,F,C,P90,1,12.36,1,12.36
Asthma,AIRWAYINHALATIONTREATMENT,CSM,F,D,P60,1,12.36,3,37.08
Asthma,AIRWAYINHALATIONTREATMENT,CSM,F,D,P90,1,12.36,1,12.36
Asthma,AIRWAYINHALATIONTREATMENT,CSM,F,E,P10,0.7,12.36,7,86.52
Asthma,AIRWAYINHALATIONTREATMENT,CSM,F,E,P40,0.7,12.36,7,86.52
Asthma,AIRWAYINHALATIONTREATMENT,CSM,F,E,P60,1.6315789,12.36,31,383.16
Asthma,AIRWAYINHALATIONTREATMENT,CSM,F,E,P90,4,12.36,8,98.88
Asthma,AIRWAYINHALATIONTREATMENT,CSM,F,F,P10,0.6,12.36,3,37.08
Asthma,AIRWAYINHALATIONTREATMENT,CSM,F,F,P40,0.8333333,12.36,5,61.8
Asthma,AIRWAYINHALATIONTREATMENT,CSM,F,F,P60,1.1,12.36,11,135.96
Asthma,AIRWAYINHALATIONTREATMENT,CSM,F,F,P90,3.5,12.36,7,86.52
Asthma,AIRWAYINHALATIONTREATMENT,CSM,F,G,P10,1,12.36,8,98.88
Asthma,AIRWAYINHALATIONTREATMENT,CSM,F,G,P40,0.7777777,12.36,7,86.52
Asthma,AIRWAYINHALATIONTREATMENT,CSM,F,G,P60,2.3333333,12.36,35,432.6
Asthma,AIRWAYINHALATIONTREATMENT,CSM,F,G,P90,2.3333333,12.36,7,86.52
Asthma,AIRWAYINHALATIONTREATMENT,CSM,M,B,P40,1,12.36,1,12.36
Asthma,AIRWAYINHALATIONTREATMENT,CSM,M,B,P60,1,12.36,3,37.08
Asthma,AIRWAYINHALATIONTREATMENT,CSM,M,B,P90,1,12.36,2,24.72
Asthma,AIRWAYINHALATIONTREATMENT,CSM,M,C,P10,0.5,12.36,2,24.72
Asthma,AIRWAYINHALATIONTREATMENT,CSM,M,C,P40,1.3333333,12.36,8,98.88
Asthma,AIRWAYINHALATIONTREATMENT,CSM,M,C,P60,1.125,12.36,9,111.24
Asthma,AIRWAYINHALATIONTREATMENT,CSM,M,D,P10,1,12.36,1,12.36
Asthma,AIRWAYINHALATIONTREATMENT,CSM,M,D,P40,1,12.36,2,24.72
Asthma,AIRWAYINHALATIONTREATMENT,CSM,M,D,P60,0.3333333,12.36,1,12.36
Asthma,AIRWAYINHALATIONTREATMENT,CSM,M,D,P90,2,12.36,2,24.72
Asthma,AIRWAYINHALATIONTREATMENT,CSM,M,E,P10,0.5,12.36,1,12.36
Asthma,AIRWAYINHALATIONTREATMENT,CSM,M,E,P40,1,12.36,3,37.08
Asthma,AIRWAYINHALATIONTREATMENT,CSM,M,E,P60,1.1666666,12.36,7,86.52
Asthma,AIRWAYINHALATIONTREATMENT,CSM,M,E,P90,1,12.36,1,12.36
Asthma,AIRWAYINHALATIONTREATMENT,CSM,M,F,P10,1,12.36,2,24.72
Asthma,AIRWAYINHALATIONTREATMENT,CSM,M,F,P40,0.5,12.36,1,12.36
Asthma,AIRWAYINHALATIONTREATMENT,CSM,M,F,P60,1.4285714,12.36,10,123.6
Asthma,AIRWAYINHALATIONTREATMENT,CSM,M,F,P90,2.6666666,12.36,8,98.88
Asthma,AIRWAYINHALATIONTREATMENT,CSM,M,G,P40,1,12.36,3,37.08
Asthma,AIRWAYINHALATIONTREATMENT,CSM,M,G,P90,2,12.36,4,49.44
Asthma,AIRWAYINHALATIONTREATMENT,WFStF,F,B,P40,1.2,12.36,6,74.16
Asthma,AIRWAYINHALATIONTREATMENT,WFStF,F,B,P60,1.2222222,12.36,11,135.96
Asthma,AIRWAYINHALATIONTREATMENT,WFStF,F,B,P90,1,12.36,2,24.72
Asthma,AIRWAYINHALATIONTREATMENT,WFStF,F,C,P40,1.25,12.36,5,61.8
Asthma,AIRWAYINHALATIONTREATMENT,WFStF,F,C,P60,1,12.36,6,74.16
Asthma,AIRWAYINHALATIONTREATMENT,WFStF,F,C,P90,2,12.36,2,24.72
Asthma,AIRWAYINHALATIONTREATMENT,WFStF,F,D,P40,0.6666666,12.36,2,24.72
Asthma,AIRWAYINHALATIONTREATMENT,WFStF,F,D,P60,1.25,12.36,5,61.8
Asthma,AIRWAYINHALATIONTREATMENT,WFStF,F,E,P10,0.625,12.36,5,61.8
Asthma,AIRWAYINHALATIONTREATMENT,WFStF,F,E,P40,1.1111111,12.36,10,123.6
Asthma,AIRWAYINHALATIONTREATMENT,WFStF,F,E,P60,1.3125,12.36,21,259.56
Asthma,AIRWAYINHALATIONTREATMENT,WFStF,F,E,P90,1.5,12.36,3,37.08
Asthma,AIRWAYINHALATIONTREATMENT,WFStF,F,F,P10,1,12.36,3,37.08
Asthma,AIRWAYINHALATIONTREATMENT,WFStF,F,F,P40,0.75,12.36,3,37.08
Asthma,AIRWAYINHALATIONTREATMENT,WFStF,F,F,P60,1.25,12.36,10,123.6
Asthma,AIRWAYINHALATIONTREATMENT,WFStF,F,F,P90,2,12.36,2,24.72
Asthma,AIRWAYINHALATIONTREATMENT,WFStF,F,G,P10,0.6666666,12.36,2,24.72
Asthma,AIRWAYINHALATIONTREATMENT,WFStF,F,G,P40,1,12.36,4,49.44
Asthma,AIRWAYINHALATIONTREATMENT,WFStF,F,G,P60,1,12.36,6,74.16
Asthma,AIRWAYINHALATIONTREATMENT,WFStF,F,G,P90,1,12.36,1,12.36
Asthma,AIRWAYINHALATIONTREATMENT,WFStF,M,B,P40,0.6666666,12.36,2,24.72
Asthma,AIRWAYINHALATIONTREATMENT,WFStF,M,B,P60,1.3333333,12.36,8,98.88
Asthma,AIRWAYINHALATIONTREATMENT,WFStF,M,B,P90,1,12.36,1,12.36
Asthma,AIRWAYINHALATIONTREATMENT,WFStF,M,C,P10,0.2857142,12.36,2,24.72
Asthma,AIRWAYINHALATIONTREATMENT,WFStF,M,C,P40,0.8333333,12.36,5,61.8
Asthma,AIRWAYINHALATIONTREATMENT,WFStF,M,C,P60,1,12.36,14,173.04
Asthma,AIRWAYINHALATIONTREATMENT,WFStF,M,C,P90,0.5,12.36,1,12.36
Asthma,AIRWAYINHALATIONTREATMENT,WFStF,M,D,P10,0.5,12.36,1,12.36
Asthma,AIRWAYINHALATIONTREATMENT,WFStF,M,D,P40,0.6666666,12.36,2,24.72
Asthma,AIRWAYINHALATIONTREATMENT,WFStF,M,D,P60,0.6666666,12.36,4,49.44
Asthma,AIRWAYINHALATIONTREATMENT,WFStF,M,D,P90,1,12.36,1,12.36
Asthma,AIRWAYINHALATIONTREATMENT,WFStF,M,E,P40,2,12.36,4,49.44
Asthma,AIRWAYINHALATIONTREATMENT,WFStF,M,E,P60,1.25,12.36,5,61.8
Asthma,AIRWAYINHALATIONTREATMENT,WFStF,M,E,P90,2,12.36,2,24.72
Asthma,AIRWAYINHALATIONTREATMENT,WFStF,M,F,P10,1,12.36,2,24.72
Asthma,AIRWAYINHALATIONTREATMENT,WFStF,M,F,P40,0.5,12.36,1,12.36
Asthma,AIRWAYINHALATIONTREATMENT,WFStF,M,F,P60,1,12.36,4,49.44
Asthma,AIRWAYINHALATIONTREATMENT,WFStF,M,G,P10,1,12.36,2,24.72
Asthma,AIRWAYINHALATIONTREATMENT,WFStF,M,G,P40,1,12.36,2,24.72
Asthma,AIRWAYINHALATIONTREATMENT,WFStF,M,G,P60,1.5,12.36,6,74.16
Asthma,AIRWAYINHALATIONTREATMENT,WFStF,M,G,P90,3,12.36,3,37.08
Asthma,ASSAYOFACETAMINOPHEN,CSM,M,E,P60,0.1666666,28.28,1,28.28
Asthma,ASSAYOFAMYLASE,CSM,M,G,P40,0.3333333,9.06,1,9.06
Asthma,ASSAYOFBLOODCHLORIDE,AS,F,E,P60,0.0344827,6.42,1,6.42
Asthma,ASSAYOFCALCIUM,AS,M,G,P60,0.0714285,19.09,1,19.09
Asthma,ASSAYOFCALCIUM,CSM,F,G,P60,0.1333333,19.09,2,38.18
Asthma,ASSAYOFCK-CPK-,AS,F,F,P60,0.090909,9.1,1,9.1
Asthma,ASSAYOFCK-CPK-,CSM,F,F,P60,0.1,9.1,1,9.1
Asthma,ASSAYOFCK-CPK-,CSM,F,G,P90,0.3333333,9.1,1,9.1
Asthma,ASSAYOFCK-CPK-,WFStF,F,F,P90,1,9.1,1,9.1
Asthma,ASSAYOFCK-CPK-,WFStF,F,G,P60,0.5,9.1,3,27.3
Asthma,ASSAYOFCK-CPK-,WFStF,F,G,P90,1,9.1,1,9.1
Asthma,ASSAYOFCK-CPK-,WFStF,M,D,P60,0.1666666,9.1,1,9.1
Asthma,ASSAYOFCK-CPK-,WFStF,M,G,P40,1,9.1,2,18.2
Asthma,ASSAYOFCK-CPK-,WFStF,M,G,P60,0.5,9.1,2,18.2
Asthma,ASSAYOFCK-CPK-,WFStF,M,G,P90,1,9.1,1,9.1
Asthma,ASSAYOFCREATININE,AS,F,E,P60,0.0344827,7.16,1,7.16
Asthma,ASSAYOFCREATININE,CSM,F,G,P60,0.1333333,7.16,2,14.32
Asthma,ASSAYOFCREATININE,WFStF,F,E,P60,0.0625,7.16,1,7.16
Asthma,ASSAYOFETHANOL,CSM,F,E,P90,0.5,15.1,1,15.1
Asthma,ASSAYOFETHANOL,CSM,M,D,P60,0.3333333,15.1,1,15.1
Asthma,ASSAYOFETHANOL,CSM,M,E,P60,0.3333333,15.1,2,30.2
Asthma,ASSAYOFETHANOL,WFStF,M,G,P60,0.5,15.1,2,30.2
Asthma,ASSAYOFFREETHYROXINE,CSM,F,E,P90,0.5,12.6,1,12.6
Asthma,ASSAYOFLIPASE,CSM,F,F,P60,0.1,9.62,1,9.62
Asthma,ASSAYOFLIPASE,CSM,F,G,P60,0.0666666,9.62,1,9.62
Asthma,ASSAYOFLIPASE,CSM,M,G,P40,0.3333333,9.62,1,9.62
Asthma,ASSAYOFLIPASE,WFStF,M,G,P60,0.25,9.62,1,9.62
Asthma,ASSAYOFLIPASE,WFStF,M,G,P90,1,9.62,1,9.62
Asthma,ASSAYOFMAGNESIUM,CSM,F,E,P90,0.5,9.36,1,9.36
Asthma,ASSAYOFMAGNESIUM,CSM,F,F,P90,0.5,9.36,1,9.36
Asthma,ASSAYOFMAGNESIUM,CSM,F,G,P60,0.2,9.36,3,28.08
Asthma,ASSAYOFMAGNESIUM,CSM,F,G,P90,0.3333333,9.36,1,9.36
Asthma,ASSAYOFMAGNESIUM,WFStF,M,E,P90,3,9.36,3,28.08
Asthma,ASSAYOFMYOGLOBIN,AS,F,E,P60,0.0344827,18.04,1,18.04
Asthma,ASSAYOFMYOGLOBIN,AS,F,F,P60,0.1818181,18.04,2,36.08
Asthma,ASSAYOFMYOGLOBIN,AS,F,F,P90,0.5,18.04,1,18.04
Asthma,ASSAYOFMYOGLOBIN,AS,F,G,P60,0.076923,18.04,2,36.08
Asthma,ASSAYOFMYOGLOBIN,AS,F,G,P90,0.5,18.04,1,18.04
Asthma,ASSAYOFMYOGLOBIN,AS,M,E,P60,0.2222222,18.04,2,36.08
Asthma,ASSAYOFMYOGLOBIN,AS,M,G,P60,0.2142857,18.04,3,54.12
Asthma,ASSAYOFMYOGLOBIN,CSM,F,E,P60,0.1578947,18.04,3,54.12
Asthma,ASSAYOFMYOGLOBIN,CSM,F,F,P10,0.4,18.04,2,36.08
Asthma,ASSAYOFMYOGLOBIN,CSM,F,F,P90,1,18.04,2,36.08
Asthma,ASSAYOFMYOGLOBIN,CSM,F,G,P40,0.1111111,18.04,1,18.04
Asthma,ASSAYOFMYOGLOBIN,CSM,F,G,P60,0.5333333,18.04,8,144.32
Asthma,ASSAYOFMYOGLOBIN,CSM,F,G,P90,1,18.04,3,54.12
Asthma,ASSAYOFMYOGLOBIN,CSM,M,G,P40,0.3333333,18.04,1,18.04
Asthma,ASSAYOFMYOGLOBIN,CSM,M,G,P60,1,18.04,1,18.04
Asthma,ASSAYOFMYOGLOBIN,CSM,M,G,P90,1,18.04,2,36.08
Asthma,ASSAYOFMYOGLOBIN,WFStF,F,G,P60,0.1666666,18.04,1,18.04
Asthma,ASSAYOFPHOSPHORUS,CSM,F,E,P90,0.5,6.63,1,6.63
Asthma,ASSAYOFPHOSPHORUS,WFStF,M,E,P90,2,6.63,2,13.26
Asthma,ASSAYOFSALICYLATE,CSM,M,E,P60,0.1666666,9.92,1,9.92
Asthma,ASSAYOFSERUMPOTASSIUM,AS,F,E,P60,0.0344827,6.42,1,6.42
Asthma,ASSAYOFSERUMPOTASSIUM,AS,M,G,P60,0.0714285,6.42,1,6.42
Asthma,ASSAYOFSERUMPOTASSIUM,CSM,F,G,P60,0.2666666,6.42,4,25.68
Asthma,ASSAYOFSERUMPOTASSIUM,CSM,F,G,P90,0.3333333,6.42,1,6.42
Asthma,ASSAYOFSERUMSODIUM,AS,F,E,P60,0.0344827,6.72,1,6.72
Asthma,ASSAYOFSERUMSODIUM,AS,M,G,P60,0.0714285,6.72,1,6.72
Asthma,ASSAYOFSERUMSODIUM,CSM,F,G,P60,0.1333333,6.72,2,13.44
Asthma,ASSAYOFTROPONINQUANT,AS,F,E,P60,0.0344827,13.75,1,13.75
Asthma,ASSAYOFTROPONINQUANT,AS,F,F,P60,0.1818181,13.75,2,27.5
Asthma,ASSAYOFTROPONINQUANT,AS,F,F,P90,0.5,13.75,1,13.75
Asthma,ASSAYOFTROPONINQUANT,AS,F,G,P60,0.076923,13.75,2,27.5
Asthma,ASSAYOFTROPONINQUANT,AS,F,G,P90,0.5,13.75,1,13.75
Asthma,ASSAYOFTROPONINQUANT,AS,M,E,P60,0.2222222,13.75,2,27.5
Asthma,ASSAYOFTROPONINQUANT,AS,M,G,P60,0.2142857,13.75,3,41.25
Asthma,ASSAYOFTROPONINQUANT,CSM,F,E,P60,0.1578947,13.75,3,41.25
Asthma,ASSAYOFTROPONINQUANT,CSM,F,F,P10,0.4,13.75,2,27.5
Asthma,ASSAYOFTROPONINQUANT,CSM,F,F,P90,1,13.75,2,27.5
Asthma,ASSAYOFTROPONINQUANT,CSM,F,G,P40,0.1111111,13.75,1,13.75
Asthma,ASSAYOFTROPONINQUANT,CSM,F,G,P60,0.5333333,13.75,8,110
Asthma,ASSAYOFTROPONINQUANT,CSM,F,G,P90,1,13.75,3,41.25
Asthma,ASSAYOFTROPONINQUANT,CSM,M,G,P40,0.3333333,13.75,1,13.75
Asthma,ASSAYOFTROPONINQUANT,CSM,M,G,P60,1,13.75,1,13.75
Asthma,ASSAYOFTROPONINQUANT,CSM,M,G,P90,1,13.75,2,27.5
Asthma,ASSAYOFTROPONINQUANT,WFStF,F,F,P90,1,13.75,1,13.75
Asthma,ASSAYOFTROPONINQUANT,WFStF,F,G,P60,0.5,13.75,3,41.25
Asthma,ASSAYOFTROPONINQUANT,WFStF,F,G,P90,1,13.75,1,13.75
Asthma,ASSAYOFTROPONINQUANT,WFStF,M,D,P60,0.1666666,13.75,1,13.75
Asthma,ASSAYOFTROPONINQUANT,WFStF,M,G,P40,1,13.75,2,27.5
Asthma,ASSAYOFTROPONINQUANT,WFStF,M,G,P60,0.5,13.75,2,27.5
Asthma,ASSAYOFTROPONINQUANT,WFStF,M,G,P90,2,13.75,2,27.5
Asthma,ASSAYOFUREANITROGEN,AS,F,E,P60,0.0344827,5.51,1,5.51
Asthma,ASSAYOFUREANITROGEN,CSM,F,G,P60,0.1333333,5.51,2,11.02
Asthma,ASSAYOFURINECREATININE,CSM,F,E,P90,0.5,7.23,1,7.23
Asthma,ASSAYTHYROIDSTIMHORMONE,CSM,F,E,P90,0.5,23.47,1,23.47
Asthma,ASSAYTHYROIDSTIMHORMONE,CSM,F,F,P90,0.5,23.47,1,23.47
Asthma,ASSAYGLUCOSEBLOODQUANT,AS,F,E,P60,0.0344827,5.48,1,5.48
Asthma,ASSAYGLUCOSEBLOODQUANT,AS,M,G,P60,0.0714285,5.48,1,5.48
Asthma,ASSAYGLUCOSEBLOODQUANT,CSM,F,G,P60,0.1333333,5.48,2,10.96
Asthma,BEHAVCHNGSMOKING-10MIN,CSM,F,G,P90,0.3333333,22.24,1,22.24
Asthma,BLSMEARW-DIFFWBCCOUNT,AS,F,B,P90,2,4.81,2,9.62
Asthma,BLSMEARW-DIFFWBCCOUNT,AS,F,E,P90,0.5,4.81,1,4.81
Asthma,BLSMEARW-DIFFWBCCOUNT,CSM,F,E,P90,0.5,4.81,1,4.81
Asthma,BLOODCULTUREFORBACTERIA,CSM,F,E,P60,0.0526315,14.42,1,14.42
Asthma,BLOODCULTUREFORBACTERIA,CSM,F,G,P60,0.0666666,14.42,1,14.42
Asthma,BLOODCULTUREFORBACTERIA,CSM,M,B,P90,0.5,14.42,1,14.42
Asthma,BLOODCULTUREFORBACTERIA,WFStF,M,B,P90,1,14.42,1,14.42
Asthma,BLOODCULTUREFORBACTERIA,WFStF,M,E,P90,1,14.42,1,14.42
Asthma,BLOODGASESW-02SATURATION,CSM,F,E,P90,0.5,39.65,1,39.65
Asthma,BLOODGASESW-02SATURATION,WFStF,F,C,P90,1,39.65,1,39.65
Asthma,BLOODGASES-PHPO2-PCO2,AS,F,E,P60,0.0344827,27.04,1,27.04
Asthma,BLOODGASES-PHPO2-PCO2,AS,M,G,P60,0.0714285,27.04,1,27.04
Asthma,BLOODPH,WFStF,F,E,P60,0.0625,11.83,1,11.83
Asthma,BLOODTYPINGABO,WFStF,M,G,P60,0.25,3.83,1,3.83
Asthma,BLOODTYPINGRH-D-,WFStF,M,G,P60,0.25,3.83,1,3.83
Asthma,CBT1STHOUR,AS,F,E,P60,0.0689655,34.09,2,68.18
Asthma,CBT1STHOUR,AS,F,E,P90,1,34.09,2,68.18
Asthma,CBT1STHOUR,AS,F,F,P60,0.1818181,34.09,2,68.18
Asthma,CBT1STHOUR,AS,F,G,P60,0.0384615,34.09,1,34.09
Asthma,CBT1STHOUR,AS,M,E,P60,0.3333333,34.09,3,102.27
Asthma,CBT1STHOUR,AS,M,E,P90,1,34.09,1,34.09
Asthma,CBT1STHOUR,AS,M,F,P40,0.1666666,34.09,1,34.09
Asthma,CBT1STHOUR,AS,M,F,P60,0.0833333,34.09,1,34.09
Asthma,CBT1STHOUR,AS,M,F,P90,1,34.09,1,34.09
Asthma,CBT1STHOUR,AS,M,G,P60,0.0714285,34.09,1,34.09
Asthma,CBT1STHOUR,CSM,F,E,P10,0.1,34.09,1,34.09
Asthma,CBT1STHOUR,CSM,F,E,P60,0.368421,34.09,7,238.63
Asthma,CBT1STHOUR,CSM,F,E,P90,0.5,34.09,1,34.09
Asthma,CBT1STHOUR,CSM,F,F,P60,0.2,34.09,2,68.18
Asthma,CBT1STHOUR,CSM,F,F,P90,0.5,34.09,1,34.09
Asthma,CBT1STHOUR,CSM,F,G,P40,0.2222222,34.09,2,68.18
Asthma,CBT1STHOUR,CSM,F,G,P60,0.3333333,34.09,5,170.45
Asthma,CBT1STHOUR,CSM,M,B,P90,0.5,34.09,1,34.09
Asthma,CBT1STHOUR,CSM,M,C,P40,0.1666666,34.09,1,34.09
Asthma,CBT1STHOUR,CSM,M,C,P60,0.5,34.09,4,136.36
Asthma,CBT1STHOUR,CSM,M,C,P90,1,34.09,1,34.09
Asthma,CBT1STHOUR,CSM,M,D,P90,1,34.09,1,34.09
Asthma,CBT1STHOUR,CSM,M,E,P60,0.1666666,34.09,1,34.09
Asthma,CBT1STHOUR,CSM,M,E,P90,1,34.09,1,34.09
Asthma,CBT1STHOUR,CSM,M,F,P10,0.5,34.09,1,34.09
Asthma,CBT1STHOUR,CSM,M,F,P60,0.5714285,34.09,4,136.36
Asthma,CBT1STHOUR,CSM,M,F,P90,1,34.09,3,102.27
Asthma,CBT1STHOUR,CSM,M,G,P60,1,34.09,1,34.09
Asthma,CBT1STHOUR,WFStF,F,E,P60,0.0625,34.09,1,34.09
Asthma,CBT1STHOUR,WFStF,F,F,P60,0.125,34.09,1,34.09
Asthma,CBT1STHOUR,WFStF,M,F,P90,1,34.09,1,34.09
Asthma,CBTEACHADDLHOUR,AS,F,E,P90,0.5,12.71,1,12.71
Asthma,CBTEACHADDLHOUR,AS,F,G,P10,0.076923,12.71,1,12.71
Asthma,CBTEACHADDLHOUR,AS,M,C,P90,0.5,12.71,1,12.71
Asthma,CBTEACHADDLHOUR,AS,M,E,P60,0.1111111,12.71,1,12.71
Asthma,CBTEACHADDLHOUR,AS,M,F,P60,0.0833333,12.71,1,12.71
Asthma,CBTEACHADDLHOUR,AS,M,F,P90,1,12.71,1,12.71
Asthma,CBTEACHADDLHOUR,CSM,F,E,P60,0.1578947,12.71,3,38.13
Asthma,CBTEACHADDLHOUR,CSM,F,F,P90,0.5,12.71,1,12.71
Asthma,CBTEACHADDLHOUR,CSM,F,G,P60,0.0666666,12.71,1,12.71
Asthma,CBTEACHADDLHOUR,CSM,M,C,P90,1,12.71,1,12.71
Asthma,CBTEACHADDLHOUR,CSM,M,F,P60,0.1428571,12.71,1,12.71
Asthma,CHESTX-RAY,AS,F,B,P90,2,9.91,2,19.82
Asthma,CHESTX-RAY,AS,F,B,P90,2,20.52,2,41.04
Asthma,CHESTX-RAY,AS,F,B,P90,2,30.44,2,60.88
Asthma,CHESTX-RAY,AS,F,D,P60,0.1,9.91,1,9.91
Asthma,CHESTX-RAY,AS,F,D,P60,0.1,20.52,1,20.52
Asthma,CHESTX-RAY,AS,F,D,P60,0.1,30.44,1,30.44
Asthma,CHESTX-RAY,AS,F,E,P40,0.0666666,9.91,1,9.91
Asthma,CHESTX-RAY,AS,F,E,P40,0.0666666,20.52,1,20.52
Asthma,CHESTX-RAY,AS,F,E,P40,0.0666666,30.44,1,30.44
Asthma,CHESTX-RAY,AS,F,E,P60,0.0344827,8.42,1,8.42
Asthma,CHESTX-RAY,AS,F,E,P60,0.0344827,15.17,1,15.17
Asthma,CHESTX-RAY,AS,F,E,P60,0.0344827,23.59,1,23.59
Asthma,CHESTX-RAY,AS,F,E,P60,0.0689655,9.91,2,19.82
Asthma,CHESTX-RAY,AS,F,E,P60,0.0689655,20.52,2,41.04
Asthma,CHESTX-RAY,AS,F,E,P60,0.0689655,30.44,2,60.88
Asthma,CHESTX-RAY,AS,F,E,P90,0.5,9.91,1,9.91
Asthma,CHESTX-RAY,AS,F,E,P90,0.5,20.52,1,20.52
Asthma,CHESTX-RAY,AS,F,E,P90,0.5,30.44,1,30.44
Asthma,CHESTX-RAY,AS,F,F,P60,0.090909,8.42,1,8.42
Asthma,CHESTX-RAY,AS,F,F,P60,0.090909,15.17,1,15.17
Asthma,CHESTX-RAY,AS,F,F,P60,0.090909,23.59,1,23.59
Asthma,CHESTX-RAY,AS,F,F,P60,0.3636363,9.91,4,39.64
Asthma,CHESTX-RAY,AS,F,F,P60,0.3636363,20.52,4,82.08
Asthma,CHESTX-RAY,AS,F,F,P60,0.3636363,30.44,4,121.76
Asthma,CHESTX-RAY,AS,F,F,P90,0.5,9.91,1,9.91
Asthma,CHESTX-RAY,AS,F,F,P90,0.5,20.52,1,20.52
Asthma,CHESTX-RAY,AS,F,F,P90,0.5,30.44,1,30.44
Asthma,CHESTX-RAY,AS,F,G,P60,0.076923,8.42,2,16.84
Asthma,CHESTX-RAY,AS,F,G,P60,0.076923,15.17,2,30.34
Asthma,CHESTX-RAY,AS,F,G,P60,0.076923,23.59,2,47.18
Asthma,CHESTX-RAY,AS,F,G,P60,0.1153846,9.91,3,29.73
Asthma,CHESTX-RAY,AS,F,G,P60,0.1153846,20.52,3,61.56
Asthma,CHESTX-RAY,AS,F,G,P60,0.1153846,30.44,3,91.32
Asthma,CHESTX-RAY,AS,F,G,P90,0.5,9.91,1,9.91
Asthma,CHESTX-RAY,AS,F,G,P90,0.5,20.52,1,20.52
Asthma,CHESTX-RAY,AS,F,G,P90,0.5,30.44,1,30.44
Asthma,CHESTX-RAY,AS,M,B,P60,0.3333333,9.91,2,19.82
Asthma,CHESTX-RAY,AS,M,B,P60,0.3333333,20.52,2,41.04
Asthma,CHESTX-RAY,AS,M,B,P60,0.3333333,30.44,2,60.88
Asthma,CHESTX-RAY,AS,M,C,P60,0.117647,9.91,2,19.82
Asthma,CHESTX-RAY,AS,M,C,P60,0.117647,20.52,2,41.04
Asthma,CHESTX-RAY,AS,M,C,P60,0.117647,30.44,2,60.88
Asthma,CHESTX-RAY,AS,M,C,P90,0.5,8.42,1,8.42
Asthma,CHESTX-RAY,AS,M,C,P90,0.5,15.17,1,15.17
Asthma,CHESTX-RAY,AS,M,C,P90,0.5,23.59,1,23.59
Asthma,CHESTX-RAY,AS,M,D,P90,1,9.91,2,19.82
Asthma,CHESTX-RAY,AS,M,D,P90,1,20.52,2,41.04
Asthma,CHESTX-RAY,AS,M,D,P90,1,30.44,2,60.88
Asthma,CHESTX-RAY,AS,M,E,P60,0.1111111,8.42,1,8.42
Asthma,CHESTX-RAY,AS,M,E,P60,0.1111111,9.91,1,9.91
Asthma,CHESTX-RAY,AS,M,E,P60,0.1111111,15.17,1,15.17
Asthma,CHESTX-RAY,AS,M,E,P60,0.1111111,20.52,1,20.52
Asthma,CHESTX-RAY,AS,M,E,P60,0.1111111,23.59,1,23.59
Asthma,CHESTX-RAY,AS,M,E,P60,0.1111111,30.44,1,30.44
Asthma,CHESTX-RAY,AS,M,E,P90,1,8.42,1,8.42
Asthma,CHESTX-RAY,AS,M,E,P90,1,15.17,1,15.17
Asthma,CHESTX-RAY,AS,M,E,P90,1,23.59,1,23.59
Asthma,CHESTX-RAY,AS,M,F,P40,0.1666666,9.91,1,9.91
Asthma,CHESTX-RAY,AS,M,F,P40,0.1666666,20.52,1,20.52
Asthma,CHESTX-RAY,AS,M,F,P40,0.1666666,30.44,1,30.44
Asthma,CHESTX-RAY,AS,M,F,P90,1,9.91,1,9.91
Asthma,CHESTX-RAY,AS,M,F,P90,1,20.52,1,20.52
Asthma,CHESTX-RAY,AS,M,F,P90,1,30.44,1,30.44
Asthma,CHESTX-RAY,AS,M,G,P60,0.0714285,8.42,1,8.42
Asthma,CHESTX-RAY,AS,M,G,P60,0.0714285,15.17,1,15.17
Asthma,CHESTX-RAY,AS,M,G,P60,0.0714285,23.59,1,23.59
Asthma,CHESTX-RAY,AS,M,G,P60,0.2142857,9.91,3,29.73
Asthma,CHESTX-RAY,AS,M,G,P60,0.2142857,20.52,3,61.56
Asthma,CHESTX-RAY,AS,M,G,P60,0.2142857,30.44,3,91.32
Asthma,CHESTX-RAY,CSM,F,B,P10,1,9.91,1,9.91
Asthma,CHESTX-RAY,CSM,F,B,P10,1,20.52,1,20.52
Asthma,CHESTX-RAY,CSM,F,B,P10,1,30.44,1,30.44
Asthma,CHESTX-RAY,CSM,F,C,P60,0.5,9.91,1,9.91
Asthma,CHESTX-RAY,CSM,F,C,P60,0.5,20.52,1,20.52
Asthma,CHESTX-RAY,CSM,F,C,P60,0.5,30.44,1,30.44
Asthma,CHESTX-RAY,CSM,F,D,P90,1,9.91,1,9.91
Asthma,CHESTX-RAY,CSM,F,D,P90,1,20.52,1,20.52
Asthma,CHESTX-RAY,CSM,F,D,P90,1,30.44,1,30.44
Asthma,CHESTX-RAY,CSM,F,E,P10,0.1,8.42,1,8.42
Asthma,CHESTX-RAY,CSM,F,E,P10,0.1,15.17,1,15.17
Asthma,CHESTX-RAY,CSM,F,E,P10,0.1,23.59,1,23.59
Asthma,CHESTX-RAY,CSM,F,E,P40,0.1,8.42,1,8.42
Asthma,CHESTX-RAY,CSM,F,E,P40,0.1,15.17,1,15.17
Asthma,CHESTX-RAY,CSM,F,E,P40,0.1,23.59,1,23.59
Asthma,CHESTX-RAY,CSM,F,E,P60,0.1052631,8.42,2,16.84
Asthma,CHESTX-RAY,CSM,F,E,P60,0.1052631,15.17,2,30.34
Asthma,CHESTX-RAY,CSM,F,E,P60,0.1052631,23.59,2,47.18
Asthma,CHESTX-RAY,CSM,F,E,P60,0.368421,9.91,7,69.37
Asthma,CHESTX-RAY,CSM,F,E,P60,0.368421,20.52,7,143.64
Asthma,CHESTX-RAY,CSM,F,E,P60,0.368421,30.44,7,213.08
Asthma,CHESTX-RAY,CSM,F,E,P90,1,8.42,2,16.84
Asthma,CHESTX-RAY,CSM,F,E,P90,1,15.17,2,30.34
Asthma,CHESTX-RAY,CSM,F,E,P90,1,23.59,2,47.18
Asthma,CHESTX-RAY,CSM,F,F,P40,0.5,9.91,3,29.73
Asthma,CHESTX-RAY,CSM,F,F,P40,0.5,20.52,3,61.56
Asthma,CHESTX-RAY,CSM,F,F,P40,0.5,30.44,3,91.32
Asthma,CHESTX-RAY,CSM,F,F,P60,0.1,8.42,1,8.42
Asthma,CHESTX-RAY,CSM,F,F,P60,0.1,15.17,1,15.17
Asthma,CHESTX-RAY,CSM,F,F,P60,0.1,23.59,1,23.59
Asthma,CHESTX-RAY,CSM,F,F,P60,0.4,9.91,4,39.64
Asthma,CHESTX-RAY,CSM,F,F,P60,0.4,20.52,4,82.08
Asthma,CHESTX-RAY,CSM,F,F,P60,0.4,30.44,4,121.76
Asthma,CHESTX-RAY,CSM,F,F,P90,1.5,9.91,3,29.73
Asthma,CHESTX-RAY,CSM,F,F,P90,1.5,20.52,3,61.56
Asthma,CHESTX-RAY,CSM,F,F,P90,1.5,30.44,3,91.32
Asthma,CHESTX-RAY,CSM,F,G,P40,0.2222222,8.42,2,16.84
Asthma,CHESTX-RAY,CSM,F,G,P40,0.2222222,9.91,2,19.82
Asthma,CHESTX-RAY,CSM,F,G,P40,0.2222222,15.17,2,30.34
Asthma,CHESTX-RAY,CSM,F,G,P40,0.2222222,20.52,2,41.04
Asthma,CHESTX-RAY,CSM,F,G,P40,0.2222222,23.59,2,47.18
Asthma,CHESTX-RAY,CSM,F,G,P40,0.2222222,30.44,2,60.88
Asthma,CHESTX-RAY,CSM,F,G,P60,0.4,8.42,6,50.52
Asthma,CHESTX-RAY,CSM,F,G,P60,0.4,15.17,6,91.02
Asthma,CHESTX-RAY,CSM,F,G,P60,0.4,23.59,6,141.54
Asthma,CHESTX-RAY,CSM,F,G,P60,0.4666666,9.91,7,69.37
Asthma,CHESTX-RAY,CSM,F,G,P60,0.4666666,20.52,7,143.64
Asthma,CHESTX-RAY,CSM,F,G,P60,0.4666666,30.44,7,213.08
Asthma,CHESTX-RAY,CSM,F,G,P90,0.3333333,9.91,1,9.91
Asthma,CHESTX-RAY,CSM,F,G,P90,0.3333333,20.52,1,20.52
Asthma,CHESTX-RAY,CSM,F,G,P90,0.3333333,30.44,1,30.44
Asthma,CHESTX-RAY,CSM,F,G,P90,0.6666666,8.42,2,16.84
Asthma,CHESTX-RAY,CSM,F,G,P90,0.6666666,15.17,2,30.34
Asthma,CHESTX-RAY,CSM,F,G,P90,0.6666666,23.59,2,47.18
Asthma,CHESTX-RAY,CSM,M,B,P10,1,9.91,1,9.91
Asthma,CHESTX-RAY,CSM,M,B,P10,1,20.52,1,20.52
Asthma,CHESTX-RAY,CSM,M,B,P10,1,30.44,1,30.44
Asthma,CHESTX-RAY,CSM,M,B,P60,0.6666666,9.91,2,19.82
Asthma,CHESTX-RAY,CSM,M,B,P60,0.6666666,20.52,2,41.04
Asthma,CHESTX-RAY,CSM,M,B,P60,0.6666666,30.44,2,60.88
Asthma,CHESTX-RAY,CSM,M,B,P90,0.5,8.42,1,8.42
Asthma,CHESTX-RAY,CSM,M,B,P90,0.5,9.91,1,9.91
Asthma,CHESTX-RAY,CSM,M,B,P90,0.5,15.17,1,15.17
Asthma,CHESTX-RAY,CSM,M,B,P90,0.5,20.52,1,20.52
Asthma,CHESTX-RAY,CSM,M,B,P90,0.5,23.59,1,23.59
Asthma,CHESTX-RAY,CSM,M,B,P90,0.5,30.44,1,30.44
Asthma,CHESTX-RAY,CSM,M,C,P10,0.25,9.91,1,9.91
Asthma,CHESTX-RAY,CSM,M,C,P10,0.25,20.52,1,20.52
Asthma,CHESTX-RAY,CSM,M,C,P10,0.25,30.44,1,30.44
Asthma,CHESTX-RAY,CSM,M,C,P40,0.3333333,9.91,2,19.82
Asthma,CHESTX-RAY,CSM,M,C,P40,0.3333333,20.52,2,41.04
Asthma,CHESTX-RAY,CSM,M,C,P40,0.3333333,30.44,2,60.88
Asthma,CHESTX-RAY,CSM,M,C,P60,0.125,9.91,1,9.91
Asthma,CHESTX-RAY,CSM,M,C,P60,0.125,20.52,1,20.52
Asthma,CHESTX-RAY,CSM,M,C,P60,0.125,30.44,1,30.44
Asthma,CHESTX-RAY,CSM,M,C,P60,0.375,8.42,3,25.26
Asthma,CHESTX-RAY,CSM,M,C,P60,0.375,15.17,3,45.51
Asthma,CHESTX-RAY,CSM,M,C,P60,0.375,23.59,3,70.77
Asthma,CHESTX-RAY,CSM,M,C,P90,1,9.91,1,9.91
Asthma,CHESTX-RAY,CSM,M,C,P90,1,20.52,1,20.52
Asthma,CHESTX-RAY,CSM,M,C,P90,1,30.44,1,30.44
Asthma,CHESTX-RAY,CSM,M,D,P10,1,9.91,1,9.91
Asthma,CHESTX-RAY,CSM,M,D,P10,1,20.52,1,20.52
Asthma,CHESTX-RAY,CSM,M,D,P10,1,30.44,1,30.44
Asthma,CHESTX-RAY,CSM,M,D,P60,0.3333333,9.91,1,9.91
Asthma,CHESTX-RAY,CSM,M,D,P60,0.3333333,20.52,1,20.52
Asthma,CHESTX-RAY,CSM,M,D,P60,0.3333333,30.44,1,30.44
Asthma,CHESTX-RAY,CSM,M,D,P90,1,9.91,1,9.91
Asthma,CHESTX-RAY,CSM,M,D,P90,1,20.52,1,20.52
Asthma,CHESTX-RAY,CSM,M,D,P90,1,30.44,1,30.44
Asthma,CHESTX-RAY,CSM,M,E,P40,0.3333333,9.91,1,9.91
Asthma,CHESTX-RAY,CSM,M,E,P40,0.3333333,20.52,1,20.52
Asthma,CHESTX-RAY,CSM,M,E,P40,0.3333333,30.44,1,30.44
Asthma,CHESTX-RAY,CSM,M,E,P60,0.1666666,9.91,1,9.91
Asthma,CHESTX-RAY,CSM,M,E,P60,0.1666666,20.52,1,20.52
Asthma,CHESTX-RAY,CSM,M,E,P60,0.1666666,30.44,1,30.44
Asthma,CHESTX-RAY,CSM,M,E,P90,1,9.91,1,9.91
Asthma,CHESTX-RAY,CSM,M,E,P90,1,20.52,1,20.52
Asthma,CHESTX-RAY,CSM,M,E,P90,1,30.44,1,30.44
Asthma,CHESTX-RAY,CSM,M,F,P60,0.1428571,8.42,1,8.42
Asthma,CHESTX-RAY,CSM,M,F,P60,0.1428571,15.17,1,15.17
Asthma,CHESTX-RAY,CSM,M,F,P60,0.1428571,23.59,1,23.59
Asthma,CHESTX-RAY,CSM,M,F,P60,0.4285714,9.91,3,29.73
Asthma,CHESTX-RAY,CSM,M,F,P60,0.4285714,20.52,3,61.56
Asthma,CHESTX-RAY,CSM,M,F,P60,0.4285714,30.44,3,91.32
Asthma,CHESTX-RAY,CSM,M,F,P90,0.3333333,9.91,1,9.91
Asthma,CHESTX-RAY,CSM,M,F,P90,0.3333333,20.52,1,20.52
Asthma,CHESTX-RAY,CSM,M,F,P90,0.3333333,30.44,1,30.44
Asthma,CHESTX-RAY,CSM,M,F,P90,0.6666666,8.42,2,16.84
Asthma,CHESTX-RAY,CSM,M,F,P90,0.6666666,15.17,2,30.34
Asthma,CHESTX-RAY,CSM,M,F,P90,0.6666666,23.59,2,47.18
Asthma,CHESTX-RAY,CSM,M,G,P40,0.3333333,8.42,1,8.42
Asthma,CHESTX-RAY,CSM,M,G,P40,0.3333333,9.91,1,9.91
Asthma,CHESTX-RAY,CSM,M,G,P40,0.3333333,15.17,1,15.17
Asthma,CHESTX-RAY,CSM,M,G,P40,0.3333333,20.52,1,20.52
Asthma,CHESTX-RAY,CSM,M,G,P40,0.3333333,23.59,1,23.59
Asthma,CHESTX-RAY,CSM,M,G,P40,0.3333333,30.44,1,30.44
Asthma,CHESTX-RAY,CSM,M,G,P60,1,8.42,1,8.42
Asthma,CHESTX-RAY,CSM,M,G,P60,1,15.17,1,15.17
Asthma,CHESTX-RAY,CSM,M,G,P60,1,23.59,1,23.59
Asthma,CHESTX-RAY,CSM,M,G,P90,1,8.42,2,16.84
Asthma,CHESTX-RAY,CSM,M,G,P90,1,15.17,2,30.34
Asthma,CHESTX-RAY,CSM,M,G,P90,1,23.59,2,47.18
Asthma,CHESTX-RAY,WFStF,F,B,P40,0.2,9.91,1,9.91
Asthma,CHESTX-RAY,WFStF,F,B,P40,0.2,20.52,1,20.52
Asthma,CHESTX-RAY,WFStF,F,B,P40,0.2,30.44,1,30.44
Asthma,CHESTX-RAY,WFStF,F,B,P60,0.5555555,9.91,5,49.55
Asthma,CHESTX-RAY,WFStF,F,B,P60,0.5555555,20.52,5,102.6
Asthma,CHESTX-RAY,WFStF,F,B,P60,0.5555555,30.44,5,152.2
Asthma,CHESTX-RAY,WFStF,F,B,P90,0.5,8.42,1,8.42
Asthma,CHESTX-RAY,WFStF,F,B,P90,0.5,9.91,1,9.91
Asthma,CHESTX-RAY,WFStF,F,B,P90,0.5,15.17,1,15.17
Asthma,CHESTX-RAY,WFStF,F,B,P90,0.5,20.52,1,20.52
Asthma,CHESTX-RAY,WFStF,F,B,P90,0.5,23.59,1,23.59
Asthma,CHESTX-RAY,WFStF,F,B,P90,0.5,30.44,1,30.44
Asthma,CHESTX-RAY,WFStF,F,C,P60,0.6666666,9.91,4,39.64
Asthma,CHESTX-RAY,WFStF,F,C,P60,0.6666666,20.52,4,82.08
Asthma,CHESTX-RAY,WFStF,F,C,P60,0.6666666,30.44,4,121.76
Asthma,CHESTX-RAY,WFStF,F,C,P90,1,8.42,1,8.42
Asthma,CHESTX-RAY,WFStF,F,C,P90,1,15.17,1,15.17
Asthma,CHESTX-RAY,WFStF,F,C,P90,1,23.59,1,23.59
Asthma,CHESTX-RAY,WFStF,F,D,P40,0.3333333,9.91,1,9.91
Asthma,CHESTX-RAY,WFStF,F,D,P40,0.3333333,20.52,1,20.52
Asthma,CHESTX-RAY,WFStF,F,D,P40,0.3333333,30.44,1,30.44
Asthma,CHESTX-RAY,WFStF,F,D,P60,0.25,9.91,1,9.91
Asthma,CHESTX-RAY,WFStF,F,D,P60,0.25,20.52,1,20.52
Asthma,CHESTX-RAY,WFStF,F,D,P60,0.25,30.44,1,30.44
Asthma,CHESTX-RAY,WFStF,F,E,P10,0.25,9.91,2,19.82
Asthma,CHESTX-RAY,WFStF,F,E,P10,0.25,20.52,2,41.04
Asthma,CHESTX-RAY,WFStF,F,E,P10,0.25,30.44,2,60.88
Asthma,CHESTX-RAY,WFStF,F,E,P40,0.5555555,9.91,5,49.55
Asthma,CHESTX-RAY,WFStF,F,E,P40,0.5555555,20.52,5,102.6
Asthma,CHESTX-RAY,WFStF,F,E,P40,0.5555555,30.44,5,152.2
Asthma,CHESTX-RAY,WFStF,F,E,P60,0.125,8.42,2,16.84
Asthma,CHESTX-RAY,WFStF,F,E,P60,0.125,15.17,2,30.34
Asthma,CHESTX-RAY,WFStF,F,E,P60,0.125,23.59,2,47.18
Asthma,CHESTX-RAY,WFStF,F,E,P60,0.5,9.91,8,79.28
Asthma,CHESTX-RAY,WFStF,F,E,P60,0.5,20.52,8,164.16
Asthma,CHESTX-RAY,WFStF,F,E,P60,0.5,30.44,8,243.52
Asthma,CHESTX-RAY,WFStF,F,E,P90,0.5,8.42,1,8.42
Asthma,CHESTX-RAY,WFStF,F,E,P90,0.5,9.91,1,9.91
Asthma,CHESTX-RAY,WFStF,F,E,P90,0.5,15.17,1,15.17
Asthma,CHESTX-RAY,WFStF,F,E,P90,0.5,20.52,1,20.52
Asthma,CHESTX-RAY,WFStF,F,E,P90,0.5,23.59,1,23.59
Asthma,CHESTX-RAY,WFStF,F,E,P90,0.5,30.44,1,30.44
Asthma,CHESTX-RAY,WFStF,F,F,P10,0.6666666,9.91,2,19.82
Asthma,CHESTX-RAY,WFStF,F,F,P10,0.6666666,20.52,2,41.04
Asthma,CHESTX-RAY,WFStF,F,F,P10,0.6666666,30.44,2,60.88
Asthma,CHESTX-RAY,WFStF,F,F,P60,0.125,8.42,1,8.42
Asthma,CHESTX-RAY,WFStF,F,F,P60,0.125,15.17,1,15.17
Asthma,CHESTX-RAY,WFStF,F,F,P60,0.125,23.59,1,23.59
Asthma,CHESTX-RAY,WFStF,F,F,P60,0.625,9.91,5,49.55
Asthma,CHESTX-RAY,WFStF,F,F,P60,0.625,20.52,5,102.6
Asthma,CHESTX-RAY,WFStF,F,F,P60,0.625,30.44,5,152.2
Asthma,CHESTX-RAY,WFStF,F,F,P90,1,8.42,1,8.42
Asthma,CHESTX-RAY,WFStF,F,F,P90,1,15.17,1,15.17
Asthma,CHESTX-RAY,WFStF,F,F,P90,1,23.59,1,23.59
Asthma,CHESTX-RAY,WFStF,F,G,P10,0.6666666,9.91,2,19.82
Asthma,CHESTX-RAY,WFStF,F,G,P10,0.6666666,20.52,2,41.04
Asthma,CHESTX-RAY,WFStF,F,G,P10,0.6666666,30.44,2,60.88
Asthma,CHESTX-RAY,WFStF,F,G,P40,0.25,8.42,1,8.42
Asthma,CHESTX-RAY,WFStF,F,G,P40,0.25,9.91,1,9.91
Asthma,CHESTX-RAY,WFStF,F,G,P40,0.25,15.17,1,15.17
Asthma,CHESTX-RAY,WFStF,F,G,P40,0.25,20.52,1,20.52
Asthma,CHESTX-RAY,WFStF,F,G,P40,0.25,23.59,1,23.59
Asthma,CHESTX-RAY,WFStF,F,G,P40,0.25,30.44,1,30.44
Asthma,CHESTX-RAY,WFStF,F,G,P60,0.1666666,8.42,1,8.42
Asthma,CHESTX-RAY,WFStF,F,G,P60,0.1666666,15.17,1,15.17
Asthma,CHESTX-RAY,WFStF,F,G,P60,0.1666666,23.59,1,23.59
Asthma,CHESTX-RAY,WFStF,F,G,P60,0.8333333,9.91,5,49.55
Asthma,CHESTX-RAY,WFStF,F,G,P60,0.8333333,20.52,5,102.6
Asthma,CHESTX-RAY,WFStF,F,G,P60,0.8333333,30.44,5,152.2
Asthma,CHESTX-RAY,WFStF,F,G,P90,1,8.42,1,8.42
Asthma,CHESTX-RAY,WFStF,F,G,P90,1,15.17,1,15.17
Asthma,CHESTX-RAY,WFStF,F,G,P90,1,23.59,1,23.59
Asthma,CHESTX-RAY,WFStF,M,B,P40,0.3333333,9.91,1,9.91
Asthma,CHESTX-RAY,WFStF,M,B,P40,0.3333333,20.52,1,20.52
Asthma,CHESTX-RAY,WFStF,M,B,P40,0.3333333,30.44,1,30.44
Asthma,CHESTX-RAY,WFStF,M,B,P60,0.6666666,9.91,4,39.64
Asthma,CHESTX-RAY,WFStF,M,B,P60,0.6666666,20.52,4,82.08
Asthma,CHESTX-RAY,WFStF,M,B,P60,0.6666666,30.44,4,121.76
Asthma,CHESTX-RAY,WFStF,M,B,P90,1,9.91,1,9.91
Asthma,CHESTX-RAY,WFStF,M,B,P90,1,20.52,1,20.52
Asthma,CHESTX-RAY,WFStF,M,B,P90,1,30.44,1,30.44
Asthma,CHESTX-RAY,WFStF,M,C,P40,0.6666666,9.91,4,39.64
Asthma,CHESTX-RAY,WFStF,M,C,P40,0.6666666,20.52,4,82.08
Asthma,CHESTX-RAY,WFStF,M,C,P40,0.6666666,30.44,4,121.76
Asthma,CHESTX-RAY,WFStF,M,C,P60,0.0714285,8.42,1,8.42
Asthma,CHESTX-RAY,WFStF,M,C,P60,0.0714285,15.17,1,15.17
Asthma,CHESTX-RAY,WFStF,M,C,P60,0.0714285,23.59,1,23.59
Asthma,CHESTX-RAY,WFStF,M,C,P60,0.5,9.91,7,69.37
Asthma,CHESTX-RAY,WFStF,M,C,P60,0.5,20.52,7,143.64
Asthma,CHESTX-RAY,WFStF,M,C,P60,0.5,30.44,7,213.08
Asthma,CHESTX-RAY,WFStF,M,C,P90,0.5,8.42,1,8.42
Asthma,CHESTX-RAY,WFStF,M,C,P90,0.5,15.17,1,15.17
Asthma,CHESTX-RAY,WFStF,M,C,P90,0.5,23.59,1,23.59
Asthma,CHESTX-RAY,WFStF,M,D,P10,0.5,9.91,1,9.91
Asthma,CHESTX-RAY,WFStF,M,D,P10,0.5,20.52,1,20.52
Asthma,CHESTX-RAY,WFStF,M,D,P10,0.5,30.44,1,30.44
Asthma,CHESTX-RAY,WFStF,M,D,P40,0.3333333,9.91,1,9.91
Asthma,CHESTX-RAY,WFStF,M,D,P40,0.3333333,20.52,1,20.52
Asthma,CHESTX-RAY,WFStF,M,D,P40,0.3333333,30.44,1,30.44
Asthma,CHESTX-RAY,WFStF,M,D,P60,0.1666666,8.42,1,8.42
Asthma,CHESTX-RAY,WFStF,M,D,P60,0.1666666,15.17,1,15.17
Asthma,CHESTX-RAY,WFStF,M,D,P60,0.1666666,23.59,1,23.59
Asthma,CHESTX-RAY,WFStF,M,D,P60,0.6666666,9.91,4,39.64
Asthma,CHESTX-RAY,WFStF,M,D,P60,0.6666666,20.52,4,82.08
Asthma,CHESTX-RAY,WFStF,M,D,P60,0.6666666,30.44,4,121.76
Asthma,CHESTX-RAY,WFStF,M,D,P90,1,9.91,1,9.91
Asthma,CHESTX-RAY,WFStF,M,D,P90,1,20.52,1,20.52
Asthma,CHESTX-RAY,WFStF,M,D,P90,1,30.44,1,30.44
Asthma,CHESTX-RAY,WFStF,M,E,P60,0.5,9.91,2,19.82
Asthma,CHESTX-RAY,WFStF,M,E,P60,0.5,20.52,2,41.04
Asthma,CHESTX-RAY,WFStF,M,E,P60,0.5,30.44,2,60.88
Asthma,CHESTX-RAY,WFStF,M,E,P90,1,9.91,1,9.91
Asthma,CHESTX-RAY,WFStF,M,E,P90,1,20.52,1,20.52
Asthma,CHESTX-RAY,WFStF,M,E,P90,1,30.44,1,30.44
Asthma,CHESTX-RAY,WFStF,M,F,P10,1,9.91,2,19.82
Asthma,CHESTX-RAY,WFStF,M,F,P10,1,20.52,2,41.04
Asthma,CHESTX-RAY,WFStF,M,F,P10,1,30.44,2,60.88
Asthma,CHESTX-RAY,WFStF,M,F,P40,0.5,8.42,1,8.42
Asthma,CHESTX-RAY,WFStF,M,F,P40,0.5,9.91,1,9.91
Asthma,CHESTX-RAY,WFStF,M,F,P40,0.5,15.17,1,15.17
Asthma,CHESTX-RAY,WFStF,M,F,P40,0.5,20.52,1,20.52
Asthma,CHESTX-RAY,WFStF,M,F,P40,0.5,23.59,1,23.59
Asthma,CHESTX-RAY,WFStF,M,F,P40,0.5,30.44,1,30.44
Asthma,CHESTX-RAY,WFStF,M,F,P60,0.75,9.91,3,29.73
Asthma,CHESTX-RAY,WFStF,M,F,P60,0.75,20.52,3,61.56
Asthma,CHESTX-RAY,WFStF,M,F,P60,0.75,30.44,3,91.32
Asthma,CHESTX-RAY,WFStF,M,G,P10,0.5,8.42,1,8.42
Asthma,CHESTX-RAY,WFStF,M,G,P10,0.5,9.91,1,9.91
Asthma,CHESTX-RAY,WFStF,M,G,P10,0.5,15.17,1,15.17
Asthma,CHESTX-RAY,WFStF,M,G,P10,0.5,20.52,1,20.52
Asthma,CHESTX-RAY,WFStF,M,G,P10,0.5,23.59,1,23.59
Asthma,CHESTX-RAY,WFStF,M,G,P10,0.5,30.44,1,30.44
Asthma,CHESTX-RAY,WFStF,M,G,P40,1,9.91,2,19.82
Asthma,CHESTX-RAY,WFStF,M,G,P40,1,20.52,2,41.04
Asthma,CHESTX-RAY,WFStF,M,G,P40,1,30.44,2,60.88
Asthma,CHESTX-RAY,WFStF,M,G,P60,0.25,9.91,1,9.91
Asthma,CHESTX-RAY,WFStF,M,G,P60,0.25,20.52,1,20.52
Asthma,CHESTX-RAY,WFStF,M,G,P60,0.25,30.44,1,30.44
Asthma,CHESTX-RAY,WFStF,M,G,P60,0.75,8.42,3,25.26
Asthma,CHESTX-RAY,WFStF,M,G,P60,0.75,15.17,3,45.51
Asthma,CHESTX-RAY,WFStF,M,G,P60,0.75,23.59,3,70.77
Asthma,CHESTX-RAY,WFStF,M,G,P90,1,8.42,1,8.42
Asthma,CHESTX-RAY,WFStF,M,G,P90,1,15.17,1,15.17
Asthma,CHESTX-RAY,WFStF,M,G,P90,1,23.59,1,23.59
Asthma,CHESTX-RAY,WFStF,M,G,P90,2,9.91,2,19.82
Asthma,CHESTX-RAY,WFStF,M,G,P90,2,20.52,2,41.04
Asthma,CHESTX-RAY,WFStF,M,G,P90,2,30.44,2,60.88
Asthma,COMPSCREENMAMMOGRAMADD-ON,CSM,F,G,P60,0.0666666,2.83,1,2.83
Asthma,COMPSCREENMAMMOGRAMADD-ON,CSM,F,G,P60,0.0666666,10.74,1,10.74
Asthma,COMPSCREENMAMMOGRAMADD-ON,CSM,F,G,P60,0.0666666,13.57,1,13.57
Asthma,COMPLETECBCW-AUTODIFFWBC,AS,F,E,P90,0.5,10.86,1,10.86
Asthma,COMPLETECBCW-AUTODIFFWBC,AS,F,F,P90,0.5,10.86,1,10.86
Asthma,COMPLETECBCW-AUTODIFFWBC,AS,F,G,P90,0.5,10.86,1,10.86
Asthma,COMPLETECBCW-AUTODIFFWBC,AS,M,E,P60,0.1111111,10.86,1,10.86
Asthma,COMPLETECBCW-AUTODIFFWBC,AS,M,E,P90,2,10.86,2,21.72
Asthma,COMPLETECBCW-AUTODIFFWBC,AS,M,F,P90,2,10.86,2,21.72
Asthma,COMPLETECBCW-AUTODIFFWBC,AS,M,G,P60,0.1428571,10.86,2,21.72
Asthma,COMPLETECBCW-AUTODIFFWBC,CSM,F,E,P60,0.2631578,10.86,5,54.3
Asthma,COMPLETECBCW-AUTODIFFWBC,CSM,F,E,P90,0.5,10.86,1,10.86
Asthma,COMPLETECBCW-AUTODIFFWBC,CSM,F,F,P60,0.3,10.86,3,32.58
Asthma,COMPLETECBCW-AUTODIFFWBC,CSM,F,F,P90,1,10.86,2,21.72
Asthma,COMPLETECBCW-AUTODIFFWBC,CSM,F,G,P60,0.6666666,10.86,10,108.6
Asthma,COMPLETECBCW-AUTODIFFWBC,CSM,F,G,P90,1.3333333,10.86,4,43.44
Asthma,COMPLETECBCW-AUTODIFFWBC,CSM,M,B,P90,1,10.86,2,21.72
Asthma,COMPLETECBCW-AUTODIFFWBC,CSM,M,F,P60,0.1428571,10.86,1,10.86
Asthma,COMPLETECBCW-AUTODIFFWBC,CSM,M,F,P90,1,10.86,3,32.58
Asthma,COMPLETECBCW-AUTODIFFWBC,CSM,M,G,P40,0.3333333,10.86,1,10.86
Asthma,COMPLETECBCW-AUTODIFFWBC,CSM,M,G,P90,1,10.86,2,21.72
Asthma,COMPLETECBCW-AUTODIFFWBC,WFStF,F,C,P60,0.1666666,10.86,1,10.86
Asthma,COMPLETECBCW-AUTODIFFWBC,WFStF,F,E,P60,0.1875,10.86,3,32.58
Asthma,COMPLETECBCW-AUTODIFFWBC,WFStF,F,E,P90,1,10.86,2,21.72
Asthma,COMPLETECBCW-AUTODIFFWBC,WFStF,F,F,P60,0.125,10.86,1,10.86
Asthma,COMPLETECBCW-AUTODIFFWBC,WFStF,F,F,P90,1,10.86,1,10.86
Asthma,COMPLETECBCW-AUTODIFFWBC,WFStF,F,G,P60,0.5,10.86,3,32.58
Asthma,COMPLETECBCW-AUTODIFFWBC,WFStF,F,G,P90,1,10.86,1,10.86
Asthma,COMPLETECBCW-AUTODIFFWBC,WFStF,M,B,P90,1,10.86,1,10.86
Asthma,COMPLETECBCW-AUTODIFFWBC,WFStF,M,D,P60,0.1666666,10.86,1,10.86
Asthma,COMPLETECBCW-AUTODIFFWBC,WFStF,M,E,P90,1,10.86,1,10.86
Asthma,COMPLETECBCW-AUTODIFFWBC,WFStF,M,F,P40,0.5,10.86,1,10.86
Asthma,COMPLETECBCW-AUTODIFFWBC,WFStF,M,F,P60,0.25,10.86,1,10.86
Asthma,COMPLETECBCW-AUTODIFFWBC,WFStF,M,G,P60,0.75,10.86,3,32.58
Asthma,COMPLETECBCW-AUTODIFFWBC,WFStF,M,G,P90,3,10.86,3,32.58
Asthma,COMPLETECBCAUTOMATED,AS,F,B,P90,2,9.04,2,18.08
Asthma,COMPLETECBCAUTOMATED,AS,F,E,P90,0.5,9.04,1,9.04
Asthma,COMPLETECBCAUTOMATED,CSM,F,E,P90,0.5,9.04,1,9.04
Asthma,COMPREHENMETABOLICPANEL,AS,F,E,P90,0.5,14.77,1,14.77
Asthma,COMPREHENMETABOLICPANEL,AS,M,F,P90,1,14.77,1,14.77
Asthma,COMPREHENMETABOLICPANEL,AS,M,G,P60,0.0714285,14.77,1,14.77
Asthma,COMPREHENMETABOLICPANEL,CSM,F,E,P60,0.0526315,14.77,1,14.77
Asthma,COMPREHENMETABOLICPANEL,CSM,F,F,P60,0.2,14.77,2,29.54
Asthma,COMPREHENMETABOLICPANEL,CSM,F,F,P90,0.5,14.77,1,14.77
Asthma,COMPREHENMETABOLICPANEL,CSM,F,G,P60,0.2666666,14.77,4,59.08
Asthma,COMPREHENMETABOLICPANEL,CSM,F,G,P90,0.3333333,14.77,1,14.77
Asthma,COMPREHENMETABOLICPANEL,CSM,M,B,P90,0.5,14.77,1,14.77
Asthma,COMPREHENMETABOLICPANEL,CSM,M,F,P90,0.3333333,14.77,1,14.77
Asthma,COMPREHENMETABOLICPANEL,CSM,M,G,P40,0.3333333,14.77,1,14.77
Asthma,COMPREHENMETABOLICPANEL,WFStF,F,G,P60,0.1666666,14.77,1,14.77
Asthma,COMPREHENMETABOLICPANEL,WFStF,M,D,P60,0.1666666,14.77,1,14.77
Asthma,COMPREHENMETABOLICPANEL,WFStF,M,E,P90,1,14.77,1,14.77
Asthma,COMPREHENMETABOLICPANEL,WFStF,M,G,P90,2,14.77,2,29.54
Asthma,CREATINEMBFRACTION,AS,F,E,P60,0.0344827,8.59,1,8.59
Asthma,CREATINEMBFRACTION,AS,F,F,P60,0.1818181,8.59,2,17.18
Asthma,CREATINEMBFRACTION,AS,F,F,P90,0.5,8.59,1,8.59
Asthma,CREATINEMBFRACTION,AS,F,G,P60,0.076923,8.59,2,17.18
Asthma,CREATINEMBFRACTION,AS,F,G,P90,0.5,8.59,1,8.59
Asthma,CREATINEMBFRACTION,AS,M,E,P60,0.2222222,8.59,2,17.18
Asthma,CREATINEMBFRACTION,AS,M,G,P60,0.2142857,8.59,3,25.77
Asthma,CREATINEMBFRACTION,CSM,F,E,P60,0.1578947,8.59,3,25.77
Asthma,CREATINEMBFRACTION,CSM,F,F,P10,0.4,8.59,2,17.18
Asthma,CREATINEMBFRACTION,CSM,F,F,P90,1,8.59,2,17.18
Asthma,CREATINEMBFRACTION,CSM,F,G,P40,0.1111111,8.59,1,8.59
Asthma,CREATINEMBFRACTION,CSM,F,G,P60,0.5333333,8.59,8,68.72
Asthma,CREATINEMBFRACTION,CSM,F,G,P90,1,8.59,3,25.77
Asthma,CREATINEMBFRACTION,CSM,M,G,P40,0.3333333,8.59,1,8.59
Asthma,CREATINEMBFRACTION,CSM,M,G,P60,1,8.59,1,8.59
Asthma,CREATINEMBFRACTION,CSM,M,G,P90,1,8.59,2,17.18
Asthma,CREATINEMBFRACTION,WFStF,F,F,P90,1,8.59,1,8.59
Asthma,CREATINEMBFRACTION,WFStF,F,G,P60,0.5,8.59,3,25.77
Asthma,CREATINEMBFRACTION,WFStF,F,G,P90,1,8.59,1,8.59
Asthma,CREATINEMBFRACTION,WFStF,M,D,P60,0.1666666,8.59,1,8.59
Asthma,CREATINEMBFRACTION,WFStF,M,G,P40,1,8.59,2,17.18
Asthma,CREATINEMBFRACTION,WFStF,M,G,P60,0.5,8.59,2,17.18
Asthma,CREATINEMBFRACTION,WFStF,M,G,P90,1,8.59,1,8.59
Asthma,CTANGIOGRAPHYCHEST,WFStF,F,E,P90,0.5,89.52,1,89.52
Asthma,CTANGIOGRAPHYCHEST,WFStF,F,E,P90,0.5,299.25,1,299.25
Asthma,CTANGIOGRAPHYCHEST,WFStF,F,E,P90,0.5,388.77,1,388.77
Asthma,CTANGIOGRAPHYCHEST,WFStF,F,G,P90,1,89.52,1,89.52
Asthma,CTANGIOGRAPHYCHEST,WFStF,F,G,P90,1,299.25,1,299.25
Asthma,CTANGIOGRAPHYCHEST,WFStF,F,G,P90,1,388.77,1,388.77
Asthma,CTHEAD-BRAINW-ODYE,CSM,F,G,P60,0.0666666,39.63,1,39.63
Asthma,CTHEAD-BRAINW-ODYE,CSM,F,G,P60,0.0666666,169.27,1,169.27
Asthma,CTHEAD-BRAINW-ODYE,CSM,F,G,P60,0.0666666,208.9,1,208.9
Asthma,CTHEAD-BRAINW-ODYE,WFStF,F,E,P60,0.0625,39.63,1,39.63
Asthma,CTHEAD-BRAINW-ODYE,WFStF,F,E,P60,0.0625,169.27,1,169.27
Asthma,CTHEAD-BRAINW-ODYE,WFStF,F,E,P60,0.0625,208.9,1,208.9
Asthma,CTTHORAXW-DYE,CSM,F,G,P60,0.1333333,57.36,2,114.72
Asthma,CTTHORAXW-DYE,CSM,F,G,P60,0.1333333,250.72,2,501.44
Asthma,CTTHORAXW-DYE,CSM,F,G,P60,0.1333333,308.08,2,616.16
Asthma,CTTHORAXW-DYE,CSM,F,G,P90,0.3333333,57.36,1,57.36
Asthma,CTTHORAXW-DYE,CSM,F,G,P90,0.3333333,250.72,1,250.72
Asthma,CTTHORAXW-DYE,CSM,F,G,P90,0.3333333,308.08,1,308.08
Asthma,CULTUREAEROBICIDENTIFY,AS,F,G,P60,0.076923,11.29,2,22.58
Asthma,CULTUREAEROBICIDENTIFY,CSM,F,E,P60,0.0526315,11.29,1,11.29
Asthma,CULTURESCREENONLY,CSM,F,E,P40,0.1,9.26,1,9.26
Asthma,CULTURESCREENONLY,CSM,F,F,P60,0.1,9.26,1,9.26
Asthma,CULTURESCREENONLY,CSM,F,G,P40,0.1111111,9.26,1,9.26
Asthma,CULTURESCREENONLY,CSM,M,E,P10,0.5,9.26,1,9.26
Asthma,CULTURESCREENONLY,CSM,M,E,P60,0.1666666,9.26,1,9.26
Asthma,CULTURETYPEIMMUNOLOGIC,AS,F,G,P60,0.076923,7.23,2,14.46
Asthma,CULTUREBACTERIAOTHER,AS,F,G,P60,0.076923,12.03,2,24.06
Asthma,DETECTAGENTNOSDNAAMP,CSM,M,B,P90,0.5,49.04,1,49.04
Asthma,DRAINAGEOFSKINABSCESS,AS,F,E,P60,0.0344827,78.09,1,78.09
Asthma,DRUGSCREENSINGLE,CSM,F,E,P60,0.0526315,19.24,1,19.24
Asthma,DRUGSCREENSINGLE,CSM,F,E,P90,0.5,19.24,1,19.24
Asthma,DRUGSCREENSINGLE,CSM,M,D,P60,0.3333333,19.24,1,19.24
Asthma,DRUGSCREENSINGLE,CSM,M,E,P60,0.1666666,19.24,1,19.24
Asthma,DRUGSCREENSINGLE,WFStF,F,E,P60,0.125,19.24,2,38.48
Asthma,ELECTROCARDIOGRAMTRACING,AS,F,E,P60,0.137931,13.07,4,52.28
Asthma,ELECTROCARDIOGRAMTRACING,AS,F,F,P60,0.1818181,13.07,2,26.14
Asthma,ELECTROCARDIOGRAMTRACING,AS,F,F,P90,0.5,13.07,1,13.07
Asthma,ELECTROCARDIOGRAMTRACING,AS,F,G,P60,0.1923076,13.07,5,65.35
Asthma,ELECTROCARDIOGRAMTRACING,AS,F,G,P90,0.5,13.07,1,13.07
Asthma,ELECTROCARDIOGRAMTRACING,AS,M,E,P60,0.2222222,13.07,2,26.14
Asthma,ELECTROCARDIOGRAMTRACING,AS,M,G,P60,0.2857142,13.07,4,52.28
Asthma,ELECTROCARDIOGRAMTRACING,AS,M,G,P90,1,13.07,1,13.07
Asthma,ELECTROCARDIOGRAMTRACING,CSM,F,E,P60,0.1578947,13.07,3,39.21
Asthma,ELECTROCARDIOGRAMTRACING,CSM,F,F,P90,1,13.07,2,26.14
Asthma,ELECTROCARDIOGRAMTRACING,CSM,F,G,P40,0.2222222,13.07,2,26.14
Asthma,ELECTROCARDIOGRAMTRACING,CSM,F,G,P60,0.7333333,13.07,11,143.77
Asthma,ELECTROCARDIOGRAMTRACING,CSM,F,G,P90,1,13.07,3,39.21
Asthma,ELECTROCARDIOGRAMTRACING,CSM,M,F,P60,0.1428571,13.07,1,13.07
Asthma,ELECTROCARDIOGRAMTRACING,CSM,M,F,P90,0.6666666,13.07,2,26.14
Asthma,ELECTROCARDIOGRAMTRACING,CSM,M,G,P40,0.3333333,13.07,1,13.07
Asthma,ELECTROCARDIOGRAMTRACING,CSM,M,G,P60,1,13.07,1,13.07
Asthma,ELECTROCARDIOGRAMTRACING,CSM,M,G,P90,1,13.07,2,26.14
Asthma,ELECTROCARDIOGRAMTRACING,WFStF,F,E,P60,0.0625,13.07,1,13.07
Asthma,ELECTROCARDIOGRAMTRACING,WFStF,F,E,P90,0.5,13.07,1,13.07
Asthma,ELECTROCARDIOGRAMTRACING,WFStF,F,F,P60,0.125,13.07,1,13.07
Asthma,ELECTROCARDIOGRAMTRACING,WFStF,F,F,P90,1,13.07,1,13.07
Asthma,ELECTROCARDIOGRAMTRACING,WFStF,F,G,P10,0.3333333,13.07,1,13.07
Asthma,ELECTROCARDIOGRAMTRACING,WFStF,F,G,P40,0.5,13.07,2,26.14
Asthma,ELECTROCARDIOGRAMTRACING,WFStF,F,G,P60,0.5,13.07,3,39.21
Asthma,ELECTROCARDIOGRAMTRACING,WFStF,F,G,P90,1,13.07,1,13.07
Asthma,ELECTROCARDIOGRAMTRACING,WFStF,M,D,P60,0.1666666,13.07,1,13.07
Asthma,ELECTROCARDIOGRAMTRACING,WFStF,M,E,P60,0.75,13.07,3,39.21
Asthma,ELECTROCARDIOGRAMTRACING,WFStF,M,E,P90,1,13.07,1,13.07
Asthma,ELECTROCARDIOGRAMTRACING,WFStF,M,F,P40,0.5,13.07,1,13.07
Asthma,ELECTROCARDIOGRAMTRACING,WFStF,M,F,P60,0.25,13.07,1,13.07
Asthma,ELECTROCARDIOGRAMTRACING,WFStF,M,F,P90,1,13.07,1,13.07
Asthma,ELECTROCARDIOGRAMTRACING,WFStF,M,G,P10,0.5,13.07,1,13.07
Asthma,ELECTROCARDIOGRAMTRACING,WFStF,M,G,P40,1,13.07,2,26.14
Asthma,ELECTROCARDIOGRAMTRACING,WFStF,M,G,P60,1,13.07,4,52.28
Asthma,ELECTROCARDIOGRAMTRACING,WFStF,M,G,P90,2,13.07,2,26.14
Asthma,EMERGENCYDEPTVISIT,AS,F,D,P40,0.1666666,105.32,1,105.32
Asthma,EMERGENCYDEPTVISIT,AS,F,D,P60,0.1,105.32,1,105.32
Asthma,EMERGENCYDEPTVISIT,AS,F,E,P10,0.0714285,35.48,1,35.48
Asthma,EMERGENCYDEPTVISIT,AS,F,E,P10,0.0714285,56.78,1,56.78
Asthma,EMERGENCYDEPTVISIT,AS,F,E,P60,0.0344827,56.78,1,56.78
Asthma,EMERGENCYDEPTVISIT,AS,F,E,P60,0.0689655,35.48,2,70.96
Asthma,EMERGENCYDEPTVISIT,AS,F,E,P60,0.0689655,156.96,2,313.92
Asthma,EMERGENCYDEPTVISIT,AS,F,E,P60,0.1034482,105.32,3,315.96
Asthma,EMERGENCYDEPTVISIT,AS,F,E,P90,0.5,156.96,1,156.96
Asthma,EMERGENCYDEPTVISIT,AS,F,F,P10,0.1666666,18.84,1,18.84
Asthma,EMERGENCYDEPTVISIT,AS,F,F,P40,0.1428571,105.32,1,105.32
Asthma,EMERGENCYDEPTVISIT,AS,F,F,P60,0.3636363,156.96,4,627.84
Asthma,EMERGENCYDEPTVISIT,AS,F,F,P90,1,156.96,2,313.92
Asthma,EMERGENCYDEPTVISIT,AS,F,G,P10,0.076923,105.32,1,105.32
Asthma,EMERGENCYDEPTVISIT,AS,F,G,P60,0.1153846,156.96,3,470.88
Asthma,EMERGENCYDEPTVISIT,AS,F,G,P90,0.5,18.84,1,18.84
Asthma,EMERGENCYDEPTVISIT,AS,F,G,P90,0.5,105.32,1,105.32
Asthma,EMERGENCYDEPTVISIT,AS,F,G,P90,1,156.96,2,313.92
Asthma,EMERGENCYDEPTVISIT,AS,M,B,P10,0.5,56.78,1,56.78
Asthma,EMERGENCYDEPTVISIT,AS,M,B,P60,0.5,105.32,3,315.96
Asthma,EMERGENCYDEPTVISIT,AS,M,C,P10,0.1111111,56.78,1,56.78
Asthma,EMERGENCYDEPTVISIT,AS,M,C,P60,0.0588235,56.78,1,56.78
Asthma,EMERGENCYDEPTVISIT,AS,M,C,P60,0.0588235,105.32,1,105.32
Asthma,EMERGENCYDEPTVISIT,AS,M,C,P90,0.5,156.96,1,156.96
Asthma,EMERGENCYDEPTVISIT,AS,M,E,P10,0.5,105.32,1,105.32
Asthma,EMERGENCYDEPTVISIT,AS,M,E,P40,0.5,105.32,2,210.64
Asthma,EMERGENCYDEPTVISIT,AS,M,E,P60,0.3333333,156.96,3,470.88
Asthma,EMERGENCYDEPTVISIT,AS,M,E,P60,0.4444444,105.32,4,421.28
Asthma,EMERGENCYDEPTVISIT,AS,M,E,P90,1,156.96,1,156.96
Asthma,EMERGENCYDEPTVISIT,AS,M,F,P40,0.5,105.32,3,315.96
Asthma,EMERGENCYDEPTVISIT,AS,M,F,P60,0.25,156.96,3,470.88
Asthma,EMERGENCYDEPTVISIT,AS,M,F,P90,1,156.96,1,156.96
Asthma,EMERGENCYDEPTVISIT,AS,M,G,P60,0.0714285,35.48,1,35.48
Asthma,EMERGENCYDEPTVISIT,AS,M,G,P60,0.0714285,105.32,1,105.32
Asthma,EMERGENCYDEPTVISIT,AS,M,G,P60,0.2857142,156.96,4,627.84
Asthma,EMERGENCYDEPTVISIT,AS,M,G,P90,2,156.96,2,313.92
Asthma,EMERGENCYDEPTVISIT,CSM,F,B,P40,0.5,105.32,1,105.32
Asthma,EMERGENCYDEPTVISIT,CSM,F,B,P90,2,56.78,2,113.56
Asthma,EMERGENCYDEPTVISIT,CSM,F,C,P90,1,56.78,1,56.78
Asthma,EMERGENCYDEPTVISIT,CSM,F,D,P90,1,156.96,1,156.96
Asthma,EMERGENCYDEPTVISIT,CSM,F,E,P10,0.1,56.78,1,56.78
Asthma,EMERGENCYDEPTVISIT,CSM,F,E,P40,0.1,105.32,1,105.32
Asthma,EMERGENCYDEPTVISIT,CSM,F,E,P60,0.0526315,105.32,1,105.32
Asthma,EMERGENCYDEPTVISIT,CSM,F,E,P90,0.5,156.96,1,156.96
Asthma,EMERGENCYDEPTVISIT,CSM,F,F,P40,0.3333333,105.32,2,210.64
Asthma,EMERGENCYDEPTVISIT,CSM,F,F,P60,0.2,56.78,2,113.56
Asthma,EMERGENCYDEPTVISIT,CSM,F,F,P60,0.2,105.32,2,210.64
Asthma,EMERGENCYDEPTVISIT,CSM,F,F,P60,0.2,156.96,2,313.92
Asthma,EMERGENCYDEPTVISIT,CSM,F,F,P90,0.5,156.96,1,156.96
Asthma,EMERGENCYDEPTVISIT,CSM,F,G,P10,0.125,105.32,1,105.32
Asthma,EMERGENCYDEPTVISIT,CSM,F,G,P40,0.1111111,105.32,1,105.32
Asthma,EMERGENCYDEPTVISIT,CSM,F,G,P40,0.2222222,156.96,2,313.92
Asthma,EMERGENCYDEPTVISIT,CSM,F,G,P60,0.0666666,56.78,1,56.78
Asthma,EMERGENCYDEPTVISIT,CSM,F,G,P60,0.1333333,105.32,2,210.64
Asthma,EMERGENCYDEPTVISIT,CSM,F,G,P60,0.2666666,156.96,4,627.84
Asthma,EMERGENCYDEPTVISIT,CSM,M,B,P90,0.5,105.32,1,105.32
Asthma,EMERGENCYDEPTVISIT,CSM,M,E,P10,0.5,105.32,1,105.32
Asthma,EMERGENCYDEPTVISIT,CSM,M,E,P40,0.6666666,105.32,2,210.64
Asthma,EMERGENCYDEPTVISIT,CSM,M,E,P60,0.1666666,105.32,1,105.32
Asthma,EMERGENCYDEPTVISIT,CSM,M,E,P60,0.5,156.96,3,470.88
Asthma,EMERGENCYDEPTVISIT,CSM,M,E,P90,2,156.96,2,313.92
Asthma,EMERGENCYDEPTVISIT,CSM,M,F,P10,0.5,105.32,1,105.32
Asthma,EMERGENCYDEPTVISIT,CSM,M,F,P40,0.5,156.96,1,156.96
Asthma,EMERGENCYDEPTVISIT,CSM,M,F,P60,0.1428571,105.32,1,105.32
Asthma,EMERGENCYDEPTVISIT,CSM,M,F,P60,0.1428571,156.96,1,156.96
Asthma,EMERGENCYDEPTVISIT,CSM,M,F,P90,0.3333333,105.32,1,105.32
Asthma,EMERGENCYDEPTVISIT,CSM,M,F,P90,0.3333333,156.96,1,156.96
Asthma,EMERGENCYDEPTVISIT,WFStF,F,B,P60,0.1111111,156.96,1,156.96
Asthma,EMERGENCYDEPTVISIT,WFStF,F,B,P60,0.2222222,56.78,2,113.56
Asthma,EMERGENCYDEPTVISIT,WFStF,F,B,P60,0.2222222,105.32,2,210.64
Asthma,EMERGENCYDEPTVISIT,WFStF,F,D,P60,0.25,56.78,1,56.78
Asthma,EMERGENCYDEPTVISIT,WFStF,F,D,P60,0.25,156.96,1,156.96
Asthma,EMERGENCYDEPTVISIT,WFStF,F,D,P90,1,56.78,2,113.56
Asthma,EMERGENCYDEPTVISIT,WFStF,F,D,P90,1,156.96,2,313.92
Asthma,EMERGENCYDEPTVISIT,WFStF,F,E,P10,0.125,35.48,1,35.48
Asthma,EMERGENCYDEPTVISIT,WFStF,F,E,P60,0.0625,156.96,1,156.96
Asthma,EMERGENCYDEPTVISIT,WFStF,F,E,P60,0.125,56.78,2,113.56
Asthma,EMERGENCYDEPTVISIT,WFStF,F,E,P60,0.25,105.32,4,421.28
Asthma,EMERGENCYDEPTVISIT,WFStF,F,E,P90,0.5,156.96,1,156.96
Asthma,EMERGENCYDEPTVISIT,WFStF,F,F,P10,0.3333333,56.78,1,56.78
Asthma,EMERGENCYDEPTVISIT,WFStF,F,F,P40,0.25,105.32,1,105.32
Asthma,EMERGENCYDEPTVISIT,WFStF,F,F,P60,0.125,156.96,1,156.96
Asthma,EMERGENCYDEPTVISIT,WFStF,F,F,P60,0.25,105.32,2,210.64
Asthma,EMERGENCYDEPTVISIT,WFStF,F,G,P40,0.25,105.32,1,105.32
Asthma,EMERGENCYDEPTVISIT,WFStF,F,G,P60,0.1666666,56.78,1,56.78
Asthma,EMERGENCYDEPTVISIT,WFStF,F,G,P60,0.3333333,105.32,2,210.64
Asthma,EMERGENCYDEPTVISIT,WFStF,M,B,P40,0.3333333,18.84,1,18.84
Asthma,EMERGENCYDEPTVISIT,WFStF,M,B,P60,0.1666666,105.32,1,105.32
Asthma,EMERGENCYDEPTVISIT,WFStF,M,B,P60,0.5,56.78,3,170.34
Asthma,EMERGENCYDEPTVISIT,WFStF,M,B,P90,1,156.96,1,156.96
Asthma,EMERGENCYDEPTVISIT,WFStF,M,C,P60,0.1428571,56.78,2,113.56
Asthma,EMERGENCYDEPTVISIT,WFStF,M,D,P60,0.1666666,56.78,1,56.78
Asthma,EMERGENCYDEPTVISIT,WFStF,M,D,P60,0.3333333,156.96,2,313.92
Asthma,EMERGENCYDEPTVISIT,WFStF,M,D,P90,1,156.96,1,156.96
Asthma,EMERGENCYDEPTVISIT,WFStF,M,F,P10,0.5,56.78,1,56.78
Asthma,EMERGENCYDEPTVISIT,WFStF,M,F,P40,0.5,56.78,1,56.78
Asthma,EMERGENCYDEPTVISIT,WFStF,M,F,P60,0.5,56.78,2,113.56
Asthma,EMERGENCYDEPTVISIT,WFStF,M,F,P90,1,105.32,1,105.32
Asthma,EMERGENCYDEPTVISIT,WFStF,M,G,P60,0.5,56.78,2,113.56
Asthma,EMERGENCYDEPTVISIT,WFStF,M,G,P60,0.5,156.96,2,313.92
Asthma,EMERGENCYDEPTVISIT,WFStF,M,G,P90,2,156.96,2,313.92
Asthma,EVALUATEPTUSEOFINHALER,CSM,F,C,P10,1,13.52,1,13.52
Asthma,EVALUATEPTUSEOFINHALER,CSM,F,C,P60,0.5,13.52,1,13.52
Asthma,EVALUATEPTUSEOFINHALER,CSM,F,D,P60,0.3333333,13.52,1,13.52
Asthma,EVALUATEPTUSEOFINHALER,CSM,F,E,P10,0.1,13.52,1,13.52
Asthma,EVALUATEPTUSEOFINHALER,CSM,F,E,P40,0.1,13.52,1,13.52
Asthma,EVALUATEPTUSEOFINHALER,CSM,F,E,P60,0.2631578,13.52,5,67.6
Asthma,EVALUATEPTUSEOFINHALER,CSM,F,E,P90,1.5,13.52,3,40.56
Asthma,EVALUATEPTUSEOFINHALER,CSM,F,F,P60,0.1,13.52,1,13.52
Asthma,EVALUATEPTUSEOFINHALER,CSM,F,G,P10,0.25,13.52,2,27.04
Asthma,EVALUATEPTUSEOFINHALER,CSM,F,G,P40,0.2222222,13.52,2,27.04
Asthma,EVALUATEPTUSEOFINHALER,CSM,F,G,P60,0.2,13.52,3,40.56
Asthma,EVALUATEPTUSEOFINHALER,CSM,F,G,P90,0.3333333,13.52,1,13.52
Asthma,EVALUATEPTUSEOFINHALER,CSM,M,B,P90,0.5,13.52,1,13.52
Asthma,EVALUATEPTUSEOFINHALER,CSM,M,C,P10,0.25,13.52,1,13.52
Asthma,EVALUATEPTUSEOFINHALER,CSM,M,C,P40,0.3333333,13.52,2,27.04
Asthma,EVALUATEPTUSEOFINHALER,CSM,M,C,P60,0.125,13.52,1,13.52
Asthma,EVALUATEPTUSEOFINHALER,CSM,M,E,P60,0.1666666,13.52,1,13.52
Asthma,EVALUATEPTUSEOFINHALER,CSM,M,F,P60,0.2857142,13.52,2,27.04
Asthma,EVALUATEPTUSEOFINHALER,CSM,M,G,P40,0.3333333,13.52,1,13.52
Asthma,EVALUATEPTUSEOFINHALER,WFStF,M,B,P60,0.3333333,13.52,2,27.04
Asthma,EVALUATEPTUSEOFINHALER,WFStF,M,D,P60,0.1666666,13.52,1,13.52
Asthma,EXTREMITYSTUDY,CSM,F,G,P90,0.3333333,21.17,1,21.17
Asthma,EXTREMITYSTUDY,CSM,F,G,P90,0.3333333,86.18,1,86.18
Asthma,EXTREMITYSTUDY,CSM,F,G,P90,0.3333333,107.34,1,107.34
Asthma,EXTREMITYSTUDY,WFStF,F,E,P90,0.5,21.17,1,21.17
Asthma,EXTREMITYSTUDY,WFStF,F,E,P90,0.5,86.18,1,86.18
Asthma,EXTREMITYSTUDY,WFStF,F,E,P90,0.5,107.34,1,107.34
Asthma,FIBRINDEGRADATIONQUANT,AS,F,E,P90,0.5,11.32,1,11.32
Asthma,FIBRINDEGRADATIONQUANT,AS,F,F,P90,0.5,11.32,1,11.32
Asthma,FIBRINDEGRADATIONQUANT,AS,M,G,P60,0.0714285,11.32,1,11.32
Asthma,FIBRINDEGRADATIONQUANT,CSM,F,E,P60,0.1052631,11.32,2,22.64
Asthma,FIBRINDEGRADATIONQUANT,CSM,F,G,P60,0.3333333,11.32,5,56.6
Asthma,FIBRINDEGRADATIONQUANT,CSM,F,G,P90,0.3333333,11.32,1,11.32
Asthma,FIBRINDEGRADATIONQUANT,WFStF,F,E,P60,0.125,11.32,2,22.64
Asthma,FIBRINDEGRADATIONQUANT,WFStF,F,E,P90,1,11.32,2,22.64
Asthma,FIBRINDEGRADATIONQUANT,WFStF,F,F,P60,0.125,11.32,1,11.32
Asthma,FIBRINDEGRADATIONQUANT,WFStF,F,F,P90,1,11.32,1,11.32
Asthma,FIBRINDEGRADATIONQUANT,WFStF,F,G,P60,0.1666666,11.32,1,11.32
Asthma,FIBRINDEGRADATIONQUANT,WFStF,F,G,P90,1,11.32,1,11.32
Asthma,FIBRINDEGRADATIONQUANT,WFStF,M,D,P60,0.1666666,11.32,1,11.32
Asthma,FIBRINDEGRADATIONQUANT,WFStF,M,E,P60,0.25,11.32,1,11.32
Asthma,FIBRINDEGRADATIONQUANT,WFStF,M,E,P90,1,11.32,1,11.32
Asthma,FIBRINDEGRADATIONQUANT,WFStF,M,F,P40,0.5,11.32,1,11.32
Asthma,FIBRINDEGRADATIONQUANT,WFStF,M,F,P60,0.5,11.32,2,22.64
Asthma,FREEASSAY-FT-3-,CSM,F,E,P90,0.5,16.51,1,16.51
Asthma,GLUCOSEBLOODTEST,AS,F,F,P60,0.090909,3.27,1,3.27
Asthma,GLUCOSEBLOODTEST,CSM,F,E,P60,0.1052631,3.27,2,6.54
Asthma,GLUCOSEBLOODTEST,CSM,F,E,P90,2,3.27,4,13.08
Asthma,GLUCOSEBLOODTEST,CSM,F,F,P10,0.2,3.27,1,3.27
Asthma,GLUCOSEBLOODTEST,CSM,F,G,P40,0.1111111,3.27,1,3.27
Asthma,GLUCOSEBLOODTEST,CSM,M,C,P90,1,3.27,1,3.27
Asthma,GLUCOSEBLOODTEST,CSM,M,E,P60,0.1666666,3.27,1,3.27
Asthma,GLUCOSEBLOODTEST,CSM,M,F,P90,0.3333333,3.27,1,3.27
Asthma,GLUCOSEBLOODTEST,WFStF,F,E,P60,0.0625,3.27,1,3.27
Asthma,GLUCOSEBLOODTEST,WFStF,F,G,P10,0.3333333,3.27,1,3.27
Asthma,GLUCOSEBLOODTEST,WFStF,F,G,P60,0.3333333,3.27,2,6.54
Asthma,GLUCOSEBLOODTEST,WFStF,M,E,P60,0.25,3.27,1,3.27
Asthma,GLUCOSEBLOODTEST,WFStF,M,E,P90,1,3.27,1,3.27
Asthma,GLUCOSEBLOODTEST,WFStF,M,G,P10,1,3.27,2,6.54
Asthma,GLUCOSEBLOODTEST,WFStF,M,G,P60,0.25,3.27,1,3.27
Asthma,HEMATOCRIT,AS,F,E,P60,0.0344827,3.31,1,3.31
Asthma,HEMATOCRIT,AS,M,G,P60,0.0714285,3.31,1,3.31
Asthma,HEPATICFUNCTIONPANEL,WFStF,M,G,P60,0.25,11.42,1,11.42
Asthma,HYDRATEIVINFUSIONADD-ON,WFStF,F,C,P90,1,16.56,1,16.56
Asthma,INFLUENZAVIRUSANTIBODY,WFStF,M,E,P90,2,18.94,2,37.88
Asthma,INSERTBLADDERCATHETER,AS,M,D,P60,0.4,25.37,2,50.74
Asthma,LACTATE-LD--LDH-ENZYME,CSM,F,F,P60,0.1,8.44,1,8.44
Asthma,LUNGFUNCTIONTEST-MBC-MVV-,CSM,F,E,P40,0.3,5.09,3,15.27
Asthma,LUNGFUNCTIONTEST-MBC-MVV-,CSM,F,E,P40,0.3,15.87,3,47.61
Asthma,LUNGFUNCTIONTEST-MBC-MVV-,CSM,F,E,P40,0.3,20.95,3,62.85
Asthma,LUNGFUNCTIONTEST-MBC-MVV-,CSM,F,E,P90,1.5,5.09,3,15.27
Asthma,LUNGFUNCTIONTEST-MBC-MVV-,CSM,F,E,P90,1.5,15.87,3,47.61
Asthma,LUNGFUNCTIONTEST-MBC-MVV-,CSM,F,E,P90,1.5,20.95,3,62.85
Asthma,MAMMOGRAMSCREENING,CSM,F,G,P60,0.0666666,32.7,1,32.7
Asthma,MAMMOGRAMSCREENING,CSM,F,G,P60,0.0666666,44.33,1,44.33
Asthma,MAMMOGRAMSCREENING,CSM,F,G,P60,0.0666666,77.03,1,77.03
Asthma,MEASUREBLOODOXYGENLEVEL,AS,F,B,P90,2,2.2,2,4.4
Asthma,MEASUREBLOODOXYGENLEVEL,AS,F,D,P40,0.3333333,2.2,2,4.4
Asthma,MEASUREBLOODOXYGENLEVEL,AS,F,D,P60,0.1,2.2,1,2.2
Asthma,MEASUREBLOODOXYGENLEVEL,AS,F,D,P60,0.2,4.51,2,9.02
Asthma,MEASUREBLOODOXYGENLEVEL,AS,F,E,P40,0.0666666,4.51,1,4.51
Asthma,MEASUREBLOODOXYGENLEVEL,AS,F,E,P60,0.137931,2.2,4,8.8
Asthma,MEASUREBLOODOXYGENLEVEL,AS,F,E,P90,0.5,2.2,1,2.2
Asthma,MEASUREBLOODOXYGENLEVEL,AS,F,E,P90,2,4.51,4,18.04
Asthma,MEASUREBLOODOXYGENLEVEL,AS,F,F,P40,0.1428571,4.51,1,4.51
Asthma,MEASUREBLOODOXYGENLEVEL,AS,F,F,P60,0.090909,2.2,1,2.2
Asthma,MEASUREBLOODOXYGENLEVEL,AS,F,F,P60,0.1818181,4.51,2,9.02
Asthma,MEASUREBLOODOXYGENLEVEL,AS,F,F,P90,1,4.51,2,9.02
Asthma,MEASUREBLOODOXYGENLEVEL,AS,F,G,P10,0.1538461,4.51,2,9.02
Asthma,MEASUREBLOODOXYGENLEVEL,AS,F,G,P60,0.1538461,2.2,4,8.8
Asthma,MEASUREBLOODOXYGENLEVEL,AS,F,G,P60,0.1923076,4.51,5,22.55
Asthma,MEASUREBLOODOXYGENLEVEL,AS,F,G,P90,0.5,2.2,1,2.2
Asthma,MEASUREBLOODOXYGENLEVEL,AS,F,G,P90,0.5,4.51,1,4.51
Asthma,MEASUREBLOODOXYGENLEVEL,AS,M,B,P10,0.5,2.2,1,2.2
Asthma,MEASUREBLOODOXYGENLEVEL,AS,M,B,P60,0.3333333,4.51,2,9.02
Asthma,MEASUREBLOODOXYGENLEVEL,AS,M,C,P60,0.0588235,2.2,1,2.2
Asthma,MEASUREBLOODOXYGENLEVEL,AS,M,C,P90,0.5,4.51,1,4.51
Asthma,MEASUREBLOODOXYGENLEVEL,AS,M,D,P40,0.2,2.2,1,2.2
Asthma,MEASUREBLOODOXYGENLEVEL,AS,M,D,P90,1,2.2,2,4.4
Asthma,MEASUREBLOODOXYGENLEVEL,AS,M,E,P40,0.25,4.51,1,4.51
Asthma,MEASUREBLOODOXYGENLEVEL,AS,M,E,P60,0.2222222,2.2,2,4.4
Asthma,MEASUREBLOODOXYGENLEVEL,AS,M,E,P60,0.6666666,4.51,6,27.06
Asthma,MEASUREBLOODOXYGENLEVEL,AS,M,E,P90,1,4.51,1,4.51
Asthma,MEASUREBLOODOXYGENLEVEL,AS,M,F,P40,0.1666666,2.2,1,2.2
Asthma,MEASUREBLOODOXYGENLEVEL,AS,M,F,P40,0.1666666,4.51,1,4.51
Asthma,MEASUREBLOODOXYGENLEVEL,AS,M,F,P90,1,4.51,1,4.51
Asthma,MEASUREBLOODOXYGENLEVEL,AS,M,G,P40,0.25,2.2,2,4.4
Asthma,MEASUREBLOODOXYGENLEVEL,AS,M,G,P60,0.2142857,4.51,3,13.53
Asthma,MEASUREBLOODOXYGENLEVEL,AS,M,G,P90,2,4.51,2,9.02
Asthma,METABOLICPANELIONIZEDCA,CSM,F,E,P60,0.2105263,30.51,4,122.04
Asthma,METABOLICPANELIONIZEDCA,CSM,F,E,P90,0.5,30.51,1,30.51
Asthma,METABOLICPANELIONIZEDCA,CSM,F,F,P90,0.5,30.51,1,30.51
Asthma,METABOLICPANELIONIZEDCA,CSM,F,G,P60,0.2,30.51,3,91.53
Asthma,METABOLICPANELIONIZEDCA,CSM,F,G,P90,0.6666666,30.51,2,61.02
Asthma,METABOLICPANELIONIZEDCA,CSM,M,B,P90,0.5,30.51,1,30.51
Asthma,METABOLICPANELIONIZEDCA,CSM,M,F,P60,0.1428571,30.51,1,30.51
Asthma,METABOLICPANELIONIZEDCA,CSM,M,F,P90,0.6666666,30.51,2,61.02
Asthma,METABOLICPANELIONIZEDCA,CSM,M,G,P90,1,30.51,2,61.02
Asthma,METABOLICPANELTOTALCA,AS,F,B,P90,2,11.83,2,23.66
Asthma,METABOLICPANELTOTALCA,AS,F,E,P90,0.5,11.83,1,11.83
Asthma,METABOLICPANELTOTALCA,AS,F,F,P90,0.5,11.83,1,11.83
Asthma,METABOLICPANELTOTALCA,AS,F,G,P90,0.5,11.83,1,11.83
Asthma,METABOLICPANELTOTALCA,AS,M,E,P60,0.1111111,11.83,1,11.83
Asthma,METABOLICPANELTOTALCA,AS,M,E,P90,1,11.83,1,11.83
Asthma,METABOLICPANELTOTALCA,AS,M,F,P90,1,11.83,1,11.83
Asthma,METABOLICPANELTOTALCA,AS,M,G,P60,0.0714285,11.83,1,11.83
Asthma,METABOLICPANELTOTALCA,CSM,F,E,P60,0.1052631,11.83,2,23.66
Asthma,METABOLICPANELTOTALCA,CSM,F,E,P90,2,11.83,4,47.32
Asthma,METABOLICPANELTOTALCA,CSM,F,G,P60,0.1333333,11.83,2,23.66
Asthma,METABOLICPANELTOTALCA,CSM,M,F,P90,1,11.83,3,35.49
Asthma,METABOLICPANELTOTALCA,WFStF,F,C,P60,0.1666666,11.83,1,11.83
Asthma,METABOLICPANELTOTALCA,WFStF,F,E,P60,0.125,11.83,2,23.66
Asthma,METABOLICPANELTOTALCA,WFStF,F,E,P90,1,11.83,2,23.66
Asthma,METABOLICPANELTOTALCA,WFStF,F,F,P60,0.125,11.83,1,11.83
Asthma,METABOLICPANELTOTALCA,WFStF,F,F,P90,1,11.83,1,11.83
Asthma,METABOLICPANELTOTALCA,WFStF,F,G,P60,0.3333333,11.83,2,23.66
Asthma,METABOLICPANELTOTALCA,WFStF,F,G,P90,1,11.83,1,11.83
Asthma,METABOLICPANELTOTALCA,WFStF,M,B,P90,1,11.83,1,11.83
Asthma,METABOLICPANELTOTALCA,WFStF,M,E,P90,2,11.83,2,23.66
Asthma,METABOLICPANELTOTALCA,WFStF,M,F,P40,0.5,11.83,1,11.83
Asthma,METABOLICPANELTOTALCA,WFStF,M,F,P60,0.25,11.83,1,11.83
Asthma,METABOLICPANELTOTALCA,WFStF,M,G,P60,0.5,11.83,2,23.66
Asthma,MICROALBUMINQUANTITATIVE,CSM,F,E,P90,0.5,8.09,1,8.09
Asthma,MICROBESUSCEPTIBLEMIC,AS,F,G,P60,0.076923,12.08,2,24.16
Asthma,MICROBESUSCEPTIBLEMIC,CSM,F,E,P60,0.0526315,12.08,1,12.08
Asthma,MR-STAPHDNAAMPPROBE,AS,M,F,P90,1,49.04,1,49.04
Asthma,NATRIURETICPEPTIDE,AS,F,E,P60,0.0344827,47.43,1,47.43
Asthma,NATRIURETICPEPTIDE,AS,F,F,P60,0.1818181,47.43,2,94.86
Asthma,NATRIURETICPEPTIDE,AS,F,F,P90,0.5,47.43,1,47.43
Asthma,NATRIURETICPEPTIDE,AS,F,G,P60,0.076923,47.43,2,94.86
Asthma,NATRIURETICPEPTIDE,AS,F,G,P90,0.5,47.43,1,47.43
Asthma,NATRIURETICPEPTIDE,AS,M,E,P60,0.2222222,47.43,2,94.86
Asthma,NATRIURETICPEPTIDE,AS,M,G,P60,0.2142857,47.43,3,142.29
Asthma,NATRIURETICPEPTIDE,CSM,F,G,P40,0.1111111,47.43,1,47.43
Asthma,NATRIURETICPEPTIDE,CSM,F,G,P60,0.1333333,47.43,2,94.86
Asthma,NATRIURETICPEPTIDE,CSM,F,G,P90,0.6666666,47.43,2,94.86
Asthma,NATRIURETICPEPTIDE,CSM,M,F,P90,0.3333333,47.43,1,47.43
Asthma,NATRIURETICPEPTIDE,CSM,M,G,P40,0.3333333,47.43,1,47.43
Asthma,NATRIURETICPEPTIDE,CSM,M,G,P90,1,47.43,2,94.86
Asthma,NATRIURETICPEPTIDE,WFStF,F,F,P60,0.125,47.43,1,47.43
Asthma,NATRIURETICPEPTIDE,WFStF,F,F,P90,1,47.43,1,47.43
Asthma,NATRIURETICPEPTIDE,WFStF,F,G,P60,0.3333333,47.43,2,94.86
Asthma,NATRIURETICPEPTIDE,WFStF,M,D,P60,0.1666666,47.43,1,47.43
Asthma,NATRIURETICPEPTIDE,WFStF,M,G,P60,0.25,47.43,1,47.43
Asthma,NATRIURETICPEPTIDE,WFStF,M,G,P90,1,47.43,1,47.43
Asthma,OCCULTBLOODOTHERSOURCES,WFStF,M,G,P60,0.25,4.54,1,4.54
Asthma,OFFICE-OUTPATIENTVISITEST,WFStF,F,B,P10,0.4,21.17,2,42.34
Asthma,OFFICE-OUTPATIENTVISITEST,WFStF,F,B,P40,0.2,40.64,1,40.64
Asthma,OFFICE-OUTPATIENTVISITEST,WFStF,F,B,P60,0.1111111,21.17,1,21.17
Asthma,OFFICE-OUTPATIENTVISITEST,WFStF,F,E,P40,0.1111111,40.64,1,40.64
Asthma,OFFICE-OUTPATIENTVISITEST,WFStF,M,B,P40,0.3333333,40.64,1,40.64
Asthma,OFFICE-OUTPATIENTVISITEST,WFStF,M,C,P10,0.2857142,21.17,2,42.34
Asthma,OFFICE-OUTPATIENTVISITEST,WFStF,M,C,P40,0.3333333,40.64,2,81.28
Asthma,OFFICE-OUTPATIENTVISITEST,WFStF,M,D,P90,1,21.17,1,21.17
Asthma,OFFICE-OUTPATIENTVISITEST,WFStF,M,G,P90,1,21.17,1,21.17
Asthma,OFFICE-OUTPATIENTVISITEST,WFStF,M,G,P90,3,40.64,3,121.92
Asthma,PLACENEEDLEINVEIN,AS,F,D,P60,0.1,8.42,1,8.42
Asthma,PLACENEEDLEINVEIN,AS,F,E,P60,0.0344827,8.42,1,8.42
Asthma,PLACENEEDLEINVEIN,AS,F,E,P90,2.5,8.42,5,42.1
Asthma,PLACENEEDLEINVEIN,AS,F,F,P60,0.1818181,8.42,2,16.84
Asthma,PLACENEEDLEINVEIN,AS,F,G,P60,0.1153846,8.42,3,25.26
Asthma,PLACENEEDLEINVEIN,AS,F,G,P90,0.5,8.42,1,8.42
Asthma,PLACENEEDLEINVEIN,AS,M,D,P60,0.4,8.42,2,16.84
Asthma,PLACENEEDLEINVEIN,AS,M,E,P60,0.3333333,8.42,3,25.26
Asthma,PLACENEEDLEINVEIN,AS,M,G,P40,0.25,8.42,2,16.84
Asthma,PLACENEEDLEINVEIN,AS,M,G,P60,0.1428571,8.42,2,16.84
Asthma,PLACENEEDLEINVEIN,AS,M,G,P90,1,8.42,1,8.42
Asthma,PROTHROMBINTIME,CSM,F,E,P60,0.0526315,5.49,1,5.49
Asthma,PROTHROMBINTIME,CSM,F,G,P60,0.0666666,5.49,1,5.49
Asthma,PROTHROMBINTIME,CSM,F,G,P90,0.3333333,5.49,1,5.49
Asthma,PROTHROMBINTIME,WFStF,F,F,P90,1,5.49,1,5.49
Asthma,PROTHROMBINTIME,WFStF,F,G,P90,1,5.49,1,5.49
Asthma,PTEVALUATION,CSM,F,G,P90,0.3333333,66.03,1,66.03
Asthma,RBCSEDRATENONAUTOMATED,CSM,F,G,P90,0.3333333,4.96,1,4.96
Asthma,RHYTHMECGTRACING,AS,F,E,P90,1,5.48,2,10.96
Asthma,RHYTHMECGTRACING,AS,F,F,P60,0.090909,5.48,1,5.48
Asthma,RHYTHMECGTRACING,AS,F,F,P90,0.5,5.48,1,5.48
Asthma,RHYTHMECGTRACING,AS,F,G,P90,0.5,5.48,1,5.48
Asthma,RHYTHMECGTRACING,AS,M,E,P60,0.2222222,5.48,2,10.96
Asthma,RHYTHMECGTRACING,AS,M,G,P40,0.25,5.48,2,10.96
Asthma,RHYTHMECGTRACING,AS,M,G,P60,0.0714285,5.48,1,5.48
Asthma,RHYTHMECGTRACING,AS,M,G,P90,1,5.48,1,5.48
Asthma,ROUTINEVENIPUNCTURE,AS,F,B,P90,1,3,1,3
Asthma,ROUTINEVENIPUNCTURE,AS,F,E,P60,0.0344827,3,1,3
Asthma,ROUTINEVENIPUNCTURE,AS,F,E,P90,1,3,2,6
Asthma,ROUTINEVENIPUNCTURE,AS,F,F,P60,0.090909,3,1,3
Asthma,ROUTINEVENIPUNCTURE,AS,F,F,P90,0.5,3,1,3
Asthma,ROUTINEVENIPUNCTURE,AS,F,G,P60,0.076923,3,2,6
Asthma,ROUTINEVENIPUNCTURE,AS,F,G,P90,1,3,2,6
Asthma,ROUTINEVENIPUNCTURE,AS,M,D,P60,0.4,3,2,6
Asthma,ROUTINEVENIPUNCTURE,AS,M,E,P60,0.3333333,3,3,9
Asthma,ROUTINEVENIPUNCTURE,AS,M,E,P90,2,3,2,6
Asthma,ROUTINEVENIPUNCTURE,AS,M,F,P90,2,3,2,6
Asthma,ROUTINEVENIPUNCTURE,AS,M,G,P60,0.2142857,3,3,9
Asthma,ROUTINEVENIPUNCTURE,AS,M,G,P90,1,3,1,3
Asthma,ROUTINEVENIPUNCTURE,CSM,F,E,P60,0.2631578,3,5,15
Asthma,ROUTINEVENIPUNCTURE,CSM,F,E,P90,2,3,4,12
Asthma,ROUTINEVENIPUNCTURE,CSM,F,F,P10,0.4,3,2,6
Asthma,ROUTINEVENIPUNCTURE,CSM,F,F,P60,0.1,3,1,3
Asthma,ROUTINEVENIPUNCTURE,CSM,F,F,P90,1,3,2,6
Asthma,ROUTINEVENIPUNCTURE,CSM,F,G,P40,0.1111111,3,1,3
Asthma,ROUTINEVENIPUNCTURE,CSM,F,G,P60,0.8666666,3,13,39
Asthma,ROUTINEVENIPUNCTURE,CSM,F,G,P90,1,3,3,9
Asthma,ROUTINEVENIPUNCTURE,CSM,M,F,P90,0.6666666,3,2,6
Asthma,ROUTINEVENIPUNCTURE,CSM,M,G,P40,0.3333333,3,1,3
Asthma,ROUTINEVENIPUNCTURE,CSM,M,G,P60,2,3,2,6
Asthma,ROUTINEVENIPUNCTURE,CSM,M,G,P90,1,3,2,6
Asthma,ROUTINEVENIPUNCTURE,WFStF,F,C,P60,0.1666666,3,1,3
Asthma,ROUTINEVENIPUNCTURE,WFStF,F,E,P60,0.1875,3,3,9
Asthma,ROUTINEVENIPUNCTURE,WFStF,F,E,P90,1,3,2,6
Asthma,ROUTINEVENIPUNCTURE,WFStF,F,F,P60,0.125,3,1,3
Asthma,ROUTINEVENIPUNCTURE,WFStF,F,F,P90,1,3,1,3
Asthma,ROUTINEVENIPUNCTURE,WFStF,F,G,P60,0.5,3,3,9
Asthma,ROUTINEVENIPUNCTURE,WFStF,F,G,P90,1,3,1,3
Asthma,ROUTINEVENIPUNCTURE,WFStF,M,B,P90,1,3,1,3
Asthma,ROUTINEVENIPUNCTURE,WFStF,M,D,P60,0.1666666,3,1,3
Asthma,ROUTINEVENIPUNCTURE,WFStF,M,E,P60,0.25,3,1,3
Asthma,ROUTINEVENIPUNCTURE,WFStF,M,E,P90,3,3,3,9
Asthma,ROUTINEVENIPUNCTURE,WFStF,M,F,P40,0.5,3,1,3
Asthma,ROUTINEVENIPUNCTURE,WFStF,M,F,P60,0.5,3,2,6
Asthma,ROUTINEVENIPUNCTURE,WFStF,M,G,P40,1,3,2,6
Asthma,ROUTINEVENIPUNCTURE,WFStF,M,G,P60,1,3,4,12
Asthma,ROUTINEVENIPUNCTURE,WFStF,M,G,P90,3,3,3,9
Asthma,SMEARGRAMSTAIN,AS,F,G,P60,0.076923,5.96,2,11.92
Asthma,STREPAASSAYW-OPTIC,AS,F,E,P40,0.0666666,16.76,1,16.76
Asthma,STREPAASSAYW-OPTIC,CSM,F,E,P40,0.1,16.76,1,16.76
Asthma,STREPAASSAYW-OPTIC,CSM,F,F,P60,0.1,16.76,1,16.76
Asthma,STREPAASSAYW-OPTIC,CSM,F,G,P40,0.1111111,16.76,1,16.76
Asthma,STREPAASSAYW-OPTIC,CSM,M,E,P10,0.5,16.76,1,16.76
Asthma,STREPAASSAYW-OPTIC,CSM,M,E,P60,0.1666666,16.76,1,16.76
Asthma,STREPAASSAYW-OPTIC,WFStF,F,B,P40,0.2,16.76,1,16.76
Asthma,STREPAASSAYW-OPTIC,WFStF,F,C,P10,0.3333333,16.76,1,16.76
Asthma,STREPAASSAYW-OPTIC,WFStF,F,C,P60,0.1666666,16.76,1,16.76
Asthma,STREPAASSAYW-OPTIC,WFStF,F,D,P60,0.25,16.76,1,16.76
Asthma,STREPAASSAYW-OPTIC,WFStF,M,C,P60,0.2142857,16.76,3,50.28
Asthma,STREPAASSAYW-OPTIC,WFStF,M,G,P90,2,16.76,2,33.52
Asthma,THER-PROPH-DIAGINJIVPUSH,AS,F,F,P90,0.5,53.25,1,53.25
Asthma,THER-PROPH-DIAGINJIVPUSH,WFStF,F,E,P60,0.0625,53.25,1,53.25
Asthma,THER-PROPH-DIAGINJIVPUSH,WFStF,M,D,P60,0.1666666,53.25,1,53.25
Asthma,THER-PROPH-DIAGINJSC-IM,AS,F,F,P60,0.090909,19.25,1,19.25
Asthma,THER-PROPH-DIAGINJSC-IM,CSM,F,E,P40,0.1,19.25,1,19.25
Asthma,THER-PROPH-DIAGINJSC-IM,WFStF,F,D,P60,0.25,19.25,1,19.25
Asthma,THER-PROPH-DIAGINJSC-IM,WFStF,M,B,P60,0.3333333,19.25,2,38.5
Asthma,THER-PROPH-DIAGIVINFINIT,WFStF,F,C,P90,1,67.65,1,67.65
Asthma,THROMBOPLASTINTIMEPARTIAL,WFStF,F,F,P90,1,8.38,1,8.38
Asthma,THROMBOPLASTINTIMEPARTIAL,WFStF,F,G,P90,1,8.38,1,8.38
Asthma,TRANSVAGINALUSNON-OB,AS,F,G,P90,0.5,31.97,1,31.97
Asthma,TRANSVAGINALUSNON-OB,AS,F,G,P90,0.5,73.39,1,73.39
Asthma,TRANSVAGINALUSNON-OB,AS,F,G,P90,0.5,105.35,1,105.35
Asthma,TX-PRO-DXINJNEWDRUGADDON,WFStF,F,C,P90,1,23.25,1,23.25
Asthma,TX-PRO-DXINJNEWDRUGADDON,WFStF,F,E,P60,0.0625,23.25,1,23.25
Asthma,TX-PRO-DXINJNEWDRUGADDON,WFStF,M,D,P60,0.1666666,23.25,1,23.25
Asthma,URINALYSISNONAUTOW-OSCOPE,AS,F,G,P90,1,3.57,2,7.14
Asthma,URINALYSISNONAUTOW-OSCOPE,WFStF,F,D,P40,0.3333333,3.57,1,3.57
Asthma,URINALYSISNONAUTOW-OSCOPE,WFStF,F,D,P60,0.5,3.57,2,7.14
Asthma,URINALYSISNONAUTOW-OSCOPE,WFStF,F,D,P90,1,3.57,2,7.14
Asthma,URINALYSISNONAUTOW-OSCOPE,WFStF,F,E,P60,0.1875,3.57,3,10.71
Asthma,URINALYSISNONAUTOW-OSCOPE,WFStF,F,F,P60,0.125,3.57,1,3.57
Asthma,URINALYSISNONAUTOW-OSCOPE,WFStF,F,F,P90,1,3.57,1,3.57
Asthma,URINALYSISNONAUTOW-OSCOPE,WFStF,M,C,P60,0.0714285,3.57,1,3.57
Asthma,URINALYSISAUTOW-SCOPE,AS,F,B,P90,2,4.43,2,8.86
Asthma,URINALYSISAUTOW-SCOPE,CSM,F,E,P60,0.0526315,4.43,1,4.43
Asthma,URINALYSISAUTOW-SCOPE,CSM,F,E,P90,0.5,4.43,1,4.43
Asthma,URINALYSISAUTOW-SCOPE,CSM,F,F,P60,0.1,4.43,1,4.43
Asthma,URINALYSISAUTOW-SCOPE,WFStF,F,C,P60,0.1666666,4.43,1,4.43
Asthma,URINALYSISAUTOW-SCOPE,WFStF,F,F,P60,0.25,4.43,2,8.86
Asthma,URINALYSISAUTOW-SCOPE,WFStF,M,E,P90,1,4.43,1,4.43
Asthma,URINALYSISAUTOW-SCOPE,WFStF,M,G,P90,1,4.43,1,4.43
Asthma,URINALYSISAUTOW-OSCOPE,CSM,F,E,P60,0.1052631,3.14,2,6.28
Asthma,URINALYSISAUTOW-OSCOPE,CSM,F,G,P60,0.0666666,3.14,1,3.14
Asthma,URINECULTURE-COLONYCOUNT,CSM,F,E,P60,0.0526315,11.28,1,11.28
Asthma,URINECULTURE-COLONYCOUNT,WFStF,F,F,P60,0.125,11.28,1,11.28
Asthma,URINEPREGNANCYTEST,AS,F,E,P90,0.5,8.84,1,8.84
Asthma,URINEPREGNANCYTEST,AS,F,G,P90,1,8.84,2,17.68
Asthma,URINEPREGNANCYTEST,CSM,F,E,P60,0.0526315,8.84,1,8.84
Asthma,URINEPREGNANCYTEST,WFStF,F,D,P40,0.3333333,8.84,1,8.84
Asthma,URINEPREGNANCYTEST,WFStF,F,D,P60,0.25,8.84,1,8.84
Asthma,URINEPREGNANCYTEST,WFStF,F,D,P90,1,8.84,2,17.68
Asthma,URINEPREGNANCYTEST,WFStF,F,E,P60,0.1875,8.84,3,26.52
Asthma,URINEPREGNANCYTEST,WFStF,F,E,P90,0.5,8.84,1,8.84
Asthma,URINEPREGNANCYTEST,WFStF,F,F,P60,0.125,8.84,1,8.84
Asthma,URINEPREGNANCYTEST,WFStF,F,F,P90,1,8.84,1,8.84
Asthma,USEXAMABDOMCOMPLETE,CSM,F,G,P60,0.0666666,37.4,1,37.4
Asthma,USEXAMABDOMCOMPLETE,CSM,F,G,P60,0.0666666,85.17,1,85.17
Asthma,USEXAMABDOMCOMPLETE,CSM,F,G,P60,0.0666666,122.58,1,122.58
Asthma,USEXAMABDOMCOMPLETE,WFStF,F,E,P60,0.0625,37.4,1,37.4
Asthma,USEXAMABDOMCOMPLETE,WFStF,F,E,P60,0.0625,85.17,1,85.17
Asthma,USEXAMABDOMCOMPLETE,WFStF,F,E,P60,0.0625,122.58,1,122.58
Asthma,USEXAMPELVICCOMPLETE,AS,F,G,P90,0.5,31.97,1,31.97
Asthma,USEXAMPELVICCOMPLETE,AS,F,G,P90,0.5,73.74,1,73.74
Asthma,USEXAMPELVICCOMPLETE,AS,F,G,P90,0.5,105.71,1,105.71
Asthma,WITHDRAWALOFARTERIALBLOOD,WFStF,F,C,P90,1,13.92,1,13.92
Asthma,X-RAYEXAMOFANKLE,CSM,F,G,P90,0.3333333,8.04,1,8.04
Asthma,X-RAYEXAMOFANKLE,CSM,F,G,P90,0.3333333,20.42,1,20.42
Asthma,X-RAYEXAMOFANKLE,CSM,F,G,P90,0.3333333,28.46,1,28.46
Asthma,X-RAYEXAMOFANKLE,WFStF,M,D,P90,1,8.04,1,8.04
Asthma,X-RAYEXAMOFANKLE,WFStF,M,D,P90,1,20.42,1,20.42
Asthma,X-RAYEXAMOFANKLE,WFStF,M,D,P90,1,28.46,1,28.46
Asthma,X-RAYEXAMOFFACIALBONES,CSM,F,E,P40,0.1,11.79,1,11.79
Asthma,X-RAYEXAMOFFACIALBONES,CSM,F,E,P40,0.1,28.11,1,28.11
Asthma,X-RAYEXAMOFFACIALBONES,CSM,F,E,P40,0.1,39.9,1,39.9
Asthma,X-RAYEXAMOFJAW,AS,F,G,P60,0.0384615,11.41,1,11.41
Asthma,X-RAYEXAMOFJAW,AS,F,G,P60,0.0384615,24.38,1,24.38
Asthma,X-RAYEXAMOFJAW,AS,F,G,P60,0.0384615,35.79,1,35.79
Asthma,X-RAYEXAMOFNECK,CSM,F,E,P60,0.0526315,8.04,1,8.04
Asthma,X-RAYEXAMOFNECK,CSM,F,E,P60,0.0526315,16.57,1,16.57
Asthma,X-RAYEXAMOFNECK,CSM,F,E,P60,0.0526315,24.61,1,24.61
Asthma,X-RAYEXAMOFNECKSPINE,CSM,F,E,P60,0.0526315,14.01,1,14.01
Asthma,X-RAYEXAMOFNECKSPINE,CSM,F,E,P60,0.0526315,33.94,1,33.94
Asthma,X-RAYEXAMOFNECKSPINE,CSM,F,E,P60,0.0526315,47.95,1,47.95
Asthma,X-RAYEXAMSERIESABDOMEN,CSM,F,G,P60,0.0666666,14.74,1,14.74
Asthma,X-RAYEXAMSERIESABDOMEN,CSM,F,G,P60,0.0666666,29.16,1,29.16
Asthma,X-RAYEXAMSERIESABDOMEN,CSM,F,G,P60,0.0666666,43.9,1,43.9
Asthma,X-RAYEXAMKNEE4ORMORE,CSM,M,D,P60,0.3333333,9.91,1,9.91
Asthma,X-RAYEXAMKNEE4ORMORE,CSM,M,D,P60,0.3333333,25.43,1,25.43
Asthma,X-RAYEXAMKNEE4ORMORE,CSM,M,D,P60,0.3333333,35.34,1,35.34
