COPD,AIRWAYINHALATIONTREATMENT,AS,M,G,P60,2,12.36,4,49.44
COPD,AIRWAYINHALATIONTREATMENT,CSM,F,G,P90,1,12.36,1,12.36
COPD,AIRWAYINHALATIONTREATMENT,CSM,M,E,P90,1,12.36,1,12.36
COPD,AIRWAYINHALATIONTREATMENT,CSM,M,G,P10,1,12.36,1,12.36
COPD,AIRWAYINHALATIONTREATMENT,CSM,M,G,P40,1.3333333,12.36,4,49.44
COPD,AIRWAYINHALATIONTREATMENT,CSM,M,G,P60,0.75,12.36,3,37.08
COPD,AIRWAYINHALATIONTREATMENT,CSM,M,G,P90,2,12.36,2,24.72
COPD,AIRWAYINHALATIONTREATMENT,WFStF,F,F,P90,1,12.36,1,12.36
COPD,AIRWAYINHALATIONTREATMENT,WFStF,F,G,P60,0.8,12.36,4,49.44
COPD,AIRWAYINHALATIONTREATMENT,WFStF,F,G,P90,1,12.36,1,12.36
COPD,AIRWAYINHALATIONTREATMENT,WFStF,M,E,P90,1,12.36,1,12.36
COPD,AIRWAYINHALATIONTREATMENT,WFStF,M,G,P40,0.6666666,12.36,2,24.72
COPD,AIRWAYINHALATIONTREATMENT,WFStF,M,G,P60,0.6666666,12.36,2,24.72
COPD,AIRWAYINHALATIONTREATMENT,WFStF,M,G,P90,2,12.36,4,49.44
COPD,ASSAYOFCALCIUM,AS,M,G,P60,0.5,19.09,1,19.09
COPD,ASSAYOFCALCIUM,AS,M,G,P90,2,19.09,2,38.18
COPD,ASSAYOFCALCIUM,CSM,M,G,P60,0.25,19.09,1,19.09
COPD,ASSAYOFCK-CPK-,CSM,M,G,P60,0.25,9.1,1,9.1
COPD,ASSAYOFCK-CPK-,CSM,M,G,P90,1,9.1,1,9.1
COPD,ASSAYOFCK-CPK-,WFStF,F,G,P60,0.4,9.1,2,18.2
COPD,ASSAYOFCK-CPK-,WFStF,F,G,P90,1,9.1,1,9.1
COPD,ASSAYOFCK-CPK-,WFStF,M,G,P60,0.3333333,9.1,1,9.1
COPD,ASSAYOFCK-CPK-,WFStF,M,G,P90,0.5,9.1,1,9.1
COPD,ASSAYOFCREATININE,AS,M,G,P90,2,7.16,2,14.32
COPD,ASSAYOFCREATININE,CSM,M,G,P60,0.25,7.16,1,7.16
COPD,ASSAYOFDIGOXIN,CSM,M,G,P40,0.3333333,18.55,1,18.55
COPD,ASSAYOFDIGOXIN,CSM,M,G,P60,0.25,18.55,1,18.55
COPD,ASSAYOFETHANOL,WFStF,M,G,P90,0.5,15.1,1,15.1
COPD,ASSAYOFLACTICACID,CSM,M,G,P60,0.25,14.92,1,14.92
COPD,ASSAYOFLIPASE,AS,M,G,P60,0.5,9.62,1,9.62
COPD,ASSAYOFLIPASE,CSM,F,G,P90,1,9.62,1,9.62
COPD,ASSAYOFLIPASE,WFStF,M,G,P90,0.5,9.62,1,9.62
COPD,ASSAYOFMAGNESIUM,AS,M,G,P60,0.5,9.36,1,9.36
COPD,ASSAYOFMAGNESIUM,CSM,M,G,P40,0.3333333,9.36,1,9.36
COPD,ASSAYOFMYOGLOBIN,AS,M,G,P60,1,18.04,2,36.08
COPD,ASSAYOFMYOGLOBIN,AS,M,G,P90,2,18.04,2,36.08
COPD,ASSAYOFMYOGLOBIN,CSM,M,G,P40,1,18.04,3,54.12
COPD,ASSAYOFMYOGLOBIN,CSM,M,G,P60,1.25,18.04,5,90.2
COPD,ASSAYOFMYOGLOBIN,CSM,M,G,P90,1,18.04,1,18.04
COPD,ASSAYOFSERUMPOTASSIUM,AS,M,G,P60,0.5,6.42,1,6.42
COPD,ASSAYOFSERUMPOTASSIUM,AS,M,G,P90,2,6.42,2,12.84
COPD,ASSAYOFSERUMPOTASSIUM,CSM,M,G,P60,0.25,6.42,1,6.42
COPD,ASSAYOFSERUMSODIUM,AS,M,G,P60,0.5,6.72,1,6.72
COPD,ASSAYOFSERUMSODIUM,AS,M,G,P90,2,6.72,2,13.44
COPD,ASSAYOFSERUMSODIUM,CSM,M,G,P60,0.25,6.72,1,6.72
COPD,ASSAYOFTROPONINQUANT,AS,M,G,P60,1,13.75,2,27.5
COPD,ASSAYOFTROPONINQUANT,AS,M,G,P90,2,13.75,2,27.5
COPD,ASSAYOFTROPONINQUANT,CSM,M,G,P40,1,13.75,3,41.25
COPD,ASSAYOFTROPONINQUANT,CSM,M,G,P60,1.25,13.75,5,68.75
COPD,ASSAYOFTROPONINQUANT,CSM,M,G,P90,2,13.75,2,27.5
COPD,ASSAYOFTROPONINQUANT,WFStF,F,G,P60,0.4,13.75,2,27.5
COPD,ASSAYOFTROPONINQUANT,WFStF,F,G,P90,1,13.75,1,13.75
COPD,ASSAYOFTROPONINQUANT,WFStF,M,G,P60,0.6666666,13.75,2,27.5
COPD,ASSAYOFTROPONINQUANT,WFStF,M,G,P90,1,13.75,2,27.5
COPD,ASSAYOFUREANITROGEN,CSM,M,G,P60,0.25,5.51,1,5.51
COPD,ASSAYGLUCOSEBLOODQUANT,AS,M,G,P60,0.5,5.48,1,5.48
COPD,ASSAYGLUCOSEBLOODQUANT,AS,M,G,P90,2,5.48,2,10.96
COPD,ASSAYGLUCOSEBLOODQUANT,CSM,M,G,P60,0.25,5.48,1,5.48
COPD,BLOODCULTUREFORBACTERIA,CSM,M,G,P60,0.25,14.42,1,14.42
COPD,BLOODCULTUREFORBACTERIA,WFStF,F,G,P60,0.2,14.42,1,14.42
COPD,BLOODCULTUREFORBACTERIA,WFStF,M,G,P60,0.3333333,14.42,1,14.42
COPD,BLOODGASES-PHPO2-PCO2,AS,M,G,P60,0.5,27.04,1,27.04
COPD,BLOODGASES-PHPO2-PCO2,AS,M,G,P90,2,27.04,2,54.08
COPD,BLOODGASES-PHPO2-PCO2,WFStF,M,G,P60,0.3333333,27.04,1,27.04
COPD,CBT1STHOUR,AS,F,F,P90,2,34.09,2,68.18
COPD,CBT1STHOUR,AS,M,G,P60,0.5,34.09,1,34.09
COPD,CHESTX-RAY,AS,M,G,P60,0.5,8.42,1,8.42
COPD,CHESTX-RAY,AS,M,G,P60,0.5,9.91,1,9.91
COPD,CHESTX-RAY,AS,M,G,P60,0.5,15.17,1,15.17
COPD,CHESTX-RAY,AS,M,G,P60,0.5,20.52,1,20.52
COPD,CHESTX-RAY,AS,M,G,P60,0.5,23.59,1,23.59
COPD,CHESTX-RAY,AS,M,G,P60,0.5,30.44,1,30.44
COPD,CHESTX-RAY,AS,M,G,P90,2,9.91,2,19.82
COPD,CHESTX-RAY,AS,M,G,P90,2,20.52,2,41.04
COPD,CHESTX-RAY,AS,M,G,P90,2,30.44,2,60.88
COPD,CHESTX-RAY,CSM,F,G,P90,1,9.91,1,9.91
COPD,CHESTX-RAY,CSM,F,G,P90,1,20.52,1,20.52
COPD,CHESTX-RAY,CSM,F,G,P90,1,30.44,1,30.44
COPD,CHESTX-RAY,CSM,M,G,P40,0.3333333,9.91,1,9.91
COPD,CHESTX-RAY,CSM,M,G,P40,0.3333333,20.52,1,20.52
COPD,CHESTX-RAY,CSM,M,G,P40,0.3333333,30.44,1,30.44
COPD,CHESTX-RAY,CSM,M,G,P40,0.6666666,8.42,2,16.84
COPD,CHESTX-RAY,CSM,M,G,P40,0.6666666,15.17,2,30.34
COPD,CHESTX-RAY,CSM,M,G,P40,0.6666666,23.59,2,47.18
COPD,CHESTX-RAY,CSM,M,G,P60,0.5,8.42,2,16.84
COPD,CHESTX-RAY,CSM,M,G,P60,0.5,9.91,2,19.82
COPD,CHESTX-RAY,CSM,M,G,P60,0.5,15.17,2,30.34
COPD,CHESTX-RAY,CSM,M,G,P60,0.5,20.52,2,41.04
COPD,CHESTX-RAY,CSM,M,G,P60,0.5,23.59,2,47.18
COPD,CHESTX-RAY,CSM,M,G,P60,0.5,30.44,2,60.88
COPD,CHESTX-RAY,CSM,M,G,P90,1,8.42,1,8.42
COPD,CHESTX-RAY,CSM,M,G,P90,1,15.17,1,15.17
COPD,CHESTX-RAY,CSM,M,G,P90,1,23.59,1,23.59
COPD,CHESTX-RAY,WFStF,F,F,P90,1,9.91,1,9.91
COPD,CHESTX-RAY,WFStF,F,F,P90,1,20.52,1,20.52
COPD,CHESTX-RAY,WFStF,F,F,P90,1,30.44,1,30.44
COPD,CHESTX-RAY,WFStF,F,G,P60,0.2,9.91,1,9.91
COPD,CHESTX-RAY,WFStF,F,G,P60,0.2,20.52,1,20.52
COPD,CHESTX-RAY,WFStF,F,G,P60,0.2,30.44,1,30.44
COPD,CHESTX-RAY,WFStF,F,G,P60,0.8,8.42,4,33.68
COPD,CHESTX-RAY,WFStF,F,G,P60,0.8,15.17,4,60.68
COPD,CHESTX-RAY,WFStF,F,G,P60,0.8,23.59,4,94.36
COPD,CHESTX-RAY,WFStF,F,G,P90,1,9.91,1,9.91
COPD,CHESTX-RAY,WFStF,F,G,P90,1,20.52,1,20.52
COPD,CHESTX-RAY,WFStF,F,G,P90,1,30.44,1,30.44
COPD,CHESTX-RAY,WFStF,M,F,P90,1,9.91,1,9.91
COPD,CHESTX-RAY,WFStF,M,F,P90,1,20.52,1,20.52
COPD,CHESTX-RAY,WFStF,M,F,P90,1,30.44,1,30.44
COPD,CHESTX-RAY,WFStF,M,G,P40,1,9.91,3,29.73
COPD,CHESTX-RAY,WFStF,M,G,P40,1,20.52,3,61.56
COPD,CHESTX-RAY,WFStF,M,G,P40,1,30.44,3,91.32
COPD,CHESTX-RAY,WFStF,M,G,P60,0.3333333,9.91,1,9.91
COPD,CHESTX-RAY,WFStF,M,G,P60,0.3333333,20.52,1,20.52
COPD,CHESTX-RAY,WFStF,M,G,P60,0.3333333,30.44,1,30.44
COPD,CHESTX-RAY,WFStF,M,G,P60,0.6666666,8.42,2,16.84
COPD,CHESTX-RAY,WFStF,M,G,P60,0.6666666,15.17,2,30.34
COPD,CHESTX-RAY,WFStF,M,G,P60,0.6666666,23.59,2,47.18
COPD,CHESTX-RAY,WFStF,M,G,P90,1,8.42,2,16.84
COPD,CHESTX-RAY,WFStF,M,G,P90,1,9.91,2,19.82
COPD,CHESTX-RAY,WFStF,M,G,P90,1,15.17,2,30.34
COPD,CHESTX-RAY,WFStF,M,G,P90,1,20.52,2,41.04
COPD,CHESTX-RAY,WFStF,M,G,P90,1,23.59,2,47.18
COPD,CHESTX-RAY,WFStF,M,G,P90,1,30.44,2,60.88
COPD,COMPLETECBCW-AUTODIFFWBC,AS,M,G,P60,1.5,10.86,3,32.58
COPD,COMPLETECBCW-AUTODIFFWBC,AS,M,G,P90,2,10.86,2,21.72
COPD,COMPLETECBCW-AUTODIFFWBC,CSM,F,G,P90,1,10.86,1,10.86
COPD,COMPLETECBCW-AUTODIFFWBC,CSM,M,G,P40,1,10.86,3,32.58
COPD,COMPLETECBCW-AUTODIFFWBC,CSM,M,G,P60,1,10.86,4,43.44
COPD,COMPLETECBCW-AUTODIFFWBC,CSM,M,G,P90,1,10.86,1,10.86
COPD,COMPLETECBCW-AUTODIFFWBC,WFStF,F,G,P60,0.6,10.86,3,32.58
COPD,COMPLETECBCW-AUTODIFFWBC,WFStF,F,G,P90,1,10.86,1,10.86
COPD,COMPLETECBCW-AUTODIFFWBC,WFStF,M,F,P90,1,10.86,1,10.86
COPD,COMPLETECBCW-AUTODIFFWBC,WFStF,M,G,P40,1,10.86,3,32.58
COPD,COMPLETECBCW-AUTODIFFWBC,WFStF,M,G,P60,1,10.86,3,32.58
COPD,COMPLETECBCW-AUTODIFFWBC,WFStF,M,G,P90,2,10.86,4,43.44
COPD,COMPREHENMETABOLICPANEL,AS,M,G,P60,0.5,14.77,1,14.77
COPD,COMPREHENMETABOLICPANEL,CSM,F,G,P90,1,14.77,1,14.77
COPD,COMPREHENMETABOLICPANEL,CSM,M,G,P40,1,14.77,3,44.31
COPD,COMPREHENMETABOLICPANEL,WFStF,M,G,P40,0.6666666,14.77,2,29.54
COPD,COMPREHENMETABOLICPANEL,WFStF,M,G,P60,0.3333333,14.77,1,14.77
COPD,COMPREHENMETABOLICPANEL,WFStF,M,G,P90,1,14.77,2,29.54
COPD,CREATINEMBFRACTION,AS,M,G,P60,1,8.59,2,17.18
COPD,CREATINEMBFRACTION,AS,M,G,P90,2,8.59,2,17.18
COPD,CREATINEMBFRACTION,CSM,M,G,P40,1,8.59,3,25.77
COPD,CREATINEMBFRACTION,CSM,M,G,P60,1.25,8.59,5,42.95
COPD,CREATINEMBFRACTION,CSM,M,G,P90,2,8.59,2,17.18
COPD,CREATINEMBFRACTION,WFStF,F,G,P60,0.4,8.59,2,17.18
COPD,CREATINEMBFRACTION,WFStF,F,G,P90,1,8.59,1,8.59
COPD,CREATINEMBFRACTION,WFStF,M,G,P60,0.3333333,8.59,1,8.59
COPD,CREATINEMBFRACTION,WFStF,M,G,P90,0.5,8.59,1,8.59
COPD,CTANGIOGRAPHYCHEST,WFStF,M,F,P90,1,89.52,1,89.52
COPD,CTANGIOGRAPHYCHEST,WFStF,M,F,P90,1,299.25,1,299.25
COPD,CTANGIOGRAPHYCHEST,WFStF,M,F,P90,1,388.77,1,388.77
COPD,CTTHORAXW-DYE,AS,F,F,P90,2,57.36,2,114.72
COPD,CTTHORAXW-DYE,AS,F,F,P90,2,250.72,2,501.44
COPD,CTTHORAXW-DYE,AS,F,F,P90,2,308.08,2,616.16
COPD,CTTHORAXW-DYE,CSM,M,G,P60,0.5,57.36,2,114.72
COPD,CTTHORAXW-DYE,CSM,M,G,P60,0.5,250.72,2,501.44
COPD,CTTHORAXW-DYE,CSM,M,G,P60,0.5,308.08,2,616.16
COPD,CTTHORAXW-DYE,CSM,M,G,P90,1,57.36,1,57.36
COPD,CTTHORAXW-DYE,CSM,M,G,P90,1,250.72,1,250.72
COPD,CTTHORAXW-DYE,CSM,M,G,P90,1,308.08,1,308.08
COPD,DRUGSCREENSINGLE,WFStF,M,F,P90,2,19.24,2,38.48
COPD,ELECTROCARDIOGRAMTRACING,AS,M,G,P60,1,13.07,2,26.14
COPD,ELECTROCARDIOGRAMTRACING,AS,M,G,P90,2,13.07,2,26.14
COPD,ELECTROCARDIOGRAMTRACING,CSM,F,G,P90,1,13.07,1,13.07
COPD,ELECTROCARDIOGRAMTRACING,CSM,M,G,P40,1,13.07,3,39.21
COPD,ELECTROCARDIOGRAMTRACING,CSM,M,G,P60,1,13.07,4,52.28
COPD,ELECTROCARDIOGRAMTRACING,CSM,M,G,P90,1,13.07,1,13.07
COPD,ELECTROCARDIOGRAMTRACING,WFStF,F,G,P60,0.6,13.07,3,39.21
COPD,ELECTROCARDIOGRAMTRACING,WFStF,F,G,P90,1,13.07,1,13.07
COPD,ELECTROCARDIOGRAMTRACING,WFStF,M,F,P90,1,13.07,1,13.07
COPD,ELECTROCARDIOGRAMTRACING,WFStF,M,G,P40,0.6666666,13.07,2,26.14
COPD,ELECTROCARDIOGRAMTRACING,WFStF,M,G,P60,1,13.07,3,39.21
COPD,ELECTROCARDIOGRAMTRACING,WFStF,M,G,P90,1.5,13.07,3,39.21
COPD,EMERGENCYDEPTVISIT,AS,M,G,P60,0.5,105.32,1,105.32
COPD,EMERGENCYDEPTVISIT,AS,M,G,P60,1,156.96,2,313.92
COPD,EMERGENCYDEPTVISIT,AS,M,G,P90,2,156.96,2,313.92
COPD,EMERGENCYDEPTVISIT,CSM,M,G,P40,0.3333333,156.96,1,156.96
COPD,EMERGENCYDEPTVISIT,CSM,M,G,P60,0.5,156.96,2,313.92
COPD,EMERGENCYDEPTVISIT,WFStF,F,G,P60,0.2,56.78,1,56.78
COPD,EMERGENCYDEPTVISIT,WFStF,F,G,P60,0.4,156.96,2,313.92
COPD,EMERGENCYDEPTVISIT,WFStF,F,G,P90,1,156.96,1,156.96
COPD,EMERGENCYDEPTVISIT,WFStF,M,F,P90,1,56.78,1,56.78
COPD,EMERGENCYDEPTVISIT,WFStF,M,G,P60,0.6666666,156.96,2,313.92
COPD,EMERGENCYDEPTVISIT,WFStF,M,G,P90,0.5,105.32,1,105.32
COPD,EMERGENCYDEPTVISIT,WFStF,M,G,P90,1,156.96,2,313.92
COPD,EVALUATEPTUSEOFINHALER,CSM,M,G,P10,1,13.52,1,13.52
COPD,EVALUATEPTUSEOFINHALER,CSM,M,G,P60,0.25,13.52,1,13.52
COPD,FIBRINDEGRADATIONQUANT,CSM,M,G,P40,0.3333333,11.32,1,11.32
COPD,FIBRINDEGRADATIONQUANT,CSM,M,G,P60,0.5,11.32,2,22.64
COPD,FIBRINDEGRADATIONQUANT,WFStF,F,G,P60,0.2,11.32,1,11.32
COPD,FIBRINDEGRADATIONQUANT,WFStF,F,G,P90,1,11.32,1,11.32
COPD,FIBRINDEGRADATIONQUANT,WFStF,M,F,P90,1,11.32,1,11.32
COPD,GAITTRAININGTHERAPY,AS,M,G,P60,0.5,22.67,1,22.67
COPD,GLUCOSEBLOODTEST,AS,M,G,P60,1,3.27,2,6.54
COPD,GLUCOSEBLOODTEST,WFStF,F,G,P60,0.4,3.27,2,6.54
COPD,HEMATOCRIT,AS,M,G,P60,0.5,3.31,1,3.31
COPD,HEMATOCRIT,AS,M,G,P90,2,3.31,2,6.62
COPD,INFLUENZAASSAYW-OPTIC,CSM,M,G,P60,0.25,16.76,1,16.76
COPD,MEASUREBLOODOXYGENLEVEL,AS,F,F,P90,2,4.51,2,9.02
COPD,MEASUREBLOODOXYGENLEVEL,AS,M,G,P60,1,4.51,2,9.02
COPD,METABOLICPANELIONIZEDCA,CSM,M,G,P60,0.75,30.51,3,91.53
COPD,METABOLICPANELTOTALCA,AS,M,G,P60,1,11.83,2,23.66
COPD,METABOLICPANELTOTALCA,AS,M,G,P90,2,11.83,2,23.66
COPD,METABOLICPANELTOTALCA,CSM,M,G,P90,2,11.83,2,23.66
COPD,METABOLICPANELTOTALCA,WFStF,F,G,P60,0.6,11.83,3,35.49
COPD,METABOLICPANELTOTALCA,WFStF,F,G,P90,1,11.83,1,11.83
COPD,METABOLICPANELTOTALCA,WFStF,M,F,P90,1,11.83,1,11.83
COPD,METABOLICPANELTOTALCA,WFStF,M,G,P40,0.3333333,11.83,1,11.83
COPD,METABOLICPANELTOTALCA,WFStF,M,G,P60,0.6666666,11.83,2,23.66
COPD,METABOLICPANELTOTALCA,WFStF,M,G,P90,0.5,11.83,1,11.83
COPD,MR-STAPHDNAAMPPROBE,AS,M,G,P60,0.5,49.04,1,49.04
COPD,NATRIURETICPEPTIDE,AS,M,G,P60,1,47.43,2,94.86
COPD,NATRIURETICPEPTIDE,AS,M,G,P90,2,47.43,2,94.86
COPD,NATRIURETICPEPTIDE,CSM,M,G,P40,1,47.43,3,142.29
COPD,NATRIURETICPEPTIDE,CSM,M,G,P60,0.75,47.43,3,142.29
COPD,NATRIURETICPEPTIDE,WFStF,F,G,P60,0.2,47.43,1,47.43
COPD,NATRIURETICPEPTIDE,WFStF,F,G,P90,1,47.43,1,47.43
COPD,NATRIURETICPEPTIDE,WFStF,M,G,P40,0.6666666,47.43,2,94.86
COPD,NATRIURETICPEPTIDE,WFStF,M,G,P60,0.3333333,47.43,1,47.43
COPD,NATRIURETICPEPTIDE,WFStF,M,G,P90,1,47.43,2,94.86
COPD,OFFICE-OUTPATIENTVISITEST,WFStF,M,G,P90,0.5,21.17,1,21.17
COPD,OFFICE-OUTPATIENTVISITEST,WFStF,M,G,P90,1.5,40.64,3,121.92
COPD,PERFUSIONLUNGIMAGE,AS,M,G,P90,2,50.66,2,101.32
COPD,PERFUSIONLUNGIMAGE,AS,M,G,P90,2,205.19,2,410.38
COPD,PERFUSIONLUNGIMAGE,AS,M,G,P90,2,255.84,2,511.68
COPD,PLACENEEDLEINVEIN,AS,M,G,P60,0.5,8.42,1,8.42
COPD,PLACENEEDLEINVEIN,AS,M,G,P90,1,8.42,1,8.42
COPD,PROTHROMBINTIME,AS,M,G,P60,1.5,5.49,3,16.47
COPD,PROTHROMBINTIME,CSM,M,G,P40,0.3333333,5.49,1,5.49
COPD,PROTHROMBINTIME,CSM,M,G,P60,0.5,5.49,2,10.98
COPD,PROTHROMBINTIME,WFStF,F,G,P60,0.2,5.49,1,5.49
COPD,PROTHROMBINTIME,WFStF,F,G,P90,1,5.49,1,5.49
COPD,PTEVALUATION,AS,M,G,P60,0.5,66.03,1,66.03
COPD,RHYTHMECGTRACING,AS,M,G,P60,1,5.48,2,10.96
COPD,ROUTINEVENIPUNCTURE,AS,M,G,P60,2,3,4,12
COPD,ROUTINEVENIPUNCTURE,AS,M,G,P90,1,3,1,3
COPD,ROUTINEVENIPUNCTURE,CSM,M,G,P40,1,3,3,9
COPD,ROUTINEVENIPUNCTURE,CSM,M,G,P60,1.25,3,5,15
COPD,ROUTINEVENIPUNCTURE,CSM,M,G,P90,2,3,2,6
COPD,ROUTINEVENIPUNCTURE,WFStF,F,G,P60,0.6,3,3,9
COPD,ROUTINEVENIPUNCTURE,WFStF,F,G,P90,1,3,1,3
COPD,ROUTINEVENIPUNCTURE,WFStF,M,F,P90,1,3,1,3
COPD,ROUTINEVENIPUNCTURE,WFStF,M,G,P40,1,3,3,9
COPD,ROUTINEVENIPUNCTURE,WFStF,M,G,P60,1,3,3,9
COPD,ROUTINEVENIPUNCTURE,WFStF,M,G,P90,2,3,4,12
COPD,STREPAASSAYW-OPTIC,WFStF,M,G,P90,1,16.76,2,33.52
COPD,THER-PROPH-DIAGINJIVPUSH,AS,F,F,P90,2,53.25,2,106.5
COPD,THERAPEUTICACTIVITIES,AS,M,G,P60,1,27.34,2,54.68
COPD,THROMBOPLASTINTIMEPARTIAL,CSM,M,G,P60,0.25,8.38,1,8.38
COPD,THROMBOPLASTINTIMEPARTIAL,WFStF,F,G,P60,0.2,8.38,1,8.38
COPD,THROMBOPLASTINTIMEPARTIAL,WFStF,F,G,P90,1,8.38,1,8.38
COPD,URINALYSISNONAUTOW-OSCOPE,WFStF,M,F,P90,1,3.57,1,3.57
COPD,URINALYSISAUTOW-SCOPE,CSM,F,G,P90,1,4.43,1,4.43
COPD,URINALYSISAUTOW-SCOPE,WFStF,M,G,P90,0.5,4.43,1,4.43
COPD,X-RAYEXAMSERIESABDOMEN,CSM,F,G,P90,1,14.74,1,14.74
COPD,X-RAYEXAMSERIESABDOMEN,CSM,F,G,P90,1,29.16,1,29.16
COPD,X-RAYEXAMSERIESABDOMEN,CSM,F,G,P90,1,43.9,1,43.9
