Diabetes,ACETONEASSAY,CSM,F,E,P40,0.3333333,11.42,1,11.42
Diabetes,ACETONEASSAY,CSM,F,F,P40,0.6666666,11.42,2,22.84
Diabetes,ACETONEASSAY,CSM,F,F,P90,1,11.42,1,11.42
Diabetes,ACETONEASSAY,CSM,F,G,P40,0.25,11.42,1,11.42
Diabetes,ACETONEASSAY,CSM,F,G,P60,0.2,11.42,1,11.42
Diabetes,ACETONEASSAY,CSM,M,E,P90,1,11.42,1,11.42
Diabetes,ACETONEASSAY,CSM,M,G,P60,0.8,11.42,4,45.68
Diabetes,ACETONEASSAY,WFStF,F,E,P40,1,11.42,1,11.42
Diabetes,ACETONEASSAY,WFStF,F,E,P90,1,11.42,1,11.42
Diabetes,ACETONEASSAY,WFStF,F,F,P40,1,11.42,1,11.42
Diabetes,ACETONEASSAY,WFStF,F,F,P90,1,11.42,1,11.42
Diabetes,ACETONEASSAY,WFStF,F,G,P40,1,11.42,1,11.42
Diabetes,ACETONEASSAY,WFStF,F,G,P60,0.5,11.42,1,11.42
Diabetes,ACETONEASSAY,WFStF,F,G,P90,1,11.42,1,11.42
Diabetes,ACETONEASSAY,WFStF,M,C,P40,1,11.42,1,11.42
Diabetes,ACETONEASSAY,WFStF,M,C,P90,1,11.42,1,11.42
Diabetes,ACETONEASSAY,WFStF,M,E,P90,1,11.42,1,11.42
Diabetes,AIRWAYINHALATIONTREATMENT,CSM,F,F,P90,1,12.36,1,12.36
Diabetes,AIRWAYINHALATIONTREATMENT,CSM,F,G,P10,0.3333333,12.36,1,12.36
Diabetes,AIRWAYINHALATIONTREATMENT,CSM,F,G,P40,0.25,12.36,1,12.36
Diabetes,AIRWAYINHALATIONTREATMENT,WFStF,F,E,P90,1,12.36,1,12.36
Diabetes,ASSAYOFACETAMINOPHEN,WFStF,M,G,P90,1,28.28,1,28.28
Diabetes,ASSAYOFAMMONIA,WFStF,F,G,P60,0.5,20.36,1,20.36
Diabetes,ASSAYOFAMYLASE,CSM,M,G,P60,0.2,9.06,1,9.06
Diabetes,ASSAYOFBLOODOSMOLALITY,WFStF,F,G,P60,0.5,9.24,1,9.24
Diabetes,ASSAYOFCALCIUM,AS,F,E,P60,0.5,19.09,1,19.09
Diabetes,ASSAYOFCALCIUM,AS,F,F,P60,0.2,19.09,1,19.09
Diabetes,ASSAYOFCALCIUM,AS,F,F,P90,0.5,19.09,1,19.09
Diabetes,ASSAYOFCALCIUM,AS,F,G,P90,2,19.09,2,38.18
Diabetes,ASSAYOFCALCIUM,AS,M,F,P40,1,19.09,1,19.09
Diabetes,ASSAYOFCALCIUM,AS,M,G,P60,0.2857142,19.09,2,38.18
Diabetes,ASSAYOFCALCIUM,AS,M,G,P90,1,19.09,1,19.09
Diabetes,ASSAYOFCALCIUM,CSM,F,G,P40,0.25,19.09,1,19.09
Diabetes,ASSAYOFCALCIUM,CSM,M,G,P60,0.6,19.09,3,57.27
Diabetes,ASSAYOFCK-CPK-,WFStF,M,G,P60,0.5,9.1,1,9.1
Diabetes,ASSAYOFCREATININE,AS,F,E,P60,0.5,7.16,1,7.16
Diabetes,ASSAYOFCREATININE,AS,M,F,P40,1,7.16,1,7.16
Diabetes,ASSAYOFCREATININE,CSM,F,G,P40,0.25,7.16,1,7.16
Diabetes,ASSAYOFCREATININE,CSM,M,G,P60,0.6,7.16,3,21.48
Diabetes,ASSAYOFETHANOL,AS,F,F,P60,0.2,15.1,1,15.1
Diabetes,ASSAYOFETHANOL,AS,F,F,P90,1,15.1,2,30.2
Diabetes,ASSAYOFETHANOL,CSM,F,F,P60,0.3333333,15.1,1,15.1
Diabetes,ASSAYOFETHANOL,CSM,F,G,P90,1,15.1,1,15.1
Diabetes,ASSAYOFETHANOL,CSM,M,G,P60,0.4,15.1,2,30.2
Diabetes,ASSAYOFETHANOL,WFStF,M,G,P90,1,15.1,1,15.1
Diabetes,ASSAYOFGGT,AS,F,F,P90,0.5,10.06,1,10.06
Diabetes,ASSAYOFLACTICACID,WFStF,F,G,P60,0.5,14.92,1,14.92
Diabetes,ASSAYOFLIPASE,AS,F,F,P90,0.5,9.62,1,9.62
Diabetes,ASSAYOFLIPASE,CSM,F,E,P90,1,9.62,1,9.62
Diabetes,ASSAYOFLIPASE,CSM,F,F,P90,1,9.62,1,9.62
Diabetes,ASSAYOFLIPASE,CSM,F,G,P90,1,9.62,1,9.62
Diabetes,ASSAYOFLIPASE,CSM,M,G,P60,0.4,9.62,2,19.24
Diabetes,ASSAYOFLIPASE,WFStF,F,G,P60,0.5,9.62,1,9.62
Diabetes,ASSAYOFLIPASE,WFStF,M,C,P90,1,9.62,1,9.62
Diabetes,ASSAYOFMAGNESIUM,AS,F,F,P90,1,9.36,2,18.72
Diabetes,ASSAYOFMAGNESIUM,AS,M,G,P90,1,9.36,1,9.36
Diabetes,ASSAYOFMAGNESIUM,CSM,F,F,P90,1,9.36,1,9.36
Diabetes,ASSAYOFMAGNESIUM,CSM,M,G,P60,0.4,9.36,2,18.72
Diabetes,ASSAYOFMAGNESIUM,WFStF,F,E,P40,1,9.36,1,9.36
Diabetes,ASSAYOFMAGNESIUM,WFStF,M,E,P90,1,9.36,1,9.36
Diabetes,ASSAYOFMYOGLOBIN,AS,F,F,P90,0.5,18.04,1,18.04
Diabetes,ASSAYOFMYOGLOBIN,AS,M,G,P60,0.1428571,18.04,1,18.04
Diabetes,ASSAYOFMYOGLOBIN,AS,M,G,P90,1,18.04,1,18.04
Diabetes,ASSAYOFMYOGLOBIN,CSM,F,F,P90,1,18.04,1,18.04
Diabetes,ASSAYOFMYOGLOBIN,CSM,F,G,P60,0.2,18.04,1,18.04
Diabetes,ASSAYOFMYOGLOBIN,CSM,M,G,P60,0.2,18.04,1,18.04
Diabetes,ASSAYOFMYOGLOBIN,WFStF,M,G,P90,1,18.04,1,18.04
Diabetes,ASSAYOFPHENYTOINTOTAL,CSM,F,F,P90,1,18.52,1,18.52
Diabetes,ASSAYOFPHENYTOINTOTAL,WFStF,M,G,P60,0.5,18.52,1,18.52
Diabetes,ASSAYOFPHOSPHORUS,AS,F,F,P90,0.5,6.63,1,6.63
Diabetes,ASSAYOFPHOSPHORUS,AS,M,G,P90,1,6.63,1,6.63
Diabetes,ASSAYOFPHOSPHORUS,CSM,M,G,P60,0.4,6.63,2,13.26
Diabetes,ASSAYOFPHOSPHORUS,WFStF,F,E,P40,1,6.63,1,6.63
Diabetes,ASSAYOFPHOSPHORUS,WFStF,M,C,P40,1,6.63,1,6.63
Diabetes,ASSAYOFSALICYLATE,WFStF,M,G,P90,1,9.92,1,9.92
Diabetes,ASSAYOFSERUMPOTASSIUM,AS,F,E,P60,0.5,6.42,1,6.42
Diabetes,ASSAYOFSERUMPOTASSIUM,AS,F,F,P60,0.2,6.42,1,6.42
Diabetes,ASSAYOFSERUMPOTASSIUM,AS,F,F,P90,1,6.42,2,12.84
Diabetes,ASSAYOFSERUMPOTASSIUM,AS,F,G,P90,2,6.42,2,12.84
Diabetes,ASSAYOFSERUMPOTASSIUM,AS,M,F,P40,1,6.42,1,6.42
Diabetes,ASSAYOFSERUMPOTASSIUM,AS,M,G,P60,0.2857142,6.42,2,12.84
Diabetes,ASSAYOFSERUMPOTASSIUM,AS,M,G,P90,1,6.42,1,6.42
Diabetes,ASSAYOFSERUMPOTASSIUM,CSM,F,G,P40,0.25,6.42,1,6.42
Diabetes,ASSAYOFSERUMPOTASSIUM,CSM,M,G,P60,0.6,6.42,3,19.26
Diabetes,ASSAYOFSERUMSODIUM,AS,F,E,P60,0.5,6.72,1,6.72
Diabetes,ASSAYOFSERUMSODIUM,AS,F,F,P60,0.2,6.72,1,6.72
Diabetes,ASSAYOFSERUMSODIUM,AS,F,F,P90,0.5,6.72,1,6.72
Diabetes,ASSAYOFSERUMSODIUM,AS,F,G,P90,2,6.72,2,13.44
Diabetes,ASSAYOFSERUMSODIUM,AS,M,F,P40,1,6.72,1,6.72
Diabetes,ASSAYOFSERUMSODIUM,AS,M,G,P60,0.2857142,6.72,2,13.44
Diabetes,ASSAYOFSERUMSODIUM,AS,M,G,P90,1,6.72,1,6.72
Diabetes,ASSAYOFSERUMSODIUM,CSM,F,G,P40,0.25,6.72,1,6.72
Diabetes,ASSAYOFSERUMSODIUM,CSM,M,G,P60,0.6,6.72,3,20.16
Diabetes,ASSAYOFTROPONINQUANT,AS,F,F,P90,0.5,13.75,1,13.75
Diabetes,ASSAYOFTROPONINQUANT,AS,M,G,P60,0.1428571,13.75,1,13.75
Diabetes,ASSAYOFTROPONINQUANT,AS,M,G,P90,1,13.75,1,13.75
Diabetes,ASSAYOFTROPONINQUANT,CSM,F,F,P90,1,13.75,1,13.75
Diabetes,ASSAYOFTROPONINQUANT,CSM,F,G,P60,0.2,13.75,1,13.75
Diabetes,ASSAYOFTROPONINQUANT,CSM,M,G,P60,0.2,13.75,1,13.75
Diabetes,ASSAYOFTROPONINQUANT,WFStF,M,G,P60,0.5,13.75,1,13.75
Diabetes,ASSAYOFTROPONINQUANT,WFStF,M,G,P90,1,13.75,1,13.75
Diabetes,ASSAYOFUREANITROGEN,CSM,F,G,P40,0.25,5.51,1,5.51
Diabetes,ASSAYOFUREANITROGEN,CSM,M,G,P60,0.6,5.51,3,16.53
Diabetes,ASSAYOFURINECREATININE,CSM,F,F,P90,1,7.23,1,7.23
Diabetes,ASSAYOFURINECREATININE,CSM,M,G,P60,0.4,7.23,2,14.46
Diabetes,ASSAYOFURINESODIUM,CSM,M,G,P60,0.4,6.79,2,13.58
Diabetes,ASSAYGLUCOSEBLOODQUANT,AS,F,E,P60,0.5,5.48,1,5.48
Diabetes,ASSAYGLUCOSEBLOODQUANT,AS,F,F,P60,0.2,5.48,1,5.48
Diabetes,ASSAYGLUCOSEBLOODQUANT,AS,F,F,P90,0.5,5.48,1,5.48
Diabetes,ASSAYGLUCOSEBLOODQUANT,AS,F,G,P90,2,5.48,2,10.96
Diabetes,ASSAYGLUCOSEBLOODQUANT,AS,M,F,P40,1,5.48,1,5.48
Diabetes,ASSAYGLUCOSEBLOODQUANT,AS,M,G,P60,0.2857142,5.48,2,10.96
Diabetes,ASSAYGLUCOSEBLOODQUANT,AS,M,G,P90,1,5.48,1,5.48
Diabetes,ASSAYGLUCOSEBLOODQUANT,CSM,F,G,P40,0.25,5.48,1,5.48
Diabetes,ASSAYGLUCOSEBLOODQUANT,CSM,M,G,P60,0.4,5.48,2,10.96
Diabetes,ASSAYGLUCOSEBLOODQUANT,WFStF,F,F,P40,1,5.48,1,5.48
Diabetes,BLOODGASES-PHPO2-PCO2,AS,F,E,P60,0.5,27.04,1,27.04
Diabetes,BLOODGASES-PHPO2-PCO2,AS,F,F,P60,0.2,27.04,1,27.04
Diabetes,BLOODGASES-PHPO2-PCO2,AS,F,F,P90,0.5,27.04,1,27.04
Diabetes,BLOODGASES-PHPO2-PCO2,AS,F,G,P90,2,27.04,2,54.08
Diabetes,BLOODGASES-PHPO2-PCO2,AS,M,F,P40,1,27.04,1,27.04
Diabetes,BLOODGASES-PHPO2-PCO2,AS,M,G,P60,0.2857142,27.04,2,54.08
Diabetes,BLOODGASES-PHPO2-PCO2,AS,M,G,P90,1,27.04,1,27.04
Diabetes,BLOODGASES-PHPO2-PCO2,WFStF,F,E,P40,1,27.04,1,27.04
Diabetes,BLOODPH,CSM,F,F,P40,0.3333333,11.83,1,11.83
Diabetes,BLOODPH,CSM,F,F,P60,0.3333333,11.83,1,11.83
Diabetes,BLOODPH,CSM,F,G,P60,0.4,11.83,2,23.66
Diabetes,BLOODPH,CSM,M,G,P60,0.2,11.83,1,11.83
Diabetes,BLOODPH,WFStF,F,E,P90,1,11.83,1,11.83
Diabetes,BLOODPH,WFStF,F,F,P40,1,11.83,1,11.83
Diabetes,BLOODPH,WFStF,F,G,P40,1,11.83,1,11.83
Diabetes,BLOODPH,WFStF,F,G,P60,0.5,11.83,1,11.83
Diabetes,BLOODPH,WFStF,F,G,P90,1,11.83,1,11.83
Diabetes,BLOODPH,WFStF,M,C,P40,1,11.83,1,11.83
Diabetes,BLOODPH,WFStF,M,C,P90,1,11.83,1,11.83
Diabetes,C-REACTIVEPROTEIN,CSM,F,F,P90,1,7.23,1,7.23
Diabetes,CHESTX-RAY,AS,F,E,P60,0.5,9.91,1,9.91
Diabetes,CHESTX-RAY,AS,F,E,P60,0.5,20.52,1,20.52
Diabetes,CHESTX-RAY,AS,F,E,P60,0.5,30.44,1,30.44
Diabetes,CHESTX-RAY,AS,M,F,P40,1,9.91,1,9.91
Diabetes,CHESTX-RAY,AS,M,F,P40,1,20.52,1,20.52
Diabetes,CHESTX-RAY,AS,M,F,P40,1,30.44,1,30.44
Diabetes,CHESTX-RAY,CSM,F,F,P60,0.3333333,9.91,1,9.91
Diabetes,CHESTX-RAY,CSM,F,F,P60,0.3333333,20.52,1,20.52
Diabetes,CHESTX-RAY,CSM,F,F,P60,0.3333333,30.44,1,30.44
Diabetes,CHESTX-RAY,CSM,F,F,P90,1,8.42,1,8.42
Diabetes,CHESTX-RAY,CSM,F,F,P90,1,15.17,1,15.17
Diabetes,CHESTX-RAY,CSM,F,F,P90,1,23.59,1,23.59
Diabetes,CHESTX-RAY,CSM,F,G,P40,0.25,9.91,1,9.91
Diabetes,CHESTX-RAY,CSM,F,G,P40,0.25,20.52,1,20.52
Diabetes,CHESTX-RAY,CSM,F,G,P40,0.25,30.44,1,30.44
Diabetes,CHESTX-RAY,CSM,F,G,P60,0.2,8.42,1,8.42
Diabetes,CHESTX-RAY,CSM,F,G,P60,0.2,15.17,1,15.17
Diabetes,CHESTX-RAY,CSM,F,G,P60,0.2,23.59,1,23.59
Diabetes,CHESTX-RAY,CSM,F,G,P60,0.4,9.91,2,19.82
Diabetes,CHESTX-RAY,CSM,F,G,P60,0.4,20.52,2,41.04
Diabetes,CHESTX-RAY,CSM,F,G,P60,0.4,30.44,2,60.88
Diabetes,CHESTX-RAY,CSM,M,G,P60,0.2,9.91,1,9.91
Diabetes,CHESTX-RAY,CSM,M,G,P60,0.2,20.52,1,20.52
Diabetes,CHESTX-RAY,CSM,M,G,P60,0.2,30.44,1,30.44
Diabetes,CHESTX-RAY,CSM,M,G,P60,0.4,8.42,2,16.84
Diabetes,CHESTX-RAY,CSM,M,G,P60,0.4,15.17,2,30.34
Diabetes,CHESTX-RAY,CSM,M,G,P60,0.4,23.59,2,47.18
Diabetes,CHESTX-RAY,WFStF,F,E,P40,1,8.42,1,8.42
Diabetes,CHESTX-RAY,WFStF,F,E,P40,1,15.17,1,15.17
Diabetes,CHESTX-RAY,WFStF,F,E,P40,1,23.59,1,23.59
Diabetes,CHESTX-RAY,WFStF,F,F,P90,1,9.91,1,9.91
Diabetes,CHESTX-RAY,WFStF,F,F,P90,1,20.52,1,20.52
Diabetes,CHESTX-RAY,WFStF,F,F,P90,1,30.44,1,30.44
Diabetes,CHESTX-RAY,WFStF,F,G,P40,1,8.42,1,8.42
Diabetes,CHESTX-RAY,WFStF,F,G,P40,1,15.17,1,15.17
Diabetes,CHESTX-RAY,WFStF,F,G,P40,1,23.59,1,23.59
Diabetes,CHESTX-RAY,WFStF,F,G,P60,0.5,8.42,1,8.42
Diabetes,CHESTX-RAY,WFStF,F,G,P60,0.5,15.17,1,15.17
Diabetes,CHESTX-RAY,WFStF,F,G,P60,0.5,23.59,1,23.59
Diabetes,CHESTX-RAY,WFStF,F,G,P90,1,9.91,1,9.91
Diabetes,CHESTX-RAY,WFStF,F,G,P90,1,20.52,1,20.52
Diabetes,CHESTX-RAY,WFStF,F,G,P90,1,30.44,1,30.44
Diabetes,CHESTX-RAY,WFStF,M,G,P90,1,8.42,1,8.42
Diabetes,CHESTX-RAY,WFStF,M,G,P90,1,15.17,1,15.17
Diabetes,CHESTX-RAY,WFStF,M,G,P90,1,23.59,1,23.59
Diabetes,CHYLMDTRACHDNAAMPPROBE,CSM,F,E,P40,0.3333333,49.04,1,49.04
Diabetes,CHYLMDTRACHDNAAMPPROBE,CSM,F,F,P90,1,49.04,1,49.04
Diabetes,COMPLETECBCW-AUTODIFFWBC,AS,F,F,P90,1.5,10.86,3,32.58
Diabetes,COMPLETECBCW-AUTODIFFWBC,AS,F,G,P90,2,10.86,2,21.72
Diabetes,COMPLETECBCW-AUTODIFFWBC,AS,M,F,P40,1,10.86,1,10.86
Diabetes,COMPLETECBCW-AUTODIFFWBC,AS,M,G,P60,0.1428571,10.86,1,10.86
Diabetes,COMPLETECBCW-AUTODIFFWBC,AS,M,G,P90,1,10.86,1,10.86
Diabetes,COMPLETECBCW-AUTODIFFWBC,CSM,F,E,P60,0.4,10.86,2,21.72
Diabetes,COMPLETECBCW-AUTODIFFWBC,CSM,F,E,P90,1,10.86,1,10.86
Diabetes,COMPLETECBCW-AUTODIFFWBC,CSM,F,F,P40,0.6666666,10.86,2,21.72
Diabetes,COMPLETECBCW-AUTODIFFWBC,CSM,F,F,P60,0.6666666,10.86,2,21.72
Diabetes,COMPLETECBCW-AUTODIFFWBC,CSM,F,F,P90,2,10.86,2,21.72
Diabetes,COMPLETECBCW-AUTODIFFWBC,CSM,F,G,P10,0.3333333,10.86,1,10.86
Diabetes,COMPLETECBCW-AUTODIFFWBC,CSM,F,G,P40,0.25,10.86,1,10.86
Diabetes,COMPLETECBCW-AUTODIFFWBC,CSM,F,G,P60,1,10.86,5,54.3
Diabetes,COMPLETECBCW-AUTODIFFWBC,CSM,F,G,P90,1,10.86,1,10.86
Diabetes,COMPLETECBCW-AUTODIFFWBC,CSM,M,G,P60,1.4,10.86,7,76.02
Diabetes,COMPLETECBCW-AUTODIFFWBC,WFStF,F,E,P40,1,10.86,1,10.86
Diabetes,COMPLETECBCW-AUTODIFFWBC,WFStF,F,E,P90,1,10.86,1,10.86
Diabetes,COMPLETECBCW-AUTODIFFWBC,WFStF,F,F,P40,1,10.86,1,10.86
Diabetes,COMPLETECBCW-AUTODIFFWBC,WFStF,F,F,P90,1,10.86,1,10.86
Diabetes,COMPLETECBCW-AUTODIFFWBC,WFStF,F,G,P40,1,10.86,1,10.86
Diabetes,COMPLETECBCW-AUTODIFFWBC,WFStF,F,G,P60,1,10.86,2,21.72
Diabetes,COMPLETECBCW-AUTODIFFWBC,WFStF,F,G,P90,1,10.86,1,10.86
Diabetes,COMPLETECBCW-AUTODIFFWBC,WFStF,M,C,P40,1,10.86,1,10.86
Diabetes,COMPLETECBCW-AUTODIFFWBC,WFStF,M,C,P90,1,10.86,1,10.86
Diabetes,COMPLETECBCW-AUTODIFFWBC,WFStF,M,E,P90,1,10.86,1,10.86
Diabetes,COMPLETECBCW-AUTODIFFWBC,WFStF,M,G,P60,0.5,10.86,1,10.86
Diabetes,COMPLETECBCW-AUTODIFFWBC,WFStF,M,G,P90,1,10.86,1,10.86
Diabetes,COMPREHENMETABOLICPANEL,AS,F,F,P60,0.2,14.77,1,14.77
Diabetes,COMPREHENMETABOLICPANEL,AS,F,F,P90,1,14.77,2,29.54
Diabetes,COMPREHENMETABOLICPANEL,AS,F,G,P90,1,14.77,1,14.77
Diabetes,COMPREHENMETABOLICPANEL,AS,M,G,P90,1,14.77,1,14.77
Diabetes,COMPREHENMETABOLICPANEL,CSM,F,E,P60,0.2,14.77,1,14.77
Diabetes,COMPREHENMETABOLICPANEL,CSM,F,E,P90,1,14.77,1,14.77
Diabetes,COMPREHENMETABOLICPANEL,CSM,F,F,P60,0.6666666,14.77,2,29.54
Diabetes,COMPREHENMETABOLICPANEL,CSM,F,F,P90,1,14.77,1,14.77
Diabetes,COMPREHENMETABOLICPANEL,CSM,F,G,P10,0.3333333,14.77,1,14.77
Diabetes,COMPREHENMETABOLICPANEL,CSM,F,G,P60,0.4,14.77,2,29.54
Diabetes,COMPREHENMETABOLICPANEL,CSM,F,G,P90,1,14.77,1,14.77
Diabetes,COMPREHENMETABOLICPANEL,CSM,M,G,P60,0.8,14.77,4,59.08
Diabetes,COMPREHENMETABOLICPANEL,WFStF,F,E,P40,1,14.77,1,14.77
Diabetes,COMPREHENMETABOLICPANEL,WFStF,F,E,P90,1,14.77,1,14.77
Diabetes,COMPREHENMETABOLICPANEL,WFStF,F,F,P40,1,14.77,1,14.77
Diabetes,COMPREHENMETABOLICPANEL,WFStF,F,F,P90,1,14.77,1,14.77
Diabetes,COMPREHENMETABOLICPANEL,WFStF,F,G,P40,1,14.77,1,14.77
Diabetes,COMPREHENMETABOLICPANEL,WFStF,F,G,P60,0.5,14.77,1,14.77
Diabetes,COMPREHENMETABOLICPANEL,WFStF,M,C,P90,1,14.77,1,14.77
Diabetes,COMPREHENMETABOLICPANEL,WFStF,M,E,P90,1,14.77,1,14.77
Diabetes,COMPREHENMETABOLICPANEL,WFStF,M,G,P60,0.5,14.77,1,14.77
Diabetes,COMPREHENMETABOLICPANEL,WFStF,M,G,P90,1,14.77,1,14.77
Diabetes,CREATINEMBFRACTION,AS,F,F,P90,0.5,8.59,1,8.59
Diabetes,CREATINEMBFRACTION,AS,M,G,P60,0.1428571,8.59,1,8.59
Diabetes,CREATINEMBFRACTION,AS,M,G,P90,1,8.59,1,8.59
Diabetes,CREATINEMBFRACTION,CSM,F,F,P90,1,8.59,1,8.59
Diabetes,CREATINEMBFRACTION,CSM,F,G,P60,0.2,8.59,1,8.59
Diabetes,CREATINEMBFRACTION,CSM,M,G,P60,0.2,8.59,1,8.59
Diabetes,CREATINEMBFRACTION,WFStF,M,G,P60,0.5,8.59,1,8.59
Diabetes,CTABDOMENW-DYE,CSM,M,G,P60,0.2,59.43,1,59.43
Diabetes,CTABDOMENW-DYE,CSM,M,G,P60,0.2,251.32,1,251.32
Diabetes,CTABDOMENW-DYE,CSM,M,G,P60,0.2,310.75,1,310.75
Diabetes,CTHEAD-BRAINW-ODYE,CSM,F,G,P60,0.2,39.63,1,39.63
Diabetes,CTHEAD-BRAINW-ODYE,CSM,F,G,P60,0.2,169.27,1,169.27
Diabetes,CTHEAD-BRAINW-ODYE,CSM,F,G,P60,0.2,208.9,1,208.9
Diabetes,CTPELVISW-DYE,CSM,M,G,P60,0.2,53.99,1,53.99
Diabetes,CTPELVISW-DYE,CSM,M,G,P60,0.2,250.94,1,250.94
Diabetes,CTPELVISW-DYE,CSM,M,G,P60,0.2,304.94,1,304.94
Diabetes,CULTUREAEROBICIDENTIFY,CSM,F,F,P90,2,11.29,2,22.58
Diabetes,DRUGSCREENQUALITATE-MULTI,AS,F,F,P90,0.5,20.32,1,20.32
Diabetes,DRUGSCREENSINGLE,AS,F,F,P90,0.5,19.24,1,19.24
Diabetes,DRUGSCREENSINGLE,CSM,F,E,P60,0.2,19.24,1,19.24
Diabetes,DRUGSCREENSINGLE,CSM,F,F,P60,0.3333333,19.24,1,19.24
Diabetes,DRUGSCREENSINGLE,CSM,F,G,P60,0.2,19.24,1,19.24
Diabetes,DRUGSCREENSINGLE,CSM,F,G,P90,1,19.24,1,19.24
Diabetes,DRUGSCREENSINGLE,CSM,M,G,P60,0.4,19.24,2,38.48
Diabetes,ELECTROCARDIOGRAMTRACING,AS,F,E,P60,0.5,13.07,1,13.07
Diabetes,ELECTROCARDIOGRAMTRACING,AS,F,F,P90,0.5,13.07,1,13.07
Diabetes,ELECTROCARDIOGRAMTRACING,AS,M,G,P60,0.1428571,13.07,1,13.07
Diabetes,ELECTROCARDIOGRAMTRACING,AS,M,G,P90,1,13.07,1,13.07
Diabetes,ELECTROCARDIOGRAMTRACING,CSM,F,E,P60,0.4,13.07,2,26.14
Diabetes,ELECTROCARDIOGRAMTRACING,CSM,F,F,P60,0.3333333,13.07,1,13.07
Diabetes,ELECTROCARDIOGRAMTRACING,CSM,F,F,P90,1,13.07,1,13.07
Diabetes,ELECTROCARDIOGRAMTRACING,CSM,F,G,P60,0.4,13.07,2,26.14
Diabetes,ELECTROCARDIOGRAMTRACING,CSM,F,G,P90,1,13.07,1,13.07
Diabetes,ELECTROCARDIOGRAMTRACING,CSM,M,G,P60,0.2,13.07,1,13.07
Diabetes,ELECTROCARDIOGRAMTRACING,WFStF,F,F,P90,1,13.07,1,13.07
Diabetes,ELECTROCARDIOGRAMTRACING,WFStF,F,G,P60,0.5,13.07,1,13.07
Diabetes,ELECTROCARDIOGRAMTRACING,WFStF,M,G,P60,0.5,13.07,1,13.07
Diabetes,ELECTROCARDIOGRAMTRACING,WFStF,M,G,P90,1,13.07,1,13.07
Diabetes,EMERGENCYDEPTVISIT,AS,F,F,P10,0.5,18.84,1,18.84
Diabetes,EMERGENCYDEPTVISIT,AS,F,F,P90,0.5,35.48,1,35.48
Diabetes,EMERGENCYDEPTVISIT,AS,F,F,P90,0.5,56.78,1,56.78
Diabetes,EMERGENCYDEPTVISIT,AS,F,F,P90,1,156.96,2,313.92
Diabetes,EMERGENCYDEPTVISIT,AS,F,G,P90,2,156.96,2,313.92
Diabetes,EMERGENCYDEPTVISIT,AS,M,G,P10,0.3333333,56.78,1,56.78
Diabetes,EMERGENCYDEPTVISIT,AS,M,G,P60,0.1428571,156.96,1,156.96
Diabetes,EMERGENCYDEPTVISIT,CSM,F,E,P40,0.6666666,105.32,2,210.64
Diabetes,EMERGENCYDEPTVISIT,CSM,F,E,P60,0.2,105.32,1,105.32
Diabetes,EMERGENCYDEPTVISIT,CSM,F,E,P60,0.2,156.96,1,156.96
Diabetes,EMERGENCYDEPTVISIT,CSM,F,F,P40,0.6666666,105.32,2,210.64
Diabetes,EMERGENCYDEPTVISIT,CSM,F,F,P60,0.3333333,156.96,1,156.96
Diabetes,EMERGENCYDEPTVISIT,CSM,F,G,P10,0.3333333,105.32,1,105.32
Diabetes,EMERGENCYDEPTVISIT,CSM,F,G,P60,0.2,156.96,1,156.96
Diabetes,EMERGENCYDEPTVISIT,CSM,M,G,P10,0.5,18.84,1,18.84
Diabetes,EMERGENCYDEPTVISIT,WFStF,F,E,P90,1,105.32,1,105.32
Diabetes,EMERGENCYDEPTVISIT,WFStF,M,F,P40,1,56.78,1,56.78
Diabetes,EMERGENCYDEPTVISIT,WFStF,M,G,P60,0.5,156.96,1,156.96
Diabetes,FLUOROGUIDEFORVEINDEVICE,CSM,F,G,P90,1,17.35,1,17.35
Diabetes,FLUOROGUIDEFORVEINDEVICE,CSM,F,G,P90,1,70.58,1,70.58
Diabetes,FLUOROGUIDEFORVEINDEVICE,CSM,F,G,P90,1,87.93,1,87.93
Diabetes,GLUCOSEBLOODTEST,AS,F,E,P60,0.5,3.27,1,3.27
Diabetes,GLUCOSEBLOODTEST,AS,F,F,P10,0.5,3.27,1,3.27
Diabetes,GLUCOSEBLOODTEST,AS,F,F,P90,2,3.27,4,13.08
Diabetes,GLUCOSEBLOODTEST,AS,F,G,P90,1,3.27,1,3.27
Diabetes,GLUCOSEBLOODTEST,AS,M,F,P40,2,3.27,2,6.54
Diabetes,GLUCOSEBLOODTEST,AS,M,G,P10,0.3333333,3.27,1,3.27
Diabetes,GLUCOSEBLOODTEST,AS,M,G,P60,0.1428571,3.27,1,3.27
Diabetes,GLUCOSEBLOODTEST,CSM,F,E,P10,0.5,3.27,1,3.27
Diabetes,GLUCOSEBLOODTEST,CSM,F,E,P40,1.3333333,3.27,4,13.08
Diabetes,GLUCOSEBLOODTEST,CSM,F,E,P60,0.8,3.27,4,13.08
Diabetes,GLUCOSEBLOODTEST,CSM,F,E,P90,2,3.27,2,6.54
Diabetes,GLUCOSEBLOODTEST,CSM,F,F,P40,1,3.27,3,9.81
Diabetes,GLUCOSEBLOODTEST,CSM,F,F,P60,1.3333333,3.27,4,13.08
Diabetes,GLUCOSEBLOODTEST,CSM,F,F,P90,3,3.27,3,9.81
Diabetes,GLUCOSEBLOODTEST,CSM,F,G,P10,1,3.27,3,9.81
Diabetes,GLUCOSEBLOODTEST,CSM,F,G,P40,1.5,3.27,6,19.62
Diabetes,GLUCOSEBLOODTEST,CSM,F,G,P60,1.2,3.27,6,19.62
Diabetes,GLUCOSEBLOODTEST,CSM,F,G,P90,2,3.27,2,6.54
Diabetes,GLUCOSEBLOODTEST,CSM,M,E,P90,1,3.27,1,3.27
Diabetes,GLUCOSEBLOODTEST,CSM,M,G,P10,1,3.27,2,6.54
Diabetes,GLUCOSEBLOODTEST,CSM,M,G,P40,1,3.27,3,9.81
Diabetes,GLUCOSEBLOODTEST,CSM,M,G,P60,2,3.27,10,32.7
Diabetes,GLUCOSEBLOODTEST,WFStF,F,E,P40,1,3.27,1,3.27
Diabetes,GLUCOSEBLOODTEST,WFStF,F,E,P90,1,3.27,1,3.27
Diabetes,GLUCOSEBLOODTEST,WFStF,F,F,P40,1,3.27,1,3.27
Diabetes,GLUCOSEBLOODTEST,WFStF,F,F,P90,1,3.27,1,3.27
Diabetes,GLUCOSEBLOODTEST,WFStF,F,G,P40,1,3.27,1,3.27
Diabetes,GLUCOSEBLOODTEST,WFStF,F,G,P60,1.5,3.27,3,9.81
Diabetes,GLUCOSEBLOODTEST,WFStF,F,G,P90,1,3.27,1,3.27
Diabetes,GLUCOSEBLOODTEST,WFStF,M,C,P40,1,3.27,1,3.27
Diabetes,GLUCOSEBLOODTEST,WFStF,M,C,P90,1,3.27,1,3.27
Diabetes,GLUCOSEBLOODTEST,WFStF,M,E,P90,1,3.27,1,3.27
Diabetes,GLUCOSEBLOODTEST,WFStF,M,F,P40,1,3.27,1,3.27
Diabetes,GLUCOSEBLOODTEST,WFStF,M,G,P60,1,3.27,2,6.54
Diabetes,GLUCOSEBLOODTEST,WFStF,M,G,P90,1,3.27,1,3.27
Diabetes,GLYCOSYLATEDHEMOGLOBINTEST,AS,F,G,P90,1,13.56,1,13.56
Diabetes,GLYCOSYLATEDHEMOGLOBINTEST,CSM,F,F,P90,1,13.56,1,13.56
Diabetes,GLYCOSYLATEDHEMOGLOBINTEST,CSM,F,G,P60,0.2,13.56,1,13.56
Diabetes,GLYCOSYLATEDHEMOGLOBINTEST,CSM,F,G,P90,1,13.56,1,13.56
Diabetes,GLYCOSYLATEDHEMOGLOBINTEST,CSM,M,G,P60,0.4,13.56,2,27.12
Diabetes,GLYCOSYLATEDHEMOGLOBINTEST,WFStF,F,G,P60,0.5,13.56,1,13.56
Diabetes,GLYCOSYLATEDHEMOGLOBINTEST,WFStF,M,E,P90,1,13.56,1,13.56
Diabetes,HEMATOCRIT,AS,F,E,P60,0.5,3.31,1,3.31
Diabetes,HEMATOCRIT,AS,F,F,P60,0.2,3.31,1,3.31
Diabetes,HEMATOCRIT,AS,F,F,P90,0.5,3.31,1,3.31
Diabetes,HEMATOCRIT,AS,F,G,P90,2,3.31,2,6.62
Diabetes,HEMATOCRIT,AS,M,F,P40,1,3.31,1,3.31
Diabetes,HEMATOCRIT,AS,M,G,P60,0.2857142,3.31,2,6.62
Diabetes,HEMATOCRIT,AS,M,G,P90,1,3.31,1,3.31
Diabetes,HIV-1-HIV-2SINGLEASSAY,CSM,F,F,P90,1,19.17,1,19.17
Diabetes,HIV-1-HIV-2SINGLEASSAY,CSM,M,G,P60,0.4,19.17,2,38.34
Diabetes,HSVDNAAMPPROBE,CSM,F,E,P40,0.3333333,49.04,1,49.04
Diabetes,HYDRATEIVINFUSIONADD-ON,AS,M,G,P90,1,16.56,1,16.56
Diabetes,HYDRATEIVINFUSIONADD-ON,WFStF,F,G,P60,0.5,16.56,1,16.56
Diabetes,HYDRATIONIVINFUSIONINIT,AS,M,G,P90,1,55.3,1,55.3
Diabetes,HYDRATIONIVINFUSIONINIT,CSM,F,E,P40,0.3333333,55.3,1,55.3
Diabetes,HYDRATIONIVINFUSIONINIT,CSM,F,F,P40,0.3333333,55.3,1,55.3
Diabetes,INSERTPICCCATH,CSM,F,G,P90,1,86.95,1,86.95
Diabetes,MEASUREBLOODOXYGENLEVEL,AS,M,G,P60,0.1428571,2.2,1,2.2
Diabetes,MEASUREBLOODOXYGENLEVEL,AS,M,G,P90,1,2.2,1,2.2
Diabetes,METABOLICPANELIONIZEDCA,CSM,F,E,P10,0.5,30.51,1,30.51
Diabetes,METABOLICPANELIONIZEDCA,CSM,F,E,P40,0.3333333,30.51,1,30.51
Diabetes,METABOLICPANELIONIZEDCA,CSM,F,E,P60,0.6,30.51,3,91.53
Diabetes,METABOLICPANELIONIZEDCA,CSM,F,F,P40,0.3333333,30.51,1,30.51
Diabetes,METABOLICPANELIONIZEDCA,CSM,F,F,P60,0.3333333,30.51,1,30.51
Diabetes,METABOLICPANELIONIZEDCA,CSM,F,G,P40,0.75,30.51,3,91.53
Diabetes,METABOLICPANELIONIZEDCA,CSM,F,G,P60,0.8,30.51,4,122.04
Diabetes,METABOLICPANELTOTALCA,AS,F,F,P90,0.5,11.83,1,11.83
Diabetes,METABOLICPANELTOTALCA,AS,F,G,P90,1,11.83,1,11.83
Diabetes,METABOLICPANELTOTALCA,AS,M,G,P60,0.1428571,11.83,1,11.83
Diabetes,METABOLICPANELTOTALCA,CSM,F,F,P40,0.3333333,11.83,1,11.83
Diabetes,METABOLICPANELTOTALCA,CSM,F,F,P60,0.3333333,11.83,1,11.83
Diabetes,METABOLICPANELTOTALCA,CSM,F,F,P90,1,11.83,1,11.83
Diabetes,METABOLICPANELTOTALCA,CSM,F,G,P90,1,11.83,1,11.83
Diabetes,METABOLICPANELTOTALCA,CSM,M,E,P90,1,11.83,1,11.83
Diabetes,METABOLICPANELTOTALCA,CSM,M,G,P60,0.4,11.83,2,23.66
Diabetes,METABOLICPANELTOTALCA,WFStF,F,G,P60,0.5,11.83,1,11.83
Diabetes,METABOLICPANELTOTALCA,WFStF,F,G,P90,1,11.83,1,11.83
Diabetes,METABOLICPANELTOTALCA,WFStF,M,C,P40,1,11.83,1,11.83
Diabetes,METABOLICPANELTOTALCA,WFStF,M,E,P90,1,11.83,1,11.83
Diabetes,MICROALBUMINQUANTITATIVE,CSM,F,F,P90,1,8.09,1,8.09
Diabetes,MICROBESUSCEPTIBLEMIC,CSM,F,F,P90,1,12.08,1,12.08
Diabetes,MRIBRAINW-O-W-DYE,WFStF,F,G,P90,1,109.51,1,109.51
Diabetes,MRIBRAINW-O-W-DYE,WFStF,F,G,P90,1,473.08,1,473.08
Diabetes,MRIBRAINW-O-W-DYE,WFStF,F,G,P90,1,582.59,1,582.59
Diabetes,N-GONORRHOEAEDNAAMPPROB,CSM,F,E,P40,0.3333333,49.04,1,49.04
Diabetes,N-GONORRHOEAEDNAAMPPROB,CSM,F,F,P90,1,49.04,1,49.04
Diabetes,NATRIURETICPEPTIDE,AS,F,F,P90,0.5,47.43,1,47.43
Diabetes,NATRIURETICPEPTIDE,AS,M,G,P60,0.1428571,47.43,1,47.43
Diabetes,NATRIURETICPEPTIDE,AS,M,G,P90,1,47.43,1,47.43
Diabetes,NATRIURETICPEPTIDE,CSM,F,G,P60,0.2,47.43,1,47.43
Diabetes,OFFICE-OUTPATIENTVISITEST,WFStF,M,F,P90,1,8.04,1,8.04
Diabetes,PROTHROMBINTIME,WFStF,F,F,P40,1,5.49,1,5.49
Diabetes,RBCSEDRATENONAUTOMATED,CSM,F,F,P90,1,4.96,1,4.96
Diabetes,RHYTHMECGTRACING,AS,M,G,P60,0.1428571,5.48,1,5.48
Diabetes,RHYTHMECGTRACING,AS,M,G,P90,1,5.48,1,5.48
Diabetes,ROUTINEVENIPUNCTURE,AS,F,E,P60,0.5,3,1,3
Diabetes,ROUTINEVENIPUNCTURE,AS,F,F,P60,0.2,3,1,3
Diabetes,ROUTINEVENIPUNCTURE,AS,F,F,P90,1.5,3,3,9
Diabetes,ROUTINEVENIPUNCTURE,AS,F,G,P90,2,3,2,6
Diabetes,ROUTINEVENIPUNCTURE,AS,M,F,P40,1,3,1,3
Diabetes,ROUTINEVENIPUNCTURE,AS,M,G,P60,0.2857142,3,2,6
Diabetes,ROUTINEVENIPUNCTURE,AS,M,G,P90,1,3,1,3
Diabetes,ROUTINEVENIPUNCTURE,CSM,F,E,P10,0.5,3,1,3
Diabetes,ROUTINEVENIPUNCTURE,CSM,F,E,P60,0.2,3,1,3
Diabetes,ROUTINEVENIPUNCTURE,CSM,F,F,P60,0.3333333,3,1,3
Diabetes,ROUTINEVENIPUNCTURE,CSM,F,F,P90,1,3,1,3
Diabetes,ROUTINEVENIPUNCTURE,CSM,F,G,P60,0.2,3,1,3
Diabetes,ROUTINEVENIPUNCTURE,CSM,F,G,P90,1,3,1,3
Diabetes,ROUTINEVENIPUNCTURE,CSM,M,G,P60,1,3,5,15
Diabetes,ROUTINEVENIPUNCTURE,WFStF,F,E,P40,1,3,1,3
Diabetes,ROUTINEVENIPUNCTURE,WFStF,F,E,P90,1,3,1,3
Diabetes,ROUTINEVENIPUNCTURE,WFStF,F,F,P40,1,3,1,3
Diabetes,ROUTINEVENIPUNCTURE,WFStF,F,F,P90,1,3,1,3
Diabetes,ROUTINEVENIPUNCTURE,WFStF,F,G,P40,1,3,1,3
Diabetes,ROUTINEVENIPUNCTURE,WFStF,F,G,P60,1,3,2,6
Diabetes,ROUTINEVENIPUNCTURE,WFStF,F,G,P90,2,3,2,6
Diabetes,ROUTINEVENIPUNCTURE,WFStF,M,C,P40,1,3,1,3
Diabetes,ROUTINEVENIPUNCTURE,WFStF,M,C,P90,1,3,1,3
Diabetes,ROUTINEVENIPUNCTURE,WFStF,M,E,P90,1,3,1,3
Diabetes,ROUTINEVENIPUNCTURE,WFStF,M,G,P60,0.5,3,1,3
Diabetes,ROUTINEVENIPUNCTURE,WFStF,M,G,P90,1,3,1,3
Diabetes,SMEARWETMOUNTSALINE-INK,CSM,F,E,P40,0.3333333,5.96,1,5.96
Diabetes,TESTFORACETONE-KETONES,AS,F,F,P60,0.2,6.31,1,6.31
Diabetes,TESTFORACETONE-KETONES,AS,F,F,P90,0.5,6.31,1,6.31
Diabetes,TESTFORACETONE-KETONES,AS,F,G,P90,2,6.31,2,12.62
Diabetes,TESTFORACETONE-KETONES,AS,M,G,P90,1,6.31,1,6.31
Diabetes,THER-PROPH-DIAGINJIVPUSH,AS,M,G,P60,0.1428571,53.25,1,53.25
Diabetes,THER-PROPH-DIAGINJIVPUSH,AS,M,G,P90,1,53.25,1,53.25
Diabetes,THER-PROPH-DIAGINJIVPUSH,WFStF,F,G,P60,0.5,53.25,1,53.25
Diabetes,THER-PROPH-DIAGINJIVPUSH,WFStF,M,F,P90,1,53.25,1,53.25
Diabetes,THER-PROPH-DIAGINJSC-IM,WFStF,M,F,P90,4,19.25,4,77
Diabetes,THER-PROPH-DIAGIVINFINIT,AS,M,G,P90,1,67.65,1,67.65
Diabetes,THER-PROPH-DIAGIVINFINIT,CSM,F,E,P40,0.3333333,67.65,1,67.65
Diabetes,THER-PROPH-DIAGIVINFINIT,CSM,F,E,P60,0.2,67.65,1,67.65
Diabetes,THER-PROPH-DIAGIVINFINIT,CSM,F,F,P40,0.3333333,67.65,1,67.65
Diabetes,THROMBOPLASTINTIMEPARTIAL,CSM,F,F,P90,1,8.38,1,8.38
Diabetes,TX-PRO-DXINJNEWDRUGADDON,AS,M,G,P90,1,23.25,1,23.25
Diabetes,TX-PRO-DXINJNEWDRUGADDON,WFStF,F,G,P60,0.5,23.25,1,23.25
Diabetes,URINALYSISNONAUTOW-OSCOPE,AS,M,G,P90,1,3.57,1,3.57
Diabetes,URINALYSISNONAUTOW-OSCOPE,WFStF,F,E,P90,1,3.57,1,3.57
Diabetes,URINALYSISNONAUTOW-OSCOPE,WFStF,F,F,P40,1,3.57,1,3.57
Diabetes,URINALYSISNONAUTOW-OSCOPE,WFStF,F,F,P90,1,3.57,1,3.57
Diabetes,URINALYSISNONAUTOW-OSCOPE,WFStF,F,G,P40,1,3.57,1,3.57
Diabetes,URINALYSISNONAUTOW-OSCOPE,WFStF,F,G,P60,1,3.57,2,7.14
Diabetes,URINALYSISNONAUTOW-OSCOPE,WFStF,F,G,P90,1,3.57,1,3.57
Diabetes,URINALYSISNONAUTOW-OSCOPE,WFStF,M,C,P90,1,3.57,1,3.57
Diabetes,URINALYSISNONAUTOW-OSCOPE,WFStF,M,G,P60,0.5,3.57,1,3.57
Diabetes,URINALYSISAUTOW-SCOPE,AS,F,F,P90,0.5,4.43,1,4.43
Diabetes,URINALYSISAUTOW-SCOPE,CSM,F,E,P60,0.2,4.43,1,4.43
Diabetes,URINALYSISAUTOW-SCOPE,CSM,F,E,P90,1,4.43,1,4.43
Diabetes,URINALYSISAUTOW-SCOPE,CSM,F,F,P60,0.3333333,4.43,1,4.43
Diabetes,URINALYSISAUTOW-SCOPE,CSM,F,F,P90,1,4.43,1,4.43
Diabetes,URINALYSISAUTOW-SCOPE,CSM,F,G,P90,1,4.43,1,4.43
Diabetes,URINALYSISAUTOW-SCOPE,CSM,M,G,P60,0.4,4.43,2,8.86
Diabetes,URINALYSISAUTOW-SCOPE,WFStF,F,E,P40,1,4.43,1,4.43
Diabetes,URINALYSISAUTOW-SCOPE,WFStF,F,F,P90,1,4.43,1,4.43
Diabetes,URINALYSISAUTOW-SCOPE,WFStF,F,G,P40,1,4.43,1,4.43
Diabetes,URINALYSISAUTOW-SCOPE,WFStF,M,C,P40,1,4.43,1,4.43
Diabetes,URINALYSISAUTOW-SCOPE,WFStF,M,C,P90,1,4.43,1,4.43
Diabetes,URINALYSISAUTOW-OSCOPE,CSM,F,E,P40,0.3333333,3.14,1,3.14
Diabetes,URINALYSISAUTOW-OSCOPE,CSM,F,E,P60,0.2,3.14,1,3.14
Diabetes,URINALYSISAUTOW-OSCOPE,CSM,F,F,P40,0.3333333,3.14,1,3.14
Diabetes,URINALYSISAUTOW-OSCOPE,CSM,F,F,P60,0.6666666,3.14,2,6.28
Diabetes,URINALYSISAUTOW-OSCOPE,CSM,F,G,P10,0.3333333,3.14,1,3.14
Diabetes,URINALYSISAUTOW-OSCOPE,CSM,F,G,P40,0.25,3.14,1,3.14
Diabetes,URINALYSISAUTOW-OSCOPE,CSM,F,G,P60,0.6,3.14,3,9.42
Diabetes,URINALYSISAUTOW-OSCOPE,CSM,M,G,P10,0.5,3.14,1,3.14
Diabetes,URINALYSISAUTOW-OSCOPE,WFStF,F,G,P60,0.5,3.14,1,3.14
Diabetes,URINECULTURE-COLONYCOUNT,AS,F,F,P90,0.5,11.28,1,11.28
Diabetes,URINECULTURE-COLONYCOUNT,CSM,F,F,P90,2,11.28,2,22.56
Diabetes,URINEPREGNANCYTEST,CSM,F,E,P40,0.3333333,8.84,1,8.84
Diabetes,URINEPREGNANCYTEST,CSM,F,E,P60,0.4,8.84,2,17.68
Diabetes,URINEPREGNANCYTEST,CSM,F,E,P90,1,8.84,1,8.84
Diabetes,URINEPREGNANCYTEST,CSM,F,F,P40,0.3333333,8.84,1,8.84
Diabetes,URINEPREGNANCYTEST,CSM,F,F,P60,1,8.84,3,26.52
Diabetes,URINEPREGNANCYTEST,CSM,F,F,P90,1,8.84,1,8.84
Diabetes,URINEPREGNANCYTEST,WFStF,F,G,P40,1,8.84,1,8.84
Diabetes,URINEPREGNANCYTEST,WFStF,F,G,P60,0.5,8.84,1,8.84
Diabetes,USEXAMABDOMCOMPLETE,CSM,F,F,P90,1,37.4,1,37.4
Diabetes,USEXAMABDOMCOMPLETE,CSM,F,F,P90,1,85.17,1,85.17
Diabetes,USEXAMABDOMCOMPLETE,CSM,F,F,P90,1,122.58,1,122.58
Diabetes,USGUIDEVASCULARACCESS,CSM,F,G,P90,1,14.08,1,14.08
Diabetes,USGUIDEVASCULARACCESS,CSM,F,G,P90,1,18.02,1,18.02
Diabetes,USGUIDEVASCULARACCESS,CSM,F,G,P90,1,32.11,1,32.11
Diabetes,X-RAYEXAMOFABDOMEN,CSM,F,F,P90,1,12.52,1,12.52
Diabetes,X-RAYEXAMOFABDOMEN,CSM,F,F,P90,1,24.38,1,24.38
Diabetes,X-RAYEXAMOFABDOMEN,CSM,F,F,P90,1,36.9,1,36.9
Diabetes,X-RAYEXAMOFANKLE,CSM,F,G,P60,0.2,8.04,1,8.04
Diabetes,X-RAYEXAMOFANKLE,CSM,F,G,P60,0.2,20.42,1,20.42
Diabetes,X-RAYEXAMOFANKLE,CSM,F,G,P60,0.2,28.46,1,28.46
Diabetes,X-RAYEXAMOFHIP,CSM,F,G,P10,0.3333333,9.53,1,9.53
Diabetes,X-RAYEXAMOFHIP,CSM,F,G,P10,0.3333333,23.33,1,23.33
Diabetes,X-RAYEXAMOFHIP,CSM,F,G,P10,0.3333333,32.86,1,32.86
Diabetes,X-RAYEXAMOFLOWERSPINE,CSM,F,G,P60,0.2,14.01,1,14.01
Diabetes,X-RAYEXAMOFLOWERSPINE,CSM,F,G,P60,0.2,35.34,1,35.34
Diabetes,X-RAYEXAMOFLOWERSPINE,CSM,F,G,P60,0.2,49.35,1,49.35
Diabetes,X-RAYEXAMOFPELVIS,CSM,F,G,P10,0.3333333,8.04,1,8.04
Diabetes,X-RAYEXAMOFPELVIS,CSM,F,G,P10,0.3333333,17.27,1,17.27
Diabetes,X-RAYEXAMOFPELVIS,CSM,F,G,P10,0.3333333,25.31,1,25.31
Diabetes,X-RAYEXAMSERIESABDOMEN,CSM,F,F,P60,0.3333333,14.74,1,14.74
Diabetes,X-RAYEXAMSERIESABDOMEN,CSM,F,F,P60,0.3333333,29.16,1,29.16
Diabetes,X-RAYEXAMSERIESABDOMEN,CSM,F,F,P60,0.3333333,43.9,1,43.9
Diabetes,X-RAYEXAMSERIESABDOMEN,CSM,F,G,P90,1,14.74,1,14.74
Diabetes,X-RAYEXAMSERIESABDOMEN,CSM,F,G,P90,1,29.16,1,29.16
Diabetes,X-RAYEXAMSERIESABDOMEN,CSM,F,G,P90,1,43.9,1,43.9
Diabetes,X-RAYEXAMSERIESABDOMEN,CSM,M,G,P10,0.5,14.74,1,14.74
Diabetes,X-RAYEXAMSERIESABDOMEN,CSM,M,G,P10,0.5,29.16,1,29.16
Diabetes,X-RAYEXAMSERIESABDOMEN,CSM,M,G,P10,0.5,43.9,1,43.9
Diabetes,X-RAYEXAMSERIESABDOMEN,CSM,M,G,P60,0.2,14.74,1,14.74
Diabetes,X-RAYEXAMSERIESABDOMEN,CSM,M,G,P60,0.2,29.16,1,29.16
Diabetes,X-RAYEXAMSERIESABDOMEN,CSM,M,G,P60,0.2,43.9,1,43.9
Diabetes,X-RAYEXAMKNEE4ORMORE,CSM,F,G,P60,0.4,9.91,2,19.82
Diabetes,X-RAYEXAMKNEE4ORMORE,CSM,F,G,P60,0.4,25.43,2,50.86
Diabetes,X-RAYEXAMKNEE4ORMORE,CSM,F,G,P60,0.4,35.34,2,70.68
