Asthma,AS,F,B,2,1
Asthma,AS,F,B,1,4
Asthma,AS,F,C,3,1
Asthma,AS,F,C,1,5
Asthma,AS,F,D,2,1
Asthma,AS,F,D,1,13
Asthma,AS,F,E,2,4
Asthma,AS,F,E,1,14
Asthma,AS,F,F,1,17
Asthma,AS,F,G,2,3
Asthma,AS,F,G,1,19
Asthma,AS,M,B,1,14
Asthma,AS,M,C,3,1
Asthma,AS,M,C,2,1
Asthma,AS,M,C,1,12
Asthma,AS,M,D,4,1
Asthma,AS,M,D,1,12
Asthma,AS,M,E,3,3
Asthma,AS,M,E,2,4
Asthma,AS,M,E,1,8
Asthma,AS,M,F,6,1
Asthma,AS,M,F,3,2
Asthma,AS,M,F,2,2
Asthma,AS,M,F,1,6
Asthma,AS,M,G,2,4
Asthma,AS,M,G,1,24
Asthma,CSM,F,C,1,3
Asthma,CSM,F,D,3,1
Asthma,CSM,F,D,2,1
Asthma,CSM,F,D,1,3
Asthma,CSM,F,E,3,1
Asthma,CSM,F,E,2,2
Asthma,CSM,F,E,1,13
Asthma,CSM,F,F,2,1
Asthma,CSM,F,F,1,11
Asthma,CSM,F,G,4,1
Asthma,CSM,F,G,3,1
Asthma,CSM,F,G,2,4
Asthma,CSM,F,G,1,34
Asthma,CSM,M,B,1,2
Asthma,CSM,M,C,1,9
Asthma,CSM,M,D,1,7
Asthma,CSM,M,E,3,1
Asthma,CSM,M,E,1,9
Asthma,CSM,M,F,3,1
Asthma,CSM,M,F,1,8
Asthma,CSM,M,G,3,2
Asthma,CSM,M,G,1,12
Asthma,WStF,F,B,1,2
Asthma,WStF,F,C,2,1
Asthma,WStF,F,C,1,5
Asthma,WStF,F,D,1,9
Asthma,WStF,F,E,2,4
Asthma,WStF,F,E,1,8
Asthma,WStF,F,F,1,9
Asthma,WStF,F,G,2,5
Asthma,WStF,F,G,1,17
Asthma,WStF,M,B,2,1
Asthma,WStF,M,B,1,8
Asthma,WStF,M,C,2,1
Asthma,WStF,M,C,1,6
Asthma,WStF,M,D,2,1
Asthma,WStF,M,D,1,6
Asthma,WStF,M,E,2,1
Asthma,WStF,M,E,1,9
Asthma,WStF,M,F,2,1
Asthma,WStF,M,F,1,2
Asthma,WStF,M,G,3,1
Asthma,WStF,M,G,2,1
Asthma,WStF,M,G,1,5
COPD,AS,F,F,1,2
COPD,AS,F,G,1,12
COPD,AS,M,G,2,1
COPD,AS,M,G,1,2
COPD,CSM,F,F,1,1
COPD,CSM,F,G,1,16
COPD,CSM,M,G,2,1
COPD,CSM,M,G,1,11
COPD,WStF,F,E,1,1
COPD,WStF,F,G,2,2
COPD,WStF,F,G,1,17
COPD,WStF,M,G,1,11
Diabetes,AS,F,D,1,3
Diabetes,AS,F,E,2,1
Diabetes,AS,F,E,1,8
Diabetes,AS,F,G,2,1
Diabetes,AS,F,G,1,19
Diabetes,AS,M,E,1,4
Diabetes,AS,M,F,6,1
Diabetes,AS,M,F,2,1
Diabetes,AS,M,F,1,6
Diabetes,AS,M,G,2,2
Diabetes,AS,M,G,1,18
Diabetes,CSM,F,E,1,7
Diabetes,CSM,F,F,2,1
Diabetes,CSM,F,F,1,4
Diabetes,CSM,F,G,2,1
Diabetes,CSM,F,G,1,25
Diabetes,CSM,M,E,1,2
Diabetes,CSM,M,F,1,1
Diabetes,CSM,M,G,5,1
Diabetes,CSM,M,G,4,1
Diabetes,CSM,M,G,2,2
Diabetes,CSM,M,G,1,19
Diabetes,WStF,F,F,1,1
Diabetes,WStF,F,G,2,2
Diabetes,WStF,F,G,1,14
Diabetes,WStF,M,D,1,1
Diabetes,WStF,M,E,2,1
Diabetes,WStF,M,E,1,1
Diabetes,WStF,M,G,3,1
Diabetes,WStF,M,G,1,6