Asthma,AS,F,B,2036.46
Asthma,AS,F,C,2744.92
Asthma,AS,F,D,5135.61
Asthma,AS,F,E,6652.6
Asthma,AS,F,F,4599.14
Asthma,AS,F,G,4656.16
Asthma,AS,M,B,4759.15
Asthma,AS,M,C,5624.24
Asthma,AS,M,D,5210.15
Asthma,AS,M,E,6430.95
Asthma,AS,M,F,4192.35
Asthma,AS,M,G,6482.38
Asthma,CSM,F,C,880.99
Asthma,CSM,F,D,2195.82
Asthma,CSM,F,E,4923.01
Asthma,CSM,F,F,2061.82
Asthma,CSM,F,G,7641.37
Asthma,CSM,M,B,573.99
Asthma,CSM,M,C,2642.97
Asthma,CSM,M,D,2028.97
Asthma,CSM,M,E,2822.65
Asthma,CSM,M,F,1698.04
Asthma,CSM,M,G,2603.28
Asthma,WStF,F,B,711.7
Asthma,WStF,F,C,2411.7
Asthma,WStF,F,D,3155.1
Asthma,WStF,F,E,5690.6
Asthma,WStF,F,F,2397.92
Asthma,WStF,F,G,5040.75
Asthma,WStF,M,B,3463.4
Asthma,WStF,M,C,2751.7
Asthma,WStF,M,D,2878.5
Asthma,WStF,M,E,2654.86
Asthma,WStF,M,F,852.22
Asthma,WStF,M,G,2086.21
COPD,AS,F,F,488.63
COPD,AS,F,G,2359.79
COPD,AS,M,G,592.23
COPD,CSM,F,F,307
COPD,CSM,F,G,1015.71
COPD,CSM,M,G,2035.51
COPD,WStF,F,E,340
COPD,WStF,F,G,1868.99
COPD,WStF,M,G,557.31
Diabetes,AS,F,D,1018.23
Diabetes,AS,F,E,2719.03
Diabetes,AS,F,G,4589.57
Diabetes,AS,M,E,917.4
Diabetes,AS,M,F,4173.18
Diabetes,AS,M,G,2811.92
Diabetes,CSM,F,E,992.23
Diabetes,CSM,F,F,930.51
Diabetes,CSM,F,G,3100.77
Diabetes,CSM,M,E,401
Diabetes,CSM,M,F,307
Diabetes,CSM,M,G,4002.46
Diabetes,WStF,F,F,340
Diabetes,WStF,F,G,1085.07
Diabetes,WStF,M,D,371.7
Diabetes,WStF,M,E,1083.4
Diabetes,WStF,M,G,1880.45