Asthma,AS,F,B,6
Asthma,AS,F,C,8
Asthma,AS,F,D,15
Asthma,AS,F,E,22
Asthma,AS,F,F,17
Asthma,AS,F,G,25
Asthma,AS,M,B,14
Asthma,AS,M,C,17
Asthma,AS,M,D,16
Asthma,AS,M,E,25
Asthma,AS,M,F,22
Asthma,AS,M,G,32
Asthma,CSM,F,C,3
Asthma,CSM,F,D,8
Asthma,CSM,F,E,20
Asthma,CSM,F,F,13
Asthma,CSM,F,G,49
Asthma,CSM,M,B,2
Asthma,CSM,M,C,9
Asthma,CSM,M,D,7
Asthma,CSM,M,E,12
Asthma,CSM,M,F,11
Asthma,CSM,M,G,18
Asthma,WStF,F,B,2
Asthma,WStF,F,C,7
Asthma,WStF,F,D,9
Asthma,WStF,F,E,16
Asthma,WStF,F,F,9
Asthma,WStF,F,G,27
Asthma,WStF,M,B,10
Asthma,WStF,M,C,8
Asthma,WStF,M,D,8
Asthma,WStF,M,E,11
Asthma,WStF,M,F,4
Asthma,WStF,M,G,10
COPD,AS,F,F,2
COPD,AS,F,G,12
COPD,AS,M,G,4
COPD,CSM,F,F,1
COPD,CSM,F,G,16
COPD,CSM,M,G,13
COPD,WStF,F,E,1
COPD,WStF,F,G,21
COPD,WStF,M,G,11
Diabetes,AS,F,D,3
Diabetes,AS,F,E,10
Diabetes,AS,F,G,21
Diabetes,AS,M,E,4
Diabetes,AS,M,F,14
Diabetes,AS,M,G,22
Diabetes,CSM,F,E,7
Diabetes,CSM,F,F,6
Diabetes,CSM,F,G,27
Diabetes,CSM,M,E,2
Diabetes,CSM,M,F,1
Diabetes,CSM,M,G,32
Diabetes,WStF,F,F,1
Diabetes,WStF,F,G,18
Diabetes,WStF,M,D,1
Diabetes,WStF,M,E,3
Diabetes,WStF,M,G,9