Asthma,AS,F,A,119
Asthma,AS,F,B,703.396
Asthma,AS,M,B,888.216
Asthma,AS,F,C,890.122
Asthma,AS,M,C,1419.784
Asthma,AS,F,D,3781.464
Asthma,AS,M,D,971.964
Asthma,AS,F,E,1573.272
Asthma,AS,M,E,5654.446
Asthma,AS,F,F,6659.466
Asthma,AS,M,F,947.944
Asthma,AS,F,G,11363.712
Asthma,AS,M,G,18549.194
Asthma,CSM,M,A,94
Asthma,CSM,F,B,394.875
Asthma,CSM,M,B,806.645
Asthma,CSM,F,C,585.342
Asthma,CSM,M,C,808.487
Asthma,CSM,F,D,1555.839
Asthma,CSM,M,D,383.456
Asthma,CSM,F,E,6245.676
Asthma,CSM,M,E,772.952
Asthma,CSM,F,F,6871.742
Asthma,CSM,M,F,3380.3
Asthma,CSM,F,G,20657.153
Asthma,CSM,M,G,8313.931
Asthma,WStF,F,A,371.7
Asthma,WStF,M,A,347.23
Asthma,WStF,F,B,786.402
Asthma,WStF,M,B,574.816
Asthma,WStF,F,C,502.996
Asthma,WStF,M,C,896.068
Asthma,WStF,F,D,1140.862
Asthma,WStF,M,D,510.678
Asthma,WStF,F,E,1804.79
Asthma,WStF,M,E,288.748
Asthma,WStF,F,F,9073.394
Asthma,WStF,M,F,12651.272
Asthma,WStF,F,G,7108.678
Asthma,WStF,M,G,5977.701
COPD,AS,F,E,354
COPD,AS,F,F,1372.1
COPD,AS,F,G,8183.1
COPD,AS,M,G,18500
COPD,CSM,F,B,1994.8
COPD,CSM,F,F,3075
COPD,CSM,F,G,6407.576
COPD,CSM,M,G,21447.646
COPD,WStF,F,F,22200.028
COPD,WStF,M,F,19119.977
COPD,WStF,F,G,24206.008
Diabetes,AS,F,C,354
Diabetes,AS,M,C,1994.8
Diabetes,AS,F,D,1372.1
Diabetes,AS,M,D,3075
Diabetes,AS,F,E,8183.1
Diabetes,AS,M,E,6407.576
Diabetes,AS,F,F,22900.4
Diabetes,AS,M,F,9211.75
Diabetes,AS,F,G,18500
Diabetes,AS,M,G,21447.646
Diabetes,CSM,F,D,22200.028
Diabetes,CSM,M,D,21782.19
Diabetes,CSM,F,E,24206.008
Diabetes,CSM,M,E,21195.948
Diabetes,CSM,F,F,20725.808
Diabetes,CSM,M,F,11199.121
Diabetes,CSM,F,G,19119.977
Diabetes,CSM,M,G,24312.132
Diabetes,WStF,F,D,19132.036
Diabetes,WStF,M,D,3382.062
Diabetes,WStF,F,E,371.7
Diabetes,WStF,M,E,22525.427
Diabetes,WStF,F,F,17066.051
Diabetes,WStF,M,F,717.061
Diabetes,WStF,F,G,11384.548
Diabetes,WStF,M,G,59848.928