71010,AS,Asthma,F,C,17.0746
71010,CSM,Asthma,F,F,17.0746
71010,WStF,Asthma,M,E,17.0746
71020,AS,Asthma,F,G,21.902
71020,CSM,Asthma,F,D,21.902
71020,CSM,Asthma,F,F,21.902
71020,CSM,Asthma,M,G,21.902
71020,WStF,Asthma,M,E,21.902
71020,WStF,Asthma,M,G,21.902
80048,AS,Asthma,M,E,11.89
80048,CSM,Asthma,M,F,11.89
80048,WStF,Asthma,F,E,11.89
80048,WStF,Asthma,F,G,11.89
80053,AS,Asthma,M,C,14.9333
80053,AS,Asthma,M,D,14.9333
80162,AS,Asthma,F,G,18.7433
80198,AS,Asthma,M,G,19.93
82055,CSM,Asthma,M,F,15.188
82553,AS,Asthma,F,F,8.6866
82553,CSM,Asthma,M,F,8.6866
82565,AS,Asthma,F,G,7.1757
82803,AS,Asthma,M,G,27.25
82805,AS,Asthma,M,F,40.0566
82947,AS,Asthma,M,G,5.5088
82962,AS,Asthma,F,G,3.3
82962,WStF,Asthma,M,G,3.3
83036,CSM,Asthma,M,F,13.595
83735,AS,Asthma,M,D,9.4325
83735,WStF,Asthma,M,G,9.4325
83874,AS,Asthma,M,F,18.2266
83880,AS,Asthma,M,G,47.825
83880,CSM,Asthma,M,F,47.825
83880,WStF,Asthma,F,G,47.825
84100,CSM,Asthma,M,F,6.685
84484,WStF,Asthma,M,F,13.8966
85014,AS,Asthma,M,G,3.3255
85025,AS,Asthma,F,C,10.904
85025,AS,Asthma,F,D,10.904
85025,AS,Asthma,M,G,10.904
85025,CSM,Asthma,F,D,10.904
85025,CSM,Asthma,F,F,10.904
85025,WStF,Asthma,F,G,10.904
85379,CSM,Asthma,M,F,11.44
85610,CSM,Asthma,M,G,5.53
87040,WStF,Asthma,M,B,14.482
87880,AS,Asthma,M,C,16.866
90658,AS,Asthma,M,G,11.744
90658,CSM,Asthma,M,G,11.01
93005,AS,Asthma,F,G,14.3325
93005,CSM,Asthma,F,G,14.3325
93005,WStF,Asthma,M,E,14.3325
93041,AS,Asthma,M,E,5.3666
93041,AS,Asthma,M,G,5.3666
94640,AS,Asthma,F,C,13.1739
94640,AS,Asthma,F,D,13.4246
94640,AS,Asthma,F,F,13.7208
94640,AS,Asthma,M,G,13.5499
94640,WStF,Asthma,M,D,13.8185
94644,AS,Asthma,M,C,29.2233
94644,AS,Asthma,M,F,29.2233
94644,CSM,Asthma,F,E,29.2233
94644,CSM,Asthma,F,G,29.2233
94645,AS,Asthma,M,D,11.0466
94645,AS,Asthma,M,F,11.0466
94664,CSM,Asthma,M,C,15.2666
94760,AS,Asthma,M,C,4.928
94760,AS,Asthma,M,D,4.928
94760,AS,Asthma,M,F,4.928
94799,AS,Asthma,M,E,8.4
96361,CSM,Asthma,M,G,16.07
96367,AS,Asthma,M,E,34.15
96372,CSM,Asthma,F,D,3.295
96372,WStF,Asthma,M,B,3.295
96374,AS,Asthma,F,G,46.21
96374,CSM,Asthma,M,F,46.21
96375,CSM,Asthma,F,D,21.52
96375,CSM,Asthma,M,G,21.52
96375,WStF,Asthma,M,B,21.52
99213,WStF,Asthma,F,C,33.042
99213,WStF,Asthma,F,D,33.042
99213,WStF,Asthma,F,F,33.042
99283,CSM,Asthma,F,E,36.04
99283,CSM,Asthma,F,G,36.04
99283,WStF,Asthma,F,E,36.04
99283,WStF,Asthma,M,B,36.04
99284,AS,Asthma,F,G,57.938
99284,CSM,Asthma,F,C,57.938
99284,CSM,Asthma,F,D,57.938
99284,CSM,Asthma,F,F,57.938
99284,WStF,Asthma,F,D,57.938
99284,WStF,Asthma,M,E,57.938
99284,WStF,Asthma,M,G,57.938
99285,AS,Asthma,F,F,84.692
99285,WStF,Asthma,M,C,84.692
99285,WStF,Asthma,M,F,84.692
99401,WStF,Asthma,F,F,9.435
A4614,CSM,Asthma,F,G,17.79
J2405,AS,Asthma,F,C,0.2
J2405,AS,Asthma,F,D,0.2
J2930,CSM,Asthma,F,G,3.1513
J3475,CSM,Asthma,F,D,0.05
J3475,CSM,Asthma,M,E,0.05
J7506,AS,Asthma,M,C,0.05
J7506,AS,Asthma,M,D,0.034
J7506,AS,Asthma,M,F,0.0433
J7506,CSM,Asthma,M,C,0.05
J7613,AS,Asthma,M,E,0.05
36000,AS,Asthma,F,F,23.41
71010,CSM,Asthma,F,G,17.0746
71020,AS,Asthma,M,B,21.902
71020,CSM,Asthma,M,B,21.902
71020,WStF,Asthma,F,B,21.902
71020,WStF,Asthma,M,F,21.902
71260,AS,Asthma,F,D,210.5611
71260,AS,Asthma,M,G,210.5611
72110,CSM,Asthma,F,F,34.452
80047,CSM,Asthma,F,D,24.46
80047,CSM,Asthma,M,G,24.46
80048,WStF,Asthma,F,F,11.89
80053,CSM,Asthma,M,G,14.9333
80196,WStF,Asthma,F,G,10.0233
81001,AS,Asthma,F,G,4.4666
81002,AS,Asthma,F,G,3.588
82055,CSM,Asthma,M,G,15.188
82330,AS,Asthma,M,G,19.1875
82550,WStF,Asthma,F,G,9.2
82553,CSM,Asthma,F,G,8.6866
82805,AS,Asthma,F,G,40.0566
82962,CSM,Asthma,F,G,3.3
83690,AS,Asthma,M,G,9.7
83690,WStF,Asthma,F,G,9.7
84443,CSM,Asthma,M,F,23.5357
84484,AS,Asthma,F,G,13.8966
85379,CSM,Asthma,F,G,11.44
86140,WStF,Asthma,F,E,7.285
87040,AS,Asthma,M,C,14.482
87040,WStF,Asthma,M,G,14.482
87798,CSM,Asthma,F,E,49.2875
87880,AS,Asthma,F,E,16.866
87880,WStF,Asthma,M,E,16.866
90471,AS,Asthma,M,D,19.25
93005,WStF,Asthma,M,D,14.3325
93005,WStF,Asthma,M,F,14.3325
93041,AS,Asthma,M,F,5.3666
94640,WStF,Asthma,M,B,12.7442
94644,AS,Asthma,F,G,29.2233
94645,AS,Asthma,F,E,11.0466
94660,CSM,Asthma,M,G,56.83
94760,AS,Asthma,F,E,4.928
94760,AS,Asthma,F,G,4.928
94761,AS,Asthma,M,E,4.51
94761,AS,Asthma,M,G,4.51
94799,AS,Asthma,M,C,8.4
94799,AS,Asthma,M,D,8.4
94799,AS,Asthma,M,F,8.4
96360,WStF,Asthma,M,G,50.58
96365,WStF,Asthma,M,G,61.86
96374,CSM,Asthma,M,E,46.21
96375,WStF,Asthma,F,F,21.52
96375,WStF,Asthma,M,G,21.52
99283,AS,Asthma,F,C,36.04
99283,AS,Asthma,F,F,36.04
99283,WStF,Asthma,M,C,36.04
99283,WStF,Asthma,M,D,36.04
99284,AS,Asthma,F,B,57.938
99284,WStF,Asthma,M,B,57.938
99285,AS,Asthma,F,E,84.692
99285,AS,Asthma,F,G,84.692
99285,CSM,Asthma,F,G,84.692
99285,WStF,Asthma,M,E,84.692
J0456,CSM,Asthma,F,D,8.85
J0456,CSM,Asthma,M,G,10.08
J0696,AS,Asthma,F,G,1.3233
J1100,CSM,Asthma,F,G,0.085
J2930,AS,Asthma,M,G,3.2333
J7506,AS,Asthma,F,E,0.04
J7506,CSM,Asthma,F,E,0.035
J7506,CSM,Asthma,F,G,0.0466
J7510,CSM,Asthma,M,C,0.02
36000,AS,Asthma,F,G,21.2912
36415,AS,Asthma,F,G,3
36415,CSM,Asthma,F,G,3
71010,AS,Asthma,M,G,17.0746
71020,AS,Asthma,M,C,21.902
71020,AS,Asthma,M,D,21.902
71020,AS,Asthma,M,F,21.902
71020,CSM,Asthma,M,E,21.902
71020,WStF,Asthma,F,C,21.902
71020,WStF,Asthma,F,D,21.902
71020,WStF,Asthma,F,F,21.902
71260,CSM,Asthma,F,F,210.5611
72050,WStF,Asthma,M,F,32.46
73550,AS,Asthma,F,F,20.381
78588,AS,Asthma,F,G,137.83
80047,CSM,Asthma,F,G,24.46
80053,AS,Asthma,M,E,14.9333
80053,AS,Asthma,M,G,14.9333
80053,CSM,Asthma,F,G,14.9333
80053,WStF,Asthma,F,G,14.9333
81002,AS,Asthma,F,D,3.588
82003,WStF,Asthma,F,G,28.5666
82330,AS,Asthma,M,F,19.1875
82550,CSM,Asthma,M,F,9.2
82553,AS,Asthma,M,F,8.6866
82553,CSM,Asthma,M,G,8.6866
82962,CSM,Asthma,F,D,3.3
82962,CSM,Asthma,M,G,3.3
82962,WStF,Asthma,M,C,3.3
83735,AS,Asthma,M,F,9.4325
83874,AS,Asthma,F,G,18.2266
83874,CSM,Asthma,M,G,18.2266
84132,AS,Asthma,F,G,6.444
84484,AS,Asthma,F,F,13.8966
84484,AS,Asthma,M,G,13.8966
85007,AS,Asthma,F,G,4.832
85025,AS,Asthma,M,E,10.904
85025,CSM,Asthma,M,F,10.904
85025,WStF,Asthma,F,E,10.904
85379,AS,Asthma,F,D,11.44
85379,AS,Asthma,M,G,11.44
85379,WStF,Asthma,F,G,11.44
85610,WStF,Asthma,M,F,5.53
87040,CSM,Asthma,M,F,14.482
87040,WStF,Asthma,M,F,14.482
87077,AS,Asthma,F,G,11.3357
87081,CSM,Asthma,F,G,9.29
87147,AS,Asthma,M,D,7.265
87798,WStF,Asthma,F,E,49.2875
87804,AS,Asthma,M,C,16.872
87880,AS,Asthma,F,D,16.866
93005,CSM,Asthma,M,F,14.3325
93041,AS,Asthma,F,E,5.3666
94640,AS,Asthma,F,G,13.385
94640,CSM,Asthma,M,E,13.2366
94640,WStF,Asthma,M,E,13.6752
94644,AS,Asthma,F,C,29.2233
94644,AS,Asthma,F,D,29.2233
94644,AS,Asthma,F,F,29.2233
94644,AS,Asthma,M,G,29.2233
94645,AS,Asthma,F,D,11.0466
94645,AS,Asthma,M,G,11.0466
94645,CSM,Asthma,F,G,11.0466
94664,CSM,Asthma,F,G,15.2666
94760,AS,Asthma,F,C,4.928
94760,AS,Asthma,F,D,4.928
94760,AS,Asthma,M,G,4.928
94761,AS,Asthma,M,C,4.51
94761,AS,Asthma,M,D,4.51
94772,CSM,Asthma,F,G,88.1914
96361,WStF,Asthma,M,G,16.07
96365,AS,Asthma,M,E,61.86
96374,WStF,Asthma,F,C,46.21
96374,WStF,Asthma,F,F,46.21
96375,WStF,Asthma,F,G,21.52
99213,WStF,Asthma,F,E,33.042
99213,WStF,Asthma,F,G,33.042
99282,CSM,Asthma,F,F,27.028
99283,AS,Asthma,F,G,36.04
99283,WStF,Asthma,M,E,36.04
99283,WStF,Asthma,M,G,36.04
99284,AS,Asthma,F,F,57.938
99284,CSM,Asthma,F,G,57.938
99284,WStF,Asthma,M,C,57.938
99284,WStF,Asthma,M,D,57.938
99285,CSM,Asthma,F,F,84.692
99285,WStF,Asthma,M,B,84.692
J0129,CSM,Asthma,F,E,18.9175
J1100,CSM,Asthma,F,D,0.085
J1650,CSM,Asthma,M,G,6.245
J2270,CSM,Asthma,M,G,1.735
J2920,CSM,Asthma,F,G,2.2266
J2930,CSM,Asthma,F,E,3.1416
J3475,CSM,Asthma,F,E,0.05
J7030,AS,Asthma,F,D,0.785
J7030,AS,Asthma,M,G,0.785
J7506,AS,Asthma,F,D,0.046
J7506,AS,Asthma,M,E,0.042
J7506,AS,Asthma,M,G,0.046
J7613,AS,Asthma,M,B,0.05
Q0179,AS,Asthma,F,D,4.04
36000,AS,Asthma,M,F,21.2912
36415,WStF,Asthma,F,F,3
36415,WStF,Asthma,M,G,3
70450,WStF,Asthma,M,F,142.0211
71010,WStF,Asthma,M,F,17.0746
71020,AS,Asthma,F,B,21.902
71260,AS,Asthma,F,G,210.5611
80048,WStF,Asthma,M,C,11.89
80048,WStF,Asthma,M,F,11.89
80101,AS,Asthma,M,D,19.356
80101,AS,Asthma,M,F,19.356
81001,CSM,Asthma,F,D,4.4666
81001,WStF,Asthma,F,E,4.4666
81002,AS,Asthma,M,G,3.588
81002,WStF,Asthma,F,E,3.588
81003,CSM,Asthma,M,F,3.15
82330,AS,Asthma,F,G,19.1875
82550,AS,Asthma,F,G,9.2
82550,WStF,Asthma,M,G,9.2
82805,WStF,Asthma,F,E,40.0566
82962,WStF,Asthma,M,F,3.3
83605,AS,Asthma,F,G,14.9871
83874,CSM,Asthma,F,F,18.2266
83880,CSM,Asthma,F,G,47.825
84132,AS,Asthma,M,D,6.444
84132,AS,Asthma,M,F,6.444
84295,AS,Asthma,M,F,6.75
84484,CSM,Asthma,M,G,13.8966
84484,WStF,Asthma,F,G,13.8966
85025,WStF,Asthma,M,B,10.904
85027,AS,Asthma,F,F,9.082
85027,AS,Asthma,M,G,9.082
85610,AS,Asthma,M,G,5.53
85610,WStF,Asthma,F,G,5.53
87086,CSM,Asthma,M,F,11.328
87205,AS,Asthma,M,D,5.988
87205,CSM,Asthma,M,F,5.988
87801,AS,Asthma,M,D,65.8933
87880,AS,Asthma,M,E,16.866
87880,WStF,Asthma,F,E,16.866
87880,WStF,Asthma,F,G,16.866
90471,AS,Asthma,M,G,19.25
93005,AS,Asthma,M,F,14.3325
93005,WStF,Asthma,F,F,14.3325
94640,AS,Asthma,F,E,13.8632
94640,AS,Asthma,M,B,13.6752
94640,CSM,Asthma,F,C,12.9233
94640,CSM,Asthma,F,D,12.5055
94640,CSM,Asthma,M,G,13.7208
94644,AS,Asthma,M,E,29.2233
94644,CSM,Asthma,M,F,29.2233
94644,WStF,Asthma,F,G,29.2233
94645,AS,Asthma,M,E,11.0466
94645,CSM,Asthma,M,F,11.0466
94645,WStF,Asthma,F,E,11.0466
94664,CSM,Asthma,F,E,15.2666
94664,CSM,Asthma,M,B,15.2666
94760,AS,Asthma,M,E,4.928
94761,AS,Asthma,F,G,4.51
94799,AS,Asthma,F,F,8.4
96360,AS,Asthma,F,D,50.58
96360,CSM,Asthma,F,D,50.58
96360,CSM,Asthma,F,F,50.58
96360,CSM,Asthma,M,G,50.58
96361,WStF,Asthma,F,C,16.07
96361,WStF,Asthma,F,F,16.07
96365,AS,Asthma,F,D,61.86
96365,AS,Asthma,M,G,61.86
96365,CSM,Asthma,F,D,61.86
96365,CSM,Asthma,F,F,61.86
96372,WStF,Asthma,F,G,3.295
96374,CSM,Asthma,F,E,46.21
96374,CSM,Asthma,F,G,46.21
96375,AS,Asthma,F,D,21.52
96375,AS,Asthma,F,F,21.52
96375,AS,Asthma,M,G,21.52
99211,WStF,Asthma,F,E,11.349
36416,CSM,Asthma,M,G,3.03
70360,AS,Asthma,F,G,16.3466
70450,AS,Asthma,M,F,142.0211
71010,CSM,Asthma,F,D,17.0746
71010,CSM,Asthma,M,G,17.0746
71010,WStF,Asthma,F,C,17.0746
71010,WStF,Asthma,F,D,17.0746
71010,WStF,Asthma,F,F,17.0746
71010,WStF,Asthma,M,G,17.0746
71020,AS,Asthma,F,E,21.902
71275,WStF,Asthma,F,E,262.87
80047,CSM,Asthma,F,F,24.46
80048,AS,Asthma,F,C,11.89
80048,AS,Asthma,F,D,11.89
80048,AS,Asthma,M,G,11.89
80048,CSM,Asthma,F,G,11.89
80053,AS,Asthma,M,F,14.9333
80076,AS,Asthma,M,G,11.4725
80076,WStF,Asthma,F,G,11.4725
80185,CSM,Asthma,M,G,18.7133
80185,WStF,Asthma,M,F,18.7133
81025,CSM,Asthma,F,D,8.8825
81025,WStF,Asthma,F,D,8.8825
82055,AS,Asthma,M,G,15.188
82553,AS,Asthma,M,G,8.6866
82553,WStF,Asthma,F,G,8.6866
82805,CSM,Asthma,F,D,40.0566
82977,AS,Asthma,M,G,10.1
83880,AS,Asthma,F,F,47.825
83880,WStF,Asthma,M,C,47.825
84295,AS,Asthma,M,G,6.75
84484,CSM,Asthma,F,F,13.8966
85025,CSM,Asthma,M,E,10.904
85025,CSM,Asthma,M,G,10.904
85025,WStF,Asthma,M,F,10.904
85027,AS,Asthma,F,G,9.082
85027,WStF,Asthma,M,E,9.082
85046,AS,Asthma,M,G,7.865
85651,WStF,Asthma,F,E,4.394
85730,CSM,Asthma,F,F,8.45
85730,CSM,Asthma,M,G,8.45
85730,WStF,Asthma,M,F,8.45
87040,AS,Asthma,M,E,14.482
87040,AS,Asthma,M,G,14.482
87040,WStF,Asthma,F,E,14.482
87149,AS,Asthma,F,G,28.31
87641,AS,Asthma,M,G,49.58
87798,CSM,Asthma,M,G,49.2875
87804,CSM,Asthma,M,F,16.872
87880,CSM,Asthma,M,D,16.866
87880,WStF,Asthma,M,B,16.866
93005,AS,Asthma,M,D,14.3325
93005,CSM,Asthma,F,E,14.3325
93005,WStF,Asthma,M,G,14.3325
93041,AS,Asthma,F,C,5.3666
93041,AS,Asthma,F,F,5.3666
94640,CSM,Asthma,M,C,13.7588
94640,CSM,Asthma,M,D,13.341
94640,CSM,Asthma,M,F,14.1766
94640,WStF,Asthma,F,B,11.67
94640,WStF,Asthma,M,C,13.1023
94640,WStF,Asthma,M,F,14.1766
94664,CSM,Asthma,M,F,15.2666
94760,AS,Asthma,F,B,4.928
94761,AS,Asthma,F,E,4.51
94761,AS,Asthma,M,B,4.51
94799,AS,Asthma,F,C,8.4
94799,AS,Asthma,F,D,8.4
94799,AS,Asthma,M,G,8.4
96360,CSM,Asthma,F,E,50.58
96360,CSM,Asthma,F,G,50.58
96365,AS,Asthma,M,C,61.86
96365,CSM,Asthma,F,G,61.86
96365,WStF,Asthma,F,F,61.86
96366,CSM,Asthma,F,D,20.85
96366,CSM,Asthma,M,G,20.85
96372,CSM,Asthma,F,F,3.295
99213,WStF,Asthma,M,B,33.042
99282,CSM,Asthma,F,C,27.028
99282,CSM,Asthma,F,D,27.028
99283,AS,Asthma,M,C,36.04
99283,AS,Asthma,M,D,36.04
99283,CSM,Asthma,M,C,36.04
99283,WStF,Asthma,F,D,36.04
99283,WStF,Asthma,F,F,36.04
99284,AS,Asthma,M,B,57.938
99284,CSM,Asthma,F,E,57.938
99284,CSM,Asthma,M,B,57.938
99284,WStF,Asthma,F,B,57.938
99285,AS,Asthma,M,E,84.692
99285,CSM,Asthma,F,D,84.692
99285,CSM,Asthma,M,E,84.692
99285,CSM,Asthma,M,G,84.692
99285,WStF,Asthma,F,E,84.692
99285,WStF,Asthma,F,G,84.692
99401,WStF,Asthma,F,E,9.435
A9539,AS,Asthma,F,G,13
J0696,AS,Asthma,M,G,1.3233
J0696,CSM,Asthma,M,G,1.3666
J1100,CSM,Asthma,M,E,0.085
J1650,AS,Asthma,M,G,6.38
J1885,CSM,Asthma,F,E,0.3
J2270,AS,Asthma,M,G,1.825
J2270,CSM,Asthma,F,D,1.735
J7050,CSM,Asthma,M,G,0.275
J7506,CSM,Asthma,M,E,0.0366
J7510,AS,Asthma,F,C,0.02
J7613,AS,Asthma,F,F,0.05
J8540,CSM,Asthma,M,C,0.35
Q9967,AS,Asthma,F,G,0.21
Q9967,CSM,Asthma,F,G,0.2
96374,AS,Asthma,F,E,46.21
96375,CSM,Asthma,F,F,21.52
99212,WStF,Asthma,M,C,21.3877
99212,WStF,Asthma,M,D,21.3877
99282,AS,Asthma,M,G,27.028
99283,AS,Asthma,F,B,36.04
99283,CSM,Asthma,M,D,36.04
99284,AS,Asthma,F,E,57.938
99285,AS,Asthma,F,D,84.692
99285,AS,Asthma,M,G,84.692
J0170,CSM,Asthma,M,G,0.705
J2060,CSM,Asthma,F,G,0.75
J2270,CSM,Asthma,M,F,1.77
J2280,CSM,Asthma,M,G,2.785
J2930,CSM,Asthma,M,F,3.1644
J3475,CSM,Asthma,F,F,0.05
J7506,CSM,Asthma,M,D,0.05
Q9967,CSM,Asthma,F,F,0.2
36000,AS,Asthma,F,D,23.41
36000,AS,Asthma,M,G,23.41
36415,AS,Asthma,M,G,3
36415,WStF,Asthma,F,G,3
70450,AS,Asthma,F,G,142.0211
71010,AS,Asthma,F,G,17.0746
71010,CSM,Asthma,M,B,17.0746
71010,WStF,Asthma,M,B,17.0746
71020,AS,Asthma,F,C,21.902
71020,AS,Asthma,F,F,21.902
71020,CSM,Asthma,F,E,21.902
71020,CSM,Asthma,F,G,21.902
71020,WStF,Asthma,M,C,21.902
71020,WStF,Asthma,M,D,21.902
73510,AS,Asthma,F,F,22.638
80047,CSM,Asthma,M,E,24.46
80048,WStF,Asthma,M,B,11.89
80053,AS,Asthma,F,G,14.9333
80053,WStF,Asthma,M,G,14.9333
80100,AS,Asthma,M,D,20.5333
80101,CSM,Asthma,M,F,19.356
80101,WStF,Asthma,M,F,19.356
81003,CSM,Asthma,M,G,3.15
81025,AS,Asthma,F,E,8.8825
82150,WStF,Asthma,F,G,9.13
82553,WStF,Asthma,M,F,8.6866
82803,AS,Asthma,M,F,27.25
82947,AS,Asthma,F,G,5.5088
83874,AS,Asthma,M,G,18.2266
83874,CSM,Asthma,F,G,18.2266
83874,WStF,Asthma,F,G,18.2266
84132,AS,Asthma,M,G,6.444
84132,WStF,Asthma,F,G,6.444
84484,CSM,Asthma,F,G,13.8966
84484,WStF,Asthma,M,G,13.8966
85007,AS,Asthma,M,G,4.832
85014,AS,Asthma,F,G,3.3255
85025,AS,Asthma,F,G,10.904
85379,AS,Asthma,F,G,11.44
85379,WStF,Asthma,M,G,11.44
85610,CSM,Asthma,F,F,5.53
85730,WStF,Asthma,F,G,8.45
87070,AS,Asthma,M,D,12.08
87081,AS,Asthma,M,D,9.29
87186,AS,Asthma,F,G,12.124
87880,AS,Asthma,M,D,16.866
87880,CSM,Asthma,F,G,16.866
87880,WStF,Asthma,F,D,16.866
93005,CSM,Asthma,F,F,14.3325
94200,CSM,Asthma,F,G,12.2608
94640,AS,Asthma,M,E,13.3932
94640,CSM,Asthma,F,E,13.9837
94640,CSM,Asthma,F,G,13.0372
94640,WStF,Asthma,F,E,13.4929
94640,WStF,Asthma,F,G,13.6069
94644,AS,Asthma,M,D,29.2233
94644,CSM,Asthma,F,C,29.2233
94644,CSM,Asthma,F,D,29.2233
94644,CSM,Asthma,M,G,29.2233
94644,WStF,Asthma,F,F,29.2233
94645,CSM,Asthma,F,D,11.0466
94664,CSM,Asthma,F,D,15.2666
94664,CSM,Asthma,M,E,15.2666
94664,CSM,Asthma,M,G,15.2666
94667,CSM,Asthma,M,G,11.484
94761,AS,Asthma,F,C,4.51
94761,AS,Asthma,F,D,4.51
94761,AS,Asthma,F,F,4.51
96360,CSM,Asthma,M,F,50.58
96361,AS,Asthma,F,D,16.07
96361,AS,Asthma,M,G,16.07
96361,WStF,Asthma,F,G,16.07
96365,CSM,Asthma,M,F,61.86
96372,CSM,Asthma,F,E,3.295
96374,CSM,Asthma,F,D,46.21
96374,CSM,Asthma,F,F,46.21
96374,CSM,Asthma,M,G,46.21
96375,AS,Asthma,F,G,21.52
96375,CSM,Asthma,F,E,21.52
96375,CSM,Asthma,F,G,21.52
99211,WStF,Asthma,F,D,11.349
99212,WStF,Asthma,F,E,21.3877
99212,WStF,Asthma,M,B,21.3877
99213,WStF,Asthma,M,E,33.042
99281,CSM,Asthma,M,E,18.852
99283,AS,Asthma,M,E,36.04
99283,AS,Asthma,M,G,36.04
99283,WStF,Asthma,F,G,36.04
99284,AS,Asthma,M,C,57.938
99284,AS,Asthma,M,D,57.938
99284,AS,Asthma,M,F,57.938
99284,CSM,Asthma,M,E,57.938
99284,CSM,Asthma,M,G,57.938
99284,WStF,Asthma,F,C,57.938
99284,WStF,Asthma,F,F,57.938
99285,CSM,Asthma,M,F,84.692
99401,WStF,Asthma,F,C,9.435
99401,WStF,Asthma,F,D,9.435
J1650,CSM,Asthma,F,G,6.38
J2270,CSM,Asthma,F,G,1.825
J2405,AS,Asthma,F,E,0.2
J3105,CSM,Asthma,F,D,2.12
J3360,CSM,Asthma,F,E,1.02
J7050,CSM,Asthma,F,E,0.275
J7506,AS,Asthma,F,G,0.0425
Q0163,CSM,Asthma,M,G,0.02
Q9967,AS,Asthma,F,D,0.21
Q9967,AS,Asthma,M,G,0.2
36415,CSM,Asthma,M,G,3
71010,AS,Asthma,M,D,17.0746
71010,CSM,Asthma,M,C,17.0746
71010,CSM,Asthma,M,F,17.0746
71010,WStF,Asthma,F,E,17.0746
71010,WStF,Asthma,F,G,17.0746
71020,AS,Asthma,F,D,21.902
71020,AS,Asthma,M,E,21.902
71020,AS,Asthma,M,G,21.902
71020,CSM,Asthma,M,D,21.902
71020,WStF,Asthma,F,G,21.902
71260,CSM,Asthma,F,G,210.5611
72050,CSM,Asthma,F,F,32.46
74150,CSM,Asthma,F,E,169.24
80053,AS,Asthma,F,F,14.9333
80061,CSM,Asthma,M,F,18.8557
80076,CSM,Asthma,M,G,11.4725
80101,CSM,Asthma,M,G,19.356
81002,WStF,Asthma,M,F,3.588
81025,WStF,Asthma,F,E,8.8825
82055,AS,Asthma,M,D,15.188
82055,AS,Asthma,M,F,15.188
82055,WStF,Asthma,F,G,15.188
82550,WStF,Asthma,M,F,9.2
82553,CSM,Asthma,F,F,8.6866
82553,WStF,Asthma,M,G,8.6866
82565,AS,Asthma,M,G,7.1757
82803,AS,Asthma,F,G,27.25
82962,AS,Asthma,M,G,3.3
82962,WStF,Asthma,F,G,3.3
82977,AS,Asthma,M,F,10.1
83735,CSM,Asthma,M,F,9.4325
83874,AS,Asthma,F,F,18.2266
83880,AS,Asthma,F,G,47.825
83880,WStF,Asthma,M,G,47.825
84295,AS,Asthma,F,G,6.75
84484,AS,Asthma,M,F,13.8966
85007,AS,Asthma,F,F,4.832
85025,WStF,Asthma,M,G,10.904
85610,CSM,Asthma,F,G,5.53
87040,AS,Asthma,F,E,14.482
87040,CSM,Asthma,M,G,14.482
87081,CSM,Asthma,M,D,9.29
87804,CSM,Asthma,F,D,16.872
87880,WStF,Asthma,M,C,16.866
87880,WStF,Asthma,M,D,16.866
93005,CSM,Asthma,M,G,14.3325
93005,WStF,Asthma,F,E,14.3325
93005,WStF,Asthma,F,G,14.3325
93041,AS,Asthma,F,G,5.3666
93971,AS,Asthma,M,G,70.1983
94002,AS,Asthma,M,G,71.3966
94640,AS,Asthma,M,C,13.2125
94640,AS,Asthma,M,D,13.7208
94640,CSM,Asthma,M,B,14.1766
94640,WStF,Asthma,F,C,13.1739
94640,WStF,Asthma,F,D,13.4604
94640,WStF,Asthma,F,F,12.9233
94640,WStF,Asthma,M,G,13.5499
94644,WStF,Asthma,M,F,29.2233
94645,AS,Asthma,F,F,11.0466
94664,CSM,Asthma,F,C,15.2666
94664,CSM,Asthma,F,F,15.2666
94760,AS,Asthma,F,F,4.928
94761,AS,Asthma,F,B,4.51
94761,AS,Asthma,M,F,4.51
94799,AS,Asthma,F,E,8.4
94799,AS,Asthma,F,G,8.4
96361,WStF,Asthma,F,E,16.07
96366,CSM,Asthma,F,E,20.85
96374,AS,Asthma,F,D,46.21
96374,AS,Asthma,M,G,46.21
96374,WStF,Asthma,F,G,46.21
96375,AS,Asthma,F,E,21.52
99213,WStF,Asthma,M,D,33.042
99283,AS,Asthma,F,E,36.04
99283,CSM,Asthma,M,E,36.04
99284,AS,Asthma,F,C,57.938
99284,AS,Asthma,F,D,57.938
99284,AS,Asthma,M,G,57.938
99284,CSM,Asthma,M,C,57.938
99284,CSM,Asthma,M,D,57.938
99284,WStF,Asthma,F,G,57.938
99285,AS,Asthma,M,C,84.692
99285,AS,Asthma,M,F,84.692
99285,WStF,Asthma,F,F,84.692
99401,WStF,Asthma,M,C,9.435
99401,WStF,Asthma,M,D,9.435
99401,WStF,Asthma,M,F,9.435
J0129,CSM,Asthma,M,G,18.915
J1200,CSM,Asthma,M,G,0.71
J2280,CSM,Asthma,M,F,2.785
J2930,CSM,Asthma,F,D,3.1849
J2930,CSM,Asthma,M,E,3.19
J2930,CSM,Asthma,M,G,3.111
J3475,CSM,Asthma,F,G,0.05
J7506,AS,Asthma,F,C,0.04
J7506,AS,Asthma,F,F,0.04
J7510,AS,Asthma,M,B,0.02
J7510,CSM,Asthma,M,B,0.02
Q0179,AS,Asthma,M,D,7.18
36415,CSM,Asthma,F,F,3
36600,WStF,Asthma,F,E,18.485
70450,WStF,Asthma,M,G,142.0211
71010,AS,Asthma,M,F,17.0746
71020,CSM,Asthma,M,C,21.902
71020,CSM,Asthma,M,F,21.902
71020,WStF,Asthma,F,E,21.902
71020,WStF,Asthma,M,B,21.902
72192,CSM,Asthma,F,E,169.7266
73130,CSM,Asthma,M,D,18.9055
80048,AS,Asthma,M,D,11.89
80048,WStF,Asthma,F,C,11.89
80048,WStF,Asthma,M,G,11.89
80053,CSM,Asthma,M,F,14.9333
81001,CSM,Asthma,F,F,4.4666
81002,AS,Asthma,F,E,3.588
81025,AS,Asthma,F,D,8.8825
82553,AS,Asthma,F,G,8.6866
82805,CSM,Asthma,F,G,40.0566
82947,AS,Asthma,M,F,5.5088
83605,AS,Asthma,M,G,14.9871
83735,AS,Asthma,M,G,9.4325
83874,CSM,Asthma,M,F,18.2266
83880,AS,Asthma,M,F,47.825
83880,CSM,Asthma,F,F,47.825
83880,CSM,Asthma,M,G,47.825
84443,AS,Asthma,M,G,23.5357
84484,CSM,Asthma,M,F,13.8966
85014,AS,Asthma,M,F,3.3255
85025,AS,Asthma,M,C,10.904
85025,AS,Asthma,M,D,10.904
85025,AS,Asthma,M,F,10.904
85025,CSM,Asthma,F,G,10.904
85025,WStF,Asthma,F,C,10.904
85025,WStF,Asthma,F,F,10.904
85027,WStF,Asthma,F,G,9.082
85379,CSM,Asthma,F,F,11.44
85379,CSM,Asthma,M,G,11.44
85379,WStF,Asthma,M,F,11.44
87040,AS,Asthma,F,G,14.482
87070,CSM,Asthma,M,F,12.08
87300,WStF,Asthma,F,E,11.2633
87300,WStF,Asthma,M,B,11.2633
90658,AS,Asthma,M,D,11.744
90732,AS,Asthma,M,D,20.205
93005,AS,Asthma,F,F,14.3325
93005,AS,Asthma,M,G,14.3325
93041,AS,Asthma,M,D,5.3666
94640,AS,Asthma,F,B,13.341
94640,AS,Asthma,M,F,13.6752
94640,CSM,Asthma,F,F,12.9233
94644,AS,Asthma,F,E,29.2233
94760,AS,Asthma,M,B,4.928
96360,CSM,Asthma,M,E,50.58
96361,WStF,Asthma,M,B,16.07
96365,CSM,Asthma,M,G,61.86
96365,WStF,Asthma,M,F,61.86
96366,CSM,Asthma,F,G,20.85
96372,WStF,Asthma,M,F,3.295
96374,WStF,Asthma,F,E,46.21
96375,CSM,Asthma,M,F,21.52
96375,WStF,Asthma,M,F,21.52
99212,WStF,Asthma,F,C,21.3877
99212,WStF,Asthma,F,D,21.3877
99213,WStF,Asthma,M,C,33.042
99282,CSM,Asthma,F,G,27.028
99282,WStF,Asthma,F,C,27.028
99283,AS,Asthma,M,B,36.04
99283,CSM,Asthma,F,C,36.04
99283,CSM,Asthma,F,D,36.04
99283,CSM,Asthma,F,F,36.04
99283,CSM,Asthma,M,G,36.04
99283,WStF,Asthma,M,F,36.04
99284,AS,Asthma,M,E,57.938
99284,CSM,Asthma,M,F,57.938
99284,WStF,Asthma,F,E,57.938
99285,AS,Asthma,M,D,84.692
99285,CSM,Asthma,F,E,84.692
99285,WStF,Asthma,F,C,84.692
99285,WStF,Asthma,M,G,84.692
A9540,AS,Asthma,F,G,17.22
J0129,CSM,Asthma,F,D,18.915
J1650,CSM,Asthma,M,F,6.23
J1815,CSM,Asthma,M,G,0.31
J2405,CSM,Asthma,F,G,0.2
J3475,CSM,Asthma,M,F,0.05
J7050,CSM,Asthma,M,F,0.275
J7506,CSM,Asthma,F,C,0.03
J7506,CSM,Asthma,F,D,0.05
J7506,CSM,Asthma,F,F,0.05
J7506,CSM,Asthma,M,G,0.03
36415,CSM,COPD,F,G,3
71010,AS,COPD,M,G,17.0746
71010,WStF,COPD,F,G,17.0746
71020,CSM,COPD,M,G,21.902
71020,WStF,COPD,F,E,21.902
71020,WStF,COPD,F,G,21.902
80048,AS,COPD,F,G,11.89
80053,WStF,COPD,M,G,14.9333
80198,AS,COPD,F,G,19.93
82553,AS,COPD,F,G,8.6866
82553,WStF,COPD,M,G,8.6866
82803,AS,COPD,F,G,27.25
82947,AS,COPD,M,G,5.5088
82962,WStF,COPD,M,G,3.3
83735,CSM,COPD,F,F,9.4325
83735,WStF,COPD,F,G,9.4325
83880,CSM,COPD,F,F,47.825
83880,WStF,COPD,F,G,47.825
85014,AS,COPD,M,G,3.3255
85025,CSM,COPD,F,F,10.904
85025,WStF,COPD,F,G,10.904
85379,WStF,COPD,M,G,11.44
86901,WStF,COPD,F,G,4.852
87070,CSM,COPD,M,G,12.08
94640,WStF,COPD,F,G,13.1321
96366,CSM,COPD,F,G,20.85
99212,WStF,COPD,F,E,21.3877
99284,CSM,COPD,M,G,57.938
99284,WStF,COPD,F,G,57.938
99285,WStF,COPD,M,G,84.692
J7050,AS,COPD,F,G,0.275
36415,WStF,COPD,M,G,3
71275,WStF,COPD,F,G,262.87
80047,CSM,COPD,F,G,24.46
80053,CSM,COPD,F,G,14.9333
82330,AS,COPD,M,G,19.1875
83036,AS,COPD,F,F,13.595
83690,AS,COPD,F,G,9.7
83874,CSM,COPD,M,G,18.2266
85027,WStF,COPD,F,G,9.082
85610,WStF,COPD,F,G,5.53
85730,WStF,COPD,M,G,8.45
87040,WStF,COPD,F,G,14.482
87070,AS,COPD,F,F,12.08
93041,AS,COPD,F,F,5.3666
94644,AS,COPD,F,G,29.2233
94645,AS,COPD,F,G,11.0466
94761,AS,COPD,F,G,4.51
96361,WStF,COPD,M,G,16.07
96365,WStF,COPD,F,G,61.86
96372,WStF,COPD,F,G,3.295
96375,WStF,COPD,F,G,21.52
99283,WStF,COPD,M,G,36.04
71010,CSM,COPD,F,G,17.0746
80047,CSM,COPD,F,F,24.46
80048,CSM,COPD,F,G,11.89
80048,WStF,COPD,M,G,11.89
80053,AS,COPD,F,F,14.9333
82330,AS,COPD,F,G,19.1875
82550,WStF,COPD,F,G,9.2
82962,AS,COPD,F,G,3.3
82977,AS,COPD,F,F,10.1
83880,CSM,COPD,M,G,47.825
84295,AS,COPD,M,G,6.75
85025,AS,COPD,F,F,10.904
85025,AS,COPD,M,G,10.904
85025,CSM,COPD,M,G,10.904
87641,AS,COPD,F,G,49.58
90658,AS,COPD,F,F,11.01
93005,AS,COPD,M,G,14.3325
93005,WStF,COPD,F,G,14.3325
94799,AS,COPD,F,G,8.4
96365,CSM,COPD,M,G,61.86
96365,WStF,COPD,M,G,61.86
96375,CSM,COPD,F,F,21.52
96375,CSM,COPD,M,G,21.52
99283,AS,COPD,F,F,36.04
99285,AS,COPD,F,G,84.692
J1940,CSM,COPD,F,G,0.21
J7506,CSM,COPD,F,G,0.05
36000,AS,COPD,M,G,23.41
36415,WStF,COPD,F,G,3
80047,CSM,COPD,M,G,24.46
80053,CSM,COPD,M,G,14.9333
80101,AS,COPD,F,F,19.356
81001,CSM,COPD,M,G,4.4666
82330,WStF,COPD,F,G,19.1875
82805,CSM,COPD,M,G,40.0566
83874,CSM,COPD,F,G,18.2266
84132,AS,COPD,M,G,6.444
84484,CSM,COPD,F,G,13.8966
85027,AS,COPD,F,G,9.082
85610,CSM,COPD,F,F,5.53
85730,WStF,COPD,F,G,8.45
86850,WStF,COPD,F,G,26.45
87040,AS,COPD,F,G,14.482
87040,WStF,COPD,M,G,14.482
87086,WStF,COPD,F,G,11.328
87205,AS,COPD,M,G,5.988
94640,CSM,COPD,F,G,13.2651
94644,AS,COPD,M,G,29.2233
96365,AS,COPD,F,G,61.86
96375,AS,COPD,F,G,21.52
96375,WStF,COPD,M,G,21.52
99283,WStF,COPD,F,G,36.04
99285,CSM,COPD,F,G,84.692
J0696,AS,COPD,F,G,1.3233
J0696,CSM,COPD,F,G,1.3166
J2270,AS,COPD,F,G,1.825
J7040,AS,COPD,F,G,0.55
36000,AS,COPD,F,G,23.41
36415,AS,COPD,F,G,3
71020,AS,COPD,F,F,21.902
71020,AS,COPD,M,G,21.902
71260,CSM,COPD,F,G,210.5611
78588,WStF,COPD,F,G,137.83
80053,AS,COPD,F,G,14.9333
80162,WStF,COPD,F,G,18.7433
80198,WStF,COPD,M,G,19.93
82553,CSM,COPD,F,G,8.6866
82565,AS,COPD,M,G,7.1757
82803,WStF,COPD,M,G,27.25
82962,CSM,COPD,F,G,3.3
83735,AS,COPD,F,F,9.4325
83874,AS,COPD,F,G,18.2266
83880,AS,COPD,F,G,47.825
84132,AS,COPD,F,G,6.444
84484,AS,COPD,M,G,13.8966
84484,WStF,COPD,F,G,13.8966
85007,AS,COPD,F,G,4.832
87070,AS,COPD,M,G,12.08
87205,AS,COPD,F,F,5.988
87205,CSM,COPD,M,G,5.988
87880,WStF,COPD,M,G,16.866
93005,CSM,COPD,F,F,14.3325
93005,CSM,COPD,M,G,14.3325
94640,AS,COPD,F,G,13.8632
94644,AS,COPD,F,F,29.2233
94664,CSM,COPD,F,G,15.2666
94761,AS,COPD,M,G,4.51
96361,WStF,COPD,F,G,16.07
96374,AS,COPD,M,G,46.21
96374,CSM,COPD,F,G,46.21
96374,WStF,COPD,F,G,46.21
99284,AS,COPD,M,G,57.938
J1817,AS,COPD,F,G,3.15
J7506,AS,COPD,F,G,0.05
70450,CSM,COPD,M,G,142.0211
71010,CSM,COPD,M,G,17.0746
80048,WStF,COPD,F,G,11.89
82550,WStF,COPD,M,G,9.2
82962,WStF,COPD,F,G,3.3
83605,WStF,COPD,M,G,14.9871
83874,CSM,COPD,F,F,18.2266
83880,CSM,COPD,F,G,47.825
83880,WStF,COPD,M,G,47.825
84295,AS,COPD,F,G,6.75
84484,CSM,COPD,F,F,13.8966
84484,CSM,COPD,M,G,13.8966
85025,CSM,COPD,F,G,10.904
85025,WStF,COPD,M,G,10.904
86900,WStF,COPD,F,G,3.848
93005,AS,COPD,F,G,14.3325
93005,WStF,COPD,M,G,14.3325
93041,AS,COPD,M,G,5.3666
94640,CSM,COPD,M,G,12.784
94660,AS,COPD,F,G,56.83
94799,AS,COPD,M,G,8.4
96360,CSM,COPD,F,G,50.58
96360,WStF,COPD,F,G,50.58
99282,WStF,COPD,F,G,27.028
99283,CSM,COPD,F,G,36.04
99285,AS,COPD,M,G,84.692
99285,WStF,COPD,F,G,84.692
J0456,AS,COPD,F,G,9.22
J2405,CSM,COPD,F,G,0.2
J2930,CSM,COPD,M,G,3.0933
J7506,CSM,COPD,M,G,0.05
P9612,CSM,COPD,M,G,3
36415,CSM,COPD,M,G,3
36600,AS,COPD,F,G,18.485
71010,WStF,COPD,M,G,17.0746
71020,AS,COPD,F,G,21.902
71020,CSM,COPD,F,G,21.902
80048,AS,COPD,M,G,11.89
80053,WStF,COPD,F,G,14.9333
80162,WStF,COPD,M,G,18.7433
82055,AS,COPD,F,F,15.188
82553,AS,COPD,M,G,8.6866
82553,CSM,COPD,F,F,8.6866
82553,CSM,COPD,M,G,8.6866
82553,WStF,COPD,F,G,8.6866
82805,WStF,COPD,M,G,40.0566
82947,AS,COPD,F,G,5.5088
82962,AS,COPD,F,F,3.3
83874,AS,COPD,M,G,18.2266
83880,AS,COPD,M,G,47.825
84100,WStF,COPD,F,G,6.685
85014,AS,COPD,F,G,3.3255
85025,AS,COPD,F,G,10.904
90732,AS,COPD,F,F,20.205
93005,CSM,COPD,F,G,14.3325
93041,AS,COPD,F,G,5.3666
94640,AS,COPD,F,F,14.1766
94640,WStF,COPD,M,G,12.8093
94660,AS,COPD,F,F,56.83
94760,AS,COPD,M,G,4.928
96365,CSM,COPD,F,G,61.86
96372,CSM,COPD,F,G,3.295
96374,AS,COPD,F,G,46.21
96374,CSM,COPD,F,F,46.21
96375,CSM,COPD,F,G,21.52
99284,AS,COPD,F,G,57.938
99284,CSM,COPD,F,G,57.938
99285,AS,COPD,F,F,84.692
99285,CSM,COPD,F,F,84.692
J2405,AS,COPD,F,G,0.2
J7506,AS,COPD,M,G,0.04
71010,AS,COPD,F,G,17.0746
71020,WStF,COPD,M,G,21.902
81001,WStF,COPD,F,G,4.4666
81002,WStF,COPD,F,G,3.588
82803,AS,COPD,M,G,27.25
82803,WStF,COPD,F,G,27.25
82962,CSM,COPD,M,G,3.3
83874,WStF,COPD,F,G,18.2266
84484,AS,COPD,F,G,13.8966
84484,WStF,COPD,M,G,13.8966
85379,WStF,COPD,F,G,11.44
85610,WStF,COPD,M,G,5.53
87040,AS,COPD,F,F,14.482
87205,CSM,COPD,F,G,5.988
87804,CSM,COPD,F,G,16.872
93970,AS,COPD,F,G,112.9166
94640,AS,COPD,M,G,14.1766
94644,WStF,COPD,F,G,29.2233
96374,CSM,COPD,M,G,46.21
96374,WStF,COPD,M,G,46.21
99284,WStF,COPD,M,G,57.938
99285,CSM,COPD,M,G,84.692
29125,CSM,Diabetes,F,G,47.85
36415,CSM,Diabetes,F,G,3
70450,WStF,Diabetes,F,G,142.0211
71010,AS,Diabetes,F,G,17.0746
71010,WStF,Diabetes,M,E,17.0746
71020,AS,Diabetes,F,G,21.902
71020,CSM,Diabetes,F,F,21.902
71020,CSM,Diabetes,M,G,21.902
73030,AS,Diabetes,M,G,20.675
74000,CSM,Diabetes,F,G,18.152
74022,AS,Diabetes,F,G,29.2941
80048,AS,Diabetes,M,E,11.89
80048,WStF,Diabetes,F,G,11.89
80053,WStF,Diabetes,M,G,14.9333
81003,CSM,Diabetes,F,E,3.15
73090,AS,Diabetes,F,D,17.8144
73630,CSM,Diabetes,F,F,18.9055
80185,CSM,Diabetes,F,F,18.7133
81001,AS,Diabetes,M,E,4.4666
81001,CSM,Diabetes,M,G,4.4666
81001,WStF,Diabetes,F,G,4.4666
81002,AS,Diabetes,M,G,3.588
81002,WStF,Diabetes,F,G,3.588
81003,WStF,Diabetes,F,F,3.15
81025,CSM,Diabetes,F,E,8.8825
81025,WStF,Diabetes,F,F,8.8825
82009,AS,Diabetes,F,G,6.3475
82010,CSM,Diabetes,F,F,11.4516
82055,CSM,Diabetes,F,G,15.188
82330,AS,Diabetes,F,G,19.1875
82550,AS,Diabetes,F,G,9.2
82962,CSM,Diabetes,M,E,3.3
83605,AS,Diabetes,F,G,14.9871
83690,AS,Diabetes,F,G,9.7
83690,WStF,Diabetes,M,G,9.7
83874,CSM,Diabetes,M,G,18.2266
83880,AS,Diabetes,M,F,47.825
84132,AS,Diabetes,M,F,6.444
84295,AS,Diabetes,M,F,6.75
84443,CSM,Diabetes,F,F,23.5357
84484,CSM,Diabetes,M,G,13.8966
84484,WStF,Diabetes,F,G,13.8966
85610,WStF,Diabetes,F,G,5.53
87046,WStF,Diabetes,F,G,6.6233
87147,AS,Diabetes,F,G,7.265
87186,CSM,Diabetes,F,F,12.124
87427,WStF,Diabetes,F,G,16.94
93005,AS,Diabetes,M,F,14.3325
94761,AS,Diabetes,F,G,4.51
96360,AS,Diabetes,M,E,50.58
96360,AS,Diabetes,M,G,50.58
96360,CSM,Diabetes,F,F,50.58
96360,CSM,Diabetes,M,G,50.58
96360,WStF,Diabetes,F,G,50.58
96361,AS,Diabetes,M,F,16.07
96365,AS,Diabetes,F,D,61.86
96365,AS,Diabetes,M,E,61.86
96365,AS,Diabetes,M,G,61.86
96365,CSM,Diabetes,F,F,61.86
96366,WStF,Diabetes,M,G,20.85
96372,AS,Diabetes,F,D,3.295
96372,WStF,Diabetes,F,G,3.295
96374,AS,Diabetes,M,F,46.21
96375,AS,Diabetes,M,G,21.52
96375,CSM,Diabetes,F,F,21.52
99282,WStF,Diabetes,F,G,27.028
99283,WStF,Diabetes,F,F,36.04
99283,WStF,Diabetes,M,G,36.04
99285,AS,Diabetes,M,E,84.692
99285,CSM,Diabetes,M,G,84.692
J0696,AS,Diabetes,M,E,1.3166
J0696,CSM,Diabetes,F,F,1.3166
J1170,CSM,Diabetes,M,G,1.415
17250,CSM,Diabetes,M,G,45.31
36000,AS,Diabetes,M,E,14.935
36000,AS,Diabetes,M,G,23.41
36415,WStF,Diabetes,F,G,3
71020,CSM,Diabetes,F,E,21.902
80047,CSM,Diabetes,M,E,24.46
80053,AS,Diabetes,F,G,14.9333
80101,CSM,Diabetes,M,G,19.356
80156,CSM,Diabetes,F,G,20.5533
81001,CSM,Diabetes,F,E,4.4666
81001,WStF,Diabetes,M,G,4.4666
81002,WStF,Diabetes,F,F,3.588
81002,WStF,Diabetes,M,G,3.588
81003,CSM,Diabetes,M,G,3.15
82010,WStF,Diabetes,M,E,11.4516
82055,CSM,Diabetes,M,G,15.188
82150,CSM,Diabetes,M,G,9.13
82553,CSM,Diabetes,F,G,8.6866
82800,CSM,Diabetes,F,G,11.9275
82800,WStF,Diabetes,M,G,11.9275
82803,WStF,Diabetes,M,G,27.25
82947,AS,Diabetes,F,E,5.5088
82947,AS,Diabetes,F,G,5.5088
82962,AS,Diabetes,M,F,3.3
82962,WStF,Diabetes,F,F,3.3
83874,AS,Diabetes,M,G,18.2266
83874,CSM,Diabetes,F,E,18.2266
83874,CSM,Diabetes,F,G,18.2266
83874,WStF,Diabetes,F,G,18.2266
84132,AS,Diabetes,M,E,6.444
84132,AS,Diabetes,M,G,6.444
84484,CSM,Diabetes,F,E,13.8966
84484,WStF,Diabetes,M,G,13.8966
85014,AS,Diabetes,F,E,3.3255
85014,AS,Diabetes,F,G,3.3255
85025,AS,Diabetes,F,E,10.904
85610,CSM,Diabetes,F,F,5.53
85610,CSM,Diabetes,M,G,5.53
87077,WStF,Diabetes,F,G,11.3357
87086,WStF,Diabetes,F,G,11.328
87186,AS,Diabetes,F,G,12.124
93005,CSM,Diabetes,F,F,14.3325
94760,AS,Diabetes,F,G,4.928
94761,AS,Diabetes,F,D,4.51
94761,AS,Diabetes,M,G,4.51
96360,AS,Diabetes,F,E,50.58
96361,AS,Diabetes,F,D,16.07
96361,AS,Diabetes,M,E,16.07
96361,AS,Diabetes,M,G,16.07
96361,CSM,Diabetes,F,E,16.07
96361,WStF,Diabetes,F,G,16.07
96365,AS,Diabetes,F,E,61.86
96372,AS,Diabetes,F,E,3.295
96372,AS,Diabetes,F,G,3.295
96374,CSM,Diabetes,F,E,46.21
96374,CSM,Diabetes,F,G,46.21
96375,AS,Diabetes,F,E,21.52
96375,AS,Diabetes,F,G,21.52
96375,WStF,Diabetes,M,E,21.52
99281,AS,Diabetes,M,F,18.852
99281,CSM,Diabetes,M,E,18.852
99281,CSM,Diabetes,M,G,19.055
99282,CSM,Diabetes,M,F,27.028
99283,AS,Diabetes,M,E,36.04
99283,AS,Diabetes,M,G,36.04
99283,WStF,Diabetes,F,G,36.04
99284,AS,Diabetes,M,F,57.938
99284,CSM,Diabetes,M,E,57.938
J0400,CSM,Diabetes,F,F,0.31
J1610,CSM,Diabetes,M,G,76.865
J1650,CSM,Diabetes,F,G,6.335
J1815,AS,Diabetes,M,E,0.375
J1885,CSM,Diabetes,M,G,0.3
J2270,CSM,Diabetes,F,E,1.735
J2270,CSM,Diabetes,F,G,1.825
J2765,CSM,Diabetes,F,F,0.37
J3360,CSM,Diabetes,F,E,1.055
J7030,AS,Diabetes,F,G,0.785
36415,AS,Diabetes,M,G,3
70450,CSM,Diabetes,F,G,142.0211
71010,CSM,Diabetes,F,E,17.0746
71010,CSM,Diabetes,F,G,17.0746
72192,AS,Diabetes,M,G,169.7266
74020,AS,Diabetes,M,G,24.9453
80047,CSM,Diabetes,M,G,24.46
80048,AS,Diabetes,M,F,11.89
80048,CSM,Diabetes,F,E,11.89
80048,WStF,Diabetes,F,F,11.89
80053,AS,Diabetes,F,E,14.9333
80053,CSM,Diabetes,M,G,14.9333
80162,CSM,Diabetes,F,E,18.7433
80185,WStF,Diabetes,M,G,18.7133
81001,AS,Diabetes,F,G,4.4666
81001,CSM,Diabetes,F,G,4.4666
81002,AS,Diabetes,F,G,3.588
81002,WStF,Diabetes,M,E,3.588
82009,AS,Diabetes,F,D,6.3475
82009,AS,Diabetes,M,E,6.3475
82009,AS,Diabetes,M,G,6.3475
82010,WStF,Diabetes,M,G,11.4516
82330,AS,Diabetes,M,E,19.1875
82330,AS,Diabetes,M,G,19.1875
82550,WStF,Diabetes,F,G,9.2
82553,CSM,Diabetes,F,E,8.6866
82800,CSM,Diabetes,F,E,11.9275
82800,WStF,Diabetes,F,F,11.9275
82803,AS,Diabetes,M,F,27.25
82805,CSM,Diabetes,F,F,40.0566
82962,CSM,Diabetes,F,E,3.3
82962,CSM,Diabetes,F,G,3.3
83036,CSM,Diabetes,F,G,13.595
83690,AS,Diabetes,M,E,9.7
83690,AS,Diabetes,M,G,9.7
83690,CSM,Diabetes,M,G,9.7
83735,CSM,Diabetes,F,G,9.4325
84484,AS,Diabetes,F,G,13.8966
84484,CSM,Diabetes,F,G,13.8966
87086,AS,Diabetes,M,G,11.328
87205,CSM,Diabetes,F,F,5.988
92553,AS,Diabetes,F,G,24.1166
94760,AS,Diabetes,F,E,4.928
96360,AS,Diabetes,F,G,50.58
96365,AS,Diabetes,F,G,61.86
96365,WStF,Diabetes,M,E,61.86
96365,WStF,Diabetes,M,G,61.86
96366,AS,Diabetes,M,G,20.85
96366,CSM,Diabetes,F,F,20.85
96372,WStF,Diabetes,M,E,3.295
96372,WStF,Diabetes,M,G,3.295
96375,WStF,Diabetes,M,G,21.52
99282,CSM,Diabetes,F,G,27.028
99282,WStF,Diabetes,M,E,27.028
99283,CSM,Diabetes,F,F,36.04
99285,AS,Diabetes,F,E,84.692
99285,AS,Diabetes,F,G,84.692
99285,CSM,Diabetes,F,G,84.692
J0780,AS,Diabetes,M,E,2.08
J2765,CSM,Diabetes,M,G,0.37
36000,AS,Diabetes,M,F,21.2912
36416,CSM,Diabetes,M,G,3.03
71010,CSM,Diabetes,M,G,17.0746
71010,WStF,Diabetes,M,G,17.0746
71020,AS,Diabetes,F,E,21.902
72110,AS,Diabetes,F,G,34.452
80047,CSM,Diabetes,F,F,24.46
80048,AS,Diabetes,M,G,11.89
80053,CSM,Diabetes,F,F,14.9333
80076,CSM,Diabetes,F,E,11.4725
82010,CSM,Diabetes,F,G,11.4516
82010,WStF,Diabetes,F,F,11.4516
82550,WStF,Diabetes,M,G,9.2
82553,WStF,Diabetes,F,G,8.6866
82962,AS,Diabetes,F,E,3.3
83735,AS,Diabetes,F,G,9.4325
84295,AS,Diabetes,M,G,6.75
84295,CSM,Diabetes,F,G,6.75
87040,WStF,Diabetes,F,G,14.482
87070,CSM,Diabetes,F,F,12.08
87086,CSM,Diabetes,F,G,11.328
93005,CSM,Diabetes,F,E,14.3325
36000,AS,Diabetes,F,G,21.2912
36415,AS,Diabetes,F,G,3
51701,AS,Diabetes,F,G,51.9033
74150,AS,Diabetes,M,G,169.24
80047,CSM,Diabetes,F,E,24.46
80047,CSM,Diabetes,F,G,24.46
80053,AS,Diabetes,M,E,14.9333
80053,AS,Diabetes,M,G,14.9333
80053,CSM,Diabetes,F,E,14.9333
80053,CSM,Diabetes,F,G,14.9333
80053,WStF,Diabetes,F,G,14.9333
80162,AS,Diabetes,F,E,18.7433
81001,AS,Diabetes,F,D,4.4666
81001,AS,Diabetes,M,G,4.4666
93005,WStF,Diabetes,M,G,14.3325
93041,AS,Diabetes,F,D,5.3666
96360,CSM,Diabetes,F,E,50.58
96360,CSM,Diabetes,F,G,50.58
96360,WStF,Diabetes,M,G,50.58
96361,CSM,Diabetes,M,G,16.07
96365,AS,Diabetes,M,F,61.86
96365,CSM,Diabetes,F,G,61.86
96366,CSM,Diabetes,M,G,20.85
96372,AS,Diabetes,M,F,3.295
96372,CSM,Diabetes,F,G,3.295
96372,WStF,Diabetes,F,F,3.295
96374,AS,Diabetes,F,E,46.21
96374,CSM,Diabetes,F,F,46.21
96375,AS,Diabetes,M,F,21.52
96375,CSM,Diabetes,F,G,21.52
99281,AS,Diabetes,F,E,19.258
99282,AS,Diabetes,M,G,27.028
99283,AS,Diabetes,M,F,36.04
99284,AS,Diabetes,F,E,57.938
99285,AS,Diabetes,F,D,84.692
99285,AS,Diabetes,M,G,84.692
99285,WStF,Diabetes,F,G,84.692
J1610,WStF,Diabetes,F,G,76.865
J1815,AS,Diabetes,M,F,0.365
J1815,CSM,Diabetes,F,G,0.3725
11040,CSM,Diabetes,M,G,71.125
36415,CSM,Diabetes,M,G,3
70450,CSM,Diabetes,F,F,142.0211
71010,AS,Diabetes,M,G,17.0746
71010,WStF,Diabetes,F,G,17.0746
71020,AS,Diabetes,M,G,21.902
74022,AS,Diabetes,M,G,29.2941
80048,AS,Diabetes,F,G,11.89
80048,WStF,Diabetes,M,E,11.89
80053,AS,Diabetes,F,D,14.9333
80076,CSM,Diabetes,M,G,11.4725
80101,CSM,Diabetes,F,G,19.356
80162,WStF,Diabetes,F,G,18.7433
80196,CSM,Diabetes,F,E,10.0233
81025,WStF,Diabetes,F,G,8.8825
82055,AS,Diabetes,M,G,15.188
82553,WStF,Diabetes,M,G,8.6866
82800,WStF,Diabetes,M,E,11.9275
82803,AS,Diabetes,F,G,27.25
82947,WStF,Diabetes,M,G,5.5088
82962,AS,Diabetes,F,D,3.3
82962,AS,Diabetes,M,E,3.3
82962,AS,Diabetes,M,G,3.3
82962,WStF,Diabetes,F,G,3.3
83605,CSM,Diabetes,F,E,14.9871
83880,AS,Diabetes,F,G,47.825
83880,WStF,Diabetes,M,G,47.825
84100,AS,Diabetes,M,G,6.685
84100,WStF,Diabetes,F,G,6.685
84132,AS,Diabetes,F,E,6.444
84295,AS,Diabetes,F,E,6.75
84295,AS,Diabetes,F,G,6.75
84484,AS,Diabetes,M,F,13.8966
85025,AS,Diabetes,F,G,10.904
85025,WStF,Diabetes,M,E,10.904
85025,WStF,Diabetes,M,G,10.904
85610,CSM,Diabetes,F,G,5.53
87324,WStF,Diabetes,F,G,16.94
93005,CSM,Diabetes,M,G,14.3325
93005,WStF,Diabetes,F,G,14.3325
93041,AS,Diabetes,F,G,5.3666
96361,CSM,Diabetes,F,G,16.07
96374,AS,Diabetes,M,G,46.21
96374,WStF,Diabetes,F,G,46.21
99281,WStF,Diabetes,F,G,18.852
99283,AS,Diabetes,F,E,36.04
99284,AS,Diabetes,F,D,57.938
99284,AS,Diabetes,M,G,57.938
99284,WStF,Diabetes,F,G,57.938
99285,AS,Diabetes,M,F,84.692
J0360,CSM,Diabetes,F,G,4.865
J1815,AS,Diabetes,F,D,0.365
J1815,AS,Diabetes,M,G,0.3716
J1815,CSM,Diabetes,F,F,0.375
J2405,AS,Diabetes,F,G,0.19
Q2009,CSM,Diabetes,F,F,0.67
81002,WStF,Diabetes,M,D,3.588
82009,AS,Diabetes,F,E,6.3475
82010,WStF,Diabetes,F,G,11.4516
82150,WStF,Diabetes,M,G,9.13
82330,AS,Diabetes,M,F,19.1875
82553,AS,Diabetes,M,F,8.6866
82553,CSM,Diabetes,M,G,8.6866
82800,CSM,Diabetes,M,G,11.9275
82947,AS,Diabetes,M,E,5.5088
82962,CSM,Diabetes,F,F,3.3
82962,CSM,Diabetes,M,G,3.3
82962,WStF,Diabetes,M,D,3.3
83690,CSM,Diabetes,F,E,9.7
83690,CSM,Diabetes,F,G,9.7
83735,CSM,Diabetes,M,G,9.4325
83874,AS,Diabetes,F,G,18.2266
84100,CSM,Diabetes,M,G,6.685
84132,AS,Diabetes,F,G,6.444
84484,AS,Diabetes,M,G,13.8966
85014,AS,Diabetes,M,E,3.3255
87077,AS,Diabetes,F,G,11.3357
87086,AS,Diabetes,F,G,11.328
87186,WStF,Diabetes,F,G,12.124
94640,AS,Diabetes,F,G,14.1766
94760,AS,Diabetes,F,D,4.928
94760,AS,Diabetes,M,E,4.928
94760,AS,Diabetes,M,G,4.928
96361,AS,Diabetes,F,G,16.07
96361,WStF,Diabetes,M,E,16.07
96361,WStF,Diabetes,M,G,16.07
96366,AS,Diabetes,F,G,20.85
96367,AS,Diabetes,M,G,34.15
96372,AS,Diabetes,M,E,3.295
96374,WStF,Diabetes,M,G,46.21
96375,AS,Diabetes,M,E,21.52
99281,WStF,Diabetes,M,D,19.258
99282,CSM,Diabetes,F,F,27.028
99283,AS,Diabetes,F,G,36.04
99284,CSM,Diabetes,F,E,57.938
99284,CSM,Diabetes,F,G,57.938
99285,CSM,Diabetes,F,F,84.692
J1815,AS,Diabetes,F,E,0.365
J1815,AS,Diabetes,F,G,0.373
J7030,AS,Diabetes,M,E,0.785
J7030,AS,Diabetes,M,G,0.785
P9612,WStF,Diabetes,F,G,3
Q0179,AS,Diabetes,F,D,3.635
36415,CSM,Diabetes,F,F,3
36416,CSM,Diabetes,F,G,3.03
51702,WStF,Diabetes,F,G,62.8
70450,CSM,Diabetes,M,G,142.0211
73030,CSM,Diabetes,M,G,20.675
80048,CSM,Diabetes,M,G,11.89
80048,WStF,Diabetes,M,G,11.89
80101,WStF,Diabetes,M,E,19.356
81001,CSM,Diabetes,F,F,4.4666
81002,AS,Diabetes,F,E,3.588
81025,CSM,Diabetes,F,G,8.8825
82009,AS,Diabetes,M,F,6.3475
82010,CSM,Diabetes,M,G,11.4516
82270,WStF,Diabetes,F,G,3.988
82330,AS,Diabetes,F,E,19.1875
82553,AS,Diabetes,F,G,8.6866
82803,AS,Diabetes,F,E,27.25
82805,AS,Diabetes,F,D,40.0566
82947,AS,Diabetes,M,F,5.5088
82947,CSM,Diabetes,F,G,5.5088
83735,AS,Diabetes,M,G,9.4325
83735,WStF,Diabetes,F,G,9.4325
83880,CSM,Diabetes,F,F,47.825
84132,CSM,Diabetes,M,G,6.444
85014,AS,Diabetes,M,F,3.3255
85025,CSM,Diabetes,F,E,10.904
85025,CSM,Diabetes,F,G,10.904
85025,WStF,Diabetes,F,F,10.904
87040,AS,Diabetes,F,G,14.482
87045,WStF,Diabetes,F,G,13.25
87077,CSM,Diabetes,F,F,11.3357
87086,CSM,Diabetes,M,G,11.328
87088,WStF,Diabetes,F,G,11.3625
93005,AS,Diabetes,M,G,14.3325
96360,AS,Diabetes,F,D,50.58
96360,CSM,Diabetes,M,E,50.58
96365,CSM,Diabetes,M,G,61.86
96366,CSM,Diabetes,F,G,20.85
96372,CSM,Diabetes,M,E,3.295
96372,CSM,Diabetes,M,G,3.295
96375,CSM,Diabetes,M,G,21.52
99282,WStF,Diabetes,M,G,27.028
99283,CSM,Diabetes,M,G,36.04
99285,CSM,Diabetes,F,E,84.692
J1815,CSM,Diabetes,M,E,0.375
J1815,CSM,Diabetes,M,G,0.3707
J2060,CSM,Diabetes,M,G,0.75
J2405,CSM,Diabetes,F,E,0.22
J2405,CSM,Diabetes,F,G,0.21
J2765,AS,Diabetes,M,G,0.375
J7030,AS,Diabetes,M,F,0.785
81003,CSM,Diabetes,F,G,3.15
81025,AS,Diabetes,F,E,8.8825
82003,CSM,Diabetes,F,E,28.5666
82010,CSM,Diabetes,F,E,11.4516
82055,WStF,Diabetes,M,G,15.188
82553,AS,Diabetes,M,G,8.6866
82565,AS,Diabetes,F,G,7.1757
82800,WStF,Diabetes,F,G,11.9275
82803,AS,Diabetes,M,E,27.25
82803,AS,Diabetes,M,G,27.25
82947,AS,Diabetes,M,G,5.5088
82962,AS,Diabetes,F,G,3.3
82962,WStF,Diabetes,M,E,3.3
82962,WStF,Diabetes,M,G,3.3
83036,WStF,Diabetes,F,G,13.595
83874,AS,Diabetes,M,F,18.2266
83880,AS,Diabetes,M,G,47.825
84100,AS,Diabetes,F,G,6.685
84295,AS,Diabetes,M,E,6.75
84443,CSM,Diabetes,F,G,23.5357
85014,AS,Diabetes,M,G,3.3255
85025,AS,Diabetes,F,D,10.904
85025,AS,Diabetes,M,E,10.904
85025,AS,Diabetes,M,G,10.904
85025,CSM,Diabetes,F,F,10.904
85025,CSM,Diabetes,M,G,10.904
85025,WStF,Diabetes,F,G,10.904
87880,AS,Diabetes,M,F,16.866
93005,AS,Diabetes,F,E,14.3325
93005,AS,Diabetes,F,G,14.3325
93005,CSM,Diabetes,F,G,14.3325
93041,AS,Diabetes,M,G,5.3666
94760,AS,Diabetes,M,F,4.928
96360,AS,Diabetes,M,F,50.58
96361,CSM,Diabetes,M,E,16.07
96365,CSM,Diabetes,F,E,61.86
96367,AS,Diabetes,M,E,34.15
96367,CSM,Diabetes,F,G,34.15
96368,AS,Diabetes,M,G,19.92
96372,CSM,Diabetes,F,E,3.295
96374,AS,Diabetes,F,G,46.21
96374,CSM,Diabetes,M,G,46.21
96375,CSM,Diabetes,F,E,21.52
99281,WStF,Diabetes,M,G,19.258
99283,CSM,Diabetes,F,G,36.04
99284,AS,Diabetes,F,G,57.938
99284,CSM,Diabetes,M,G,57.938
99284,WStF,Diabetes,M,E,57.938
99284,WStF,Diabetes,M,G,57.938
J1885,AS,Diabetes,F,G,0.3
J2405,AS,Diabetes,M,G,0.19
J2405,CSM,Diabetes,F,F,0.22
J2405,CSM,Diabetes,M,G,0.2
J1815,CSM,Diabetes,F,E,0.375
J2270,CSM,Diabetes,F,F,1.825
J2270,CSM,Diabetes,M,G,1.78
J2765,AS,Diabetes,F,G,0.375