Asthma,AS,F,B,2,1
Asthma,AS,F,B,1,18
Asthma,AS,F,C,1,20
Asthma,AS,F,D,2,6
Asthma,AS,F,D,1,51
Asthma,AS,F,E,2,7
Asthma,AS,F,E,1,181
Asthma,AS,F,F,3,1
Asthma,AS,F,F,2,5
Asthma,AS,F,F,1,71
Asthma,AS,F,G,2,7
Asthma,AS,F,G,1,60
Asthma,AS,M,B,1,14
Asthma,AS,M,C,1,11
Asthma,AS,M,D,2,1
Asthma,AS,M,D,1,14
Asthma,AS,M,E,2,1
Asthma,AS,M,E,1,11
Asthma,AS,M,F,1,18
Asthma,AS,M,G,2,2
Asthma,AS,M,G,1,38
Asthma,CSM,F,B,1,5
Asthma,CSM,F,C,1,6
Asthma,CSM,F,D,2,1
Asthma,CSM,F,D,1,21
Asthma,CSM,F,E,3,1
Asthma,CSM,F,E,2,4
Asthma,CSM,F,E,1,101
Asthma,CSM,F,F,3,1
Asthma,CSM,F,F,2,6
Asthma,CSM,F,F,1,46
Asthma,CSM,F,G,3,2
Asthma,CSM,F,G,2,2
Asthma,CSM,F,G,1,40
Asthma,CSM,M,B,1,6
Asthma,CSM,M,C,1,7
Asthma,CSM,M,D,4,1
Asthma,CSM,M,D,1,7
Asthma,CSM,M,E,2,1
Asthma,CSM,M,E,1,15
Asthma,CSM,M,F,2,1
Asthma,CSM,M,F,1,11
Asthma,CSM,M,G,1,28
Asthma,WStF,F,B,1,20
Asthma,WStF,F,C,1,11
Asthma,WStF,F,D,2,1
Asthma,WStF,F,D,1,39
Asthma,WStF,F,E,2,11
Asthma,WStF,F,E,1,89
Asthma,WStF,F,F,2,5
Asthma,WStF,F,F,1,37
Asthma,WStF,F,G,2,1
Asthma,WStF,F,G,1,33
Asthma,WStF,M,B,1,24
Asthma,WStF,M,C,1,16
Asthma,WStF,M,D,1,7
Asthma,WStF,M,E,2,1
Asthma,WStF,M,E,1,20
Asthma,WStF,M,F,3,1
Asthma,WStF,M,F,1,15
Asthma,WStF,M,G,2,1
Asthma,WStF,M,G,1,18
COPD,AS,F,B,1,16
COPD,AS,F,C,1,8
COPD,AS,F,D,3,1
COPD,AS,F,D,2,4
COPD,AS,F,D,1,55
COPD,AS,F,E,3,2
COPD,AS,F,E,2,6
COPD,AS,F,E,1,229
COPD,AS,F,F,3,1
COPD,AS,F,F,2,7
COPD,AS,F,F,1,66
COPD,AS,F,G,4,1
COPD,AS,F,G,2,7
COPD,AS,F,G,1,64
COPD,AS,M,B,2,1
COPD,AS,M,B,1,18
COPD,AS,M,C,1,20
COPD,AS,M,D,1,19
COPD,AS,M,E,3,1
COPD,AS,M,E,2,1
COPD,AS,M,E,1,15
COPD,AS,M,F,2,4
COPD,AS,M,F,1,13
COPD,AS,M,G,2,6
COPD,AS,M,G,1,48
COPD,CSM,F,B,1,9
COPD,CSM,F,C,1,7
COPD,CSM,F,D,2,1
COPD,CSM,F,D,1,26
COPD,CSM,F,E,5,1
COPD,CSM,F,E,3,2
COPD,CSM,F,E,2,7
COPD,CSM,F,E,1,110
COPD,CSM,F,F,2,3
COPD,CSM,F,F,1,45
COPD,CSM,F,G,3,1
COPD,CSM,F,G,2,2
COPD,CSM,F,G,1,49
COPD,CSM,M,B,2,1
COPD,CSM,M,B,1,10
COPD,CSM,M,C,1,8
COPD,CSM,M,D,3,1
COPD,CSM,M,D,1,12
COPD,CSM,M,E,3,1
COPD,CSM,M,E,1,14
COPD,CSM,M,F,2,1
COPD,CSM,M,F,1,16
COPD,CSM,M,G,2,1
COPD,CSM,M,G,1,19
COPD,WStF,F,B,1,19
COPD,WStF,F,C,2,1
COPD,WStF,F,C,1,29
COPD,WStF,F,D,2,2
COPD,WStF,F,D,1,41
COPD,WStF,F,E,3,2
COPD,WStF,F,E,2,12
COPD,WStF,F,E,1,117
COPD,WStF,F,F,2,3
COPD,WStF,F,F,1,44
COPD,WStF,F,G,3,1
COPD,WStF,F,G,2,2
COPD,WStF,F,G,1,37
COPD,WStF,M,B,2,1
COPD,WStF,M,B,1,29
COPD,WStF,M,C,4,1
COPD,WStF,M,C,2,1
COPD,WStF,M,C,1,23
COPD,WStF,M,D,1,21
COPD,WStF,M,E,2,2
COPD,WStF,M,E,1,25
COPD,WStF,M,F,2,3
COPD,WStF,M,F,1,11
COPD,WStF,M,G,2,1
COPD,WStF,M,G,1,23
Diabetes,AS,F,B,1,8
Diabetes,AS,F,C,1,3
Diabetes,AS,F,D,1,5
Diabetes,AS,F,E,1,14
Diabetes,AS,F,F,1,7
Diabetes,AS,F,G,1,3
Diabetes,AS,M,B,1,7
Diabetes,AS,M,C,1,2
Diabetes,AS,M,D,1,1
Diabetes,AS,M,E,1,2
Diabetes,AS,M,G,1,5
Diabetes,CSM,F,B,1,2
Diabetes,CSM,F,E,1,4
Diabetes,CSM,F,G,1,1
Diabetes,CSM,M,B,1,1
Diabetes,WStF,F,B,1,1
Diabetes,WStF,F,C,1,1
Diabetes,WStF,F,D,1,2
Diabetes,WStF,F,E,1,5
Diabetes,WStF,F,F,1,3
Diabetes,WStF,F,G,1,1
Diabetes,WStF,M,B,1,4
Diabetes,WStF,M,C,1,1
Diabetes,WStF,M,G,1,2