12002,AS,Asthma,F,E,81.8575
Q9967,AS,Asthma,F,E,0.2
Q9967,CSM,Asthma,F,G,0.21
Q9967,AS,Asthma,F,F,0.205
Q0179,AS,Asthma,F,E,7.18
Q0163,AS,Asthma,F,B,0.02
Q0163,AS,Asthma,F,C,0.02
Q0163,AS,Asthma,F,E,0.02
Q0114,AS,Asthma,F,E,9.985
L4350,WStF,Asthma,F,E,66.57
L4350,AS,Asthma,F,G,66.57
J8540,CSM,Asthma,F,E,0.38
J7510,AS,Asthma,M,C,0.02
J7510,CSM,Asthma,M,C,0.02
J7506,CSM,Asthma,M,E,0.04
J7506,CSM,Asthma,F,E,0.05
J7506,AS,Asthma,M,G,0.03
J7506,AS,Asthma,M,F,0.03
J7060,CSM,Asthma,F,B,1.125
J7040,AS,Asthma,F,C,0.55
J7030,AS,Asthma,F,G,0.785
J7030,AS,Asthma,F,E,0.785
J7030,AS,Asthma,F,F,0.785
J3105,AS,Asthma,F,E,3.02
J3010,CSM,Asthma,F,E,0.34
J2930,CSM,Asthma,F,G,3.19
J2405,CSM,Asthma,F,G,0.2
J2405,AS,Asthma,F,E,0.205
J2405,CSM,Asthma,F,E,0.195
J2405,AS,Asthma,F,F,0.18
J2405,CSM,Asthma,M,G,0.215
J2405,CSM,Asthma,M,F,0.2
J2405,AS,Asthma,F,D,0.2
J2405,CSM,Asthma,F,F,0.19
J2270,AS,Asthma,F,E,1.78
J2270,CSM,Asthma,F,E,1.78
J2270,AS,Asthma,F,G,1.825
J2270,AS,Asthma,F,F,1.825
J2270,CSM,Asthma,M,G,1.845
J2250,CSM,Asthma,F,F,0.14
J2060,CSM,Asthma,M,G,0.745
J1885,CSM,Asthma,F,G,0.3
J1885,AS,Asthma,F,D,0.3
J1885,CSM,Asthma,F,F,0.28
J1885,CSM,Asthma,M,G,0.3
J1885,AS,Asthma,F,E,0.2933
J1885,AS,Asthma,F,G,0.295
J1815,CSM,Asthma,F,F,0.36
J1650,CSM,Asthma,F,G,6.23
J1200,CSM,Asthma,M,E,0.735
J1200,AS,Asthma,F,G,0.775
J1200,CSM,Asthma,F,E,0.735
J1170,AS,Asthma,M,G,1.485
J0780,CSM,Asthma,M,F,2.045
J0780,CSM,Asthma,F,G,2.045
J0744,CSM,Asthma,F,F,1.875
J0744,CSM,Asthma,M,F,1.815
J0696,AS,Asthma,M,C,1.3233
J0570,AS,Asthma,F,E,44.44
J0461,CSM,Asthma,F,G,0.04
99285,AS,Asthma,M,E,84.692
99285,WStF,Asthma,M,G,84.692
99285,AS,Asthma,M,F,84.692
99285,AS,Asthma,F,G,84.692
99285,CSM,Asthma,F,G,84.692
99285,CSM,Asthma,F,B,84.692
99284,CSM,Asthma,F,E,57.938
99284,WStF,Asthma,F,G,57.938
99284,CSM,Asthma,M,G,57.938
99284,AS,Asthma,F,B,57.938
99284,AS,Asthma,F,E,57.938
99283,WStF,Asthma,M,F,36.04
99283,CSM,Asthma,M,B,36.04
99283,WStF,Asthma,F,G,36.04
99283,AS,Asthma,F,C,36.04
99283,AS,Asthma,F,F,36.04
99283,WStF,Asthma,M,C,36.04
99283,WStF,Asthma,M,E,36.04
99283,CSM,Asthma,F,E,36.04
99283,WStF,Asthma,F,E,36.04
99283,WStF,Asthma,M,B,36.04
99282,AS,Asthma,M,E,27.028
99282,WStF,Asthma,F,E,27.028
99282,AS,Asthma,M,C,27.028
99282,CSM,Asthma,F,E,27.028
99282,AS,Asthma,F,B,27.028
99282,AS,Asthma,F,E,27.028
99282,AS,Asthma,F,G,27.028
99282,AS,Asthma,F,D,27.028
99281,CSM,Asthma,F,E,19.258
99281,AS,Asthma,F,E,19.258
99213,WStF,Asthma,M,E,33.042
99212,WStF,Asthma,F,B,21.3877
99212,WStF,Asthma,F,C,21.3877
99212,WStF,Asthma,M,E,21.3877
99212,WStF,Asthma,F,E,21.3877
99211,WStF,Asthma,F,B,11.349
99211,WStF,Asthma,F,C,11.349
96375,AS,Asthma,F,F,21.52
96375,WStF,Asthma,M,F,21.52
96375,AS,Asthma,F,E,21.52
96375,CSM,Asthma,F,E,21.52
96375,WStF,Asthma,M,E,21.52
96375,WStF,Asthma,F,D,21.52
96375,WStF,Asthma,F,F,21.52
96375,WStF,Asthma,M,G,21.52
96375,CSM,Asthma,F,F,21.52
96375,WStF,Asthma,F,E,21.52
96374,CSM,Asthma,F,E,46.21
96374,CSM,Asthma,F,G,46.21
96374,WStF,Asthma,F,E,46.21
96374,AS,Asthma,M,E,46.21
96374,WStF,Asthma,F,G,46.21
96374,AS,Asthma,F,F,46.21
96374,CSM,Asthma,F,D,46.21
96374,AS,Asthma,F,E,46.21
96374,AS,Asthma,M,C,46.21
96374,WStF,Asthma,M,G,46.21
96374,AS,Asthma,F,G,46.21
96374,WStF,Asthma,M,E,46.21
96372,AS,Asthma,F,D,3.295
96372,AS,Asthma,M,G,3.295
96372,AS,Asthma,F,F,3.295
96372,CSM,Asthma,M,F,3.295
96372,WStF,Asthma,F,F,3.295
96367,WStF,Asthma,M,G,34.15
96366,WStF,Asthma,M,F,20.85
96365,AS,Asthma,M,F,61.86
96365,CSM,Asthma,F,E,61.86
96361,WStF,Asthma,F,F,16.07
96361,WStF,Asthma,F,E,16.07
96361,AS,Asthma,F,D,16.07
96361,AS,Asthma,F,F,16.07
96361,CSM,Asthma,F,D,16.07
96361,WStF,Asthma,F,D,16.07
96361,WStF,Asthma,M,G,16.07
96361,AS,Asthma,F,E,16.07
96361,AS,Asthma,F,G,16.07
96360,CSM,Asthma,F,F,50.58
96360,AS,Asthma,F,E,50.58
96360,AS,Asthma,M,F,50.58
96360,CSM,Asthma,F,E,50.58
96360,WStF,Asthma,F,E,50.58
94799,AS,Asthma,F,F,8.4
94799,AS,Asthma,F,C,8.4
94799,AS,Asthma,F,D,8.4
94761,AS,Asthma,F,G,4.51
94761,AS,Asthma,F,B,4.51
94761,AS,Asthma,M,F,4.51
94761,AS,Asthma,F,F,4.51
94761,AS,Asthma,F,E,4.51
94761,AS,Asthma,M,C,4.51
94760,AS,Asthma,M,B,4.928
94760,AS,Asthma,F,F,4.928
94760,AS,Asthma,F,E,4.928
94760,AS,Asthma,F,G,4.928
94760,AS,Asthma,F,B,4.928
94760,AS,Asthma,F,C,4.928
94760,AS,Asthma,M,G,4.928
94760,AS,Asthma,M,C,4.928
94760,AS,Asthma,M,D,4.928
94660,AS,Asthma,F,G,56.83
94644,AS,Asthma,F,E,29.2233
94640,AS,Asthma,F,E,12.9233
94640,AS,Asthma,M,B,11.67
94640,CSM,Asthma,M,G,11.67
94640,AS,Asthma,F,B,11.67
94640,CSM,Asthma,F,E,14.1766
94640,CSM,Asthma,F,G,14.1766
94640,WStF,Asthma,F,E,14.1766
94640,CSM,Asthma,M,D,14.1766
94640,WStF,Asthma,F,B,14.1766
94640,WStF,Asthma,M,C,11.67
94640,AS,Asthma,F,G,14.1766
94640,AS,Asthma,F,C,11.67
94640,AS,Asthma,F,F,11.67
94150,WStF,Asthma,M,G,12.1233
93976,WStF,Asthma,F,E,117.6344
93971,AS,Asthma,M,F,70.1983
93555,WStF,Asthma,M,F,151.8722
93041,AS,Asthma,M,D,5.3666
93041,AS,Asthma,F,E,5.3666
93041,AS,Asthma,M,G,5.3666
93017,CSM,Asthma,M,G,59.3966
93005,AS,Asthma,F,D,14.3325
93005,AS,Asthma,F,F,14.3325
93005,AS,Asthma,M,G,14.3325
93005,CSM,Asthma,F,D,14.3325
93005,CSM,Asthma,M,E,14.3325
93005,CSM,Asthma,M,G,14.3325
93005,WStF,Asthma,F,E,14.3325
93005,WStF,Asthma,F,G,14.3325
93005,CSM,Asthma,F,F,14.3325
93005,WStF,Asthma,M,F,14.3325
93005,AS,Asthma,F,G,14.3325
93005,CSM,Asthma,F,G,14.3325
90718,CSM,Asthma,M,E,3.31
90715,AS,Asthma,M,F,19.895
90471,WStF,Asthma,F,F,19.25
87880,CSM,Asthma,F,D,16.866
87880,WStF,Asthma,F,B,16.866
87880,WStF,Asthma,M,C,16.866
87880,CSM,Asthma,F,E,16.866
87880,WStF,Asthma,F,C,16.866
87880,WStF,Asthma,F,D,16.866
87880,AS,Asthma,F,E,16.866
87880,AS,Asthma,F,G,16.866
87880,WStF,Asthma,M,E,16.866
87880,AS,Asthma,F,C,16.866
87880,AS,Asthma,F,B,16.866
87880,AS,Asthma,M,C,16.866
87804,AS,Asthma,F,F,16.872
87801,AS,Asthma,F,D,65.8933
87798,CSM,Asthma,F,F,49.2875
87591,AS,Asthma,F,E,49.2875
87591,CSM,Asthma,F,E,49.2875
87591,WStF,Asthma,F,C,49.2875
87591,WStF,Asthma,F,F,49.2875
87591,WStF,Asthma,F,E,49.2875
87491,WStF,Asthma,F,E,49.2875
87491,WStF,Asthma,F,D,49.2875
87491,AS,Asthma,F,E,49.2875
87491,AS,Asthma,F,D,49.2875
87491,CSM,Asthma,F,E,49.2875
87491,AS,Asthma,F,F,49.2875
87340,AS,Asthma,F,E,14.5
87324,WStF,Asthma,M,B,16.94
87300,WStF,Asthma,M,B,11.2633
87210,AS,Asthma,F,E,5.9775
87210,CSM,Asthma,F,E,5.9775
87210,WStF,Asthma,F,E,5.9775
87186,CSM,Asthma,F,F,12.124
87186,AS,Asthma,F,E,12.124
87186,WStF,Asthma,F,F,12.124
87186,WStF,Asthma,F,E,12.124
87186,CSM,Asthma,F,E,12.124
87088,AS,Asthma,F,E,11.3625
87088,WStF,Asthma,F,E,11.3625
87086,CSM,Asthma,M,B,11.328
87086,WStF,Asthma,F,E,11.328
87086,AS,Asthma,F,E,11.328
87086,CSM,Asthma,F,E,11.328
87081,CSM,Asthma,F,E,9.29
87081,AS,Asthma,F,E,9.29
87077,WStF,Asthma,F,B,11.3357
87077,WStF,Asthma,M,B,11.3357
87075,CSM,Asthma,M,E,13.276
87070,WStF,Asthma,F,E,12.08
87070,WStF,Asthma,F,G,12.08
87040,AS,Asthma,M,C,14.482
86901,WStF,Asthma,F,E,4.852
86901,AS,Asthma,F,E,4.852
86901,CSM,Asthma,F,E,4.852
86901,AS,Asthma,F,F,4.852
86900,CSM,Asthma,F,E,3.848
86900,AS,Asthma,F,E,3.848
85730,WStF,Asthma,F,E,8.45
85730,WStF,Asthma,F,G,8.45
85730,WStF,Asthma,M,F,8.45
85610,WStF,Asthma,F,F,5.53
85610,WStF,Asthma,M,G,5.53
85379,WStF,Asthma,F,E,11.44
85379,CSM,Asthma,F,F,11.44
85379,AS,Asthma,F,G,11.44
85379,AS,Asthma,F,E,11.44
85379,CSM,Asthma,F,E,11.44
85379,CSM,Asthma,F,G,11.44
85379,WStF,Asthma,F,F,11.44
85046,CSM,Asthma,M,E,7.865
85025,WStF,Asthma,M,B,10.904
85025,AS,Asthma,M,D,10.904
85025,CSM,Asthma,F,G,10.904
85025,WStF,Asthma,F,F,10.904
85025,WStF,Asthma,F,D,10.904
85025,WStF,Asthma,M,E,10.904
85025,WStF,Asthma,M,G,10.904
85025,AS,Asthma,F,E,10.904
85025,AS,Asthma,F,G,10.904
85025,CSM,Asthma,F,E,10.904
85025,AS,Asthma,F,F,10.904
85025,CSM,Asthma,M,E,10.904
85025,WStF,Asthma,M,C,10.904
85025,AS,Asthma,M,E,10.904
85025,CSM,Asthma,F,B,10.904
85025,WStF,Asthma,F,E,10.904
85025,AS,Asthma,M,G,10.904
85025,CSM,Asthma,F,D,10.904
85025,WStF,Asthma,F,G,10.904
85014,AS,Asthma,F,E,3.3255
85014,AS,Asthma,F,G,3.3255
85014,AS,Asthma,F,D,3.3255
85014,AS,Asthma,M,G,3.3255
84702,WStF,Asthma,F,E,21.1375
84702,AS,Asthma,F,E,21.1375
84702,CSM,Asthma,F,E,21.1375
84702,CSM,Asthma,F,G,21.1375
84702,WStF,Asthma,F,D,21.1375
84550,CSM,Asthma,M,G,6.3625
84550,AS,Asthma,M,G,6.3625
84484,CSM,Asthma,F,E,13.8966
84484,CSM,Asthma,F,G,13.8966
84484,AS,Asthma,F,E,13.8966
84484,CSM,Asthma,F,F,13.8966
84484,AS,Asthma,F,F,13.8966
84484,AS,Asthma,M,G,13.8966
84295,AS,Asthma,F,G,6.75
84295,AS,Asthma,F,D,6.75
84295,AS,Asthma,M,E,6.75
84157,WStF,Asthma,F,B,5.1733
84132,AS,Asthma,F,D,6.444
84132,AS,Asthma,F,F,6.444
84132,WStF,Asthma,F,E,6.444
83880,AS,Asthma,M,F,47.825
83880,AS,Asthma,F,G,47.825
83880,WStF,Asthma,M,F,47.825
83880,AS,Asthma,M,G,47.825
83874,AS,Asthma,F,E,18.2266
83874,CSM,Asthma,F,F,18.2266
83874,AS,Asthma,F,F,18.2266
83874,AS,Asthma,M,E,18.2266
83874,AS,Asthma,M,G,18.2266
83874,CSM,Asthma,F,G,18.2266
83874,AS,Asthma,F,G,18.2266
83874,CSM,Asthma,M,G,18.2266
83874,CSM,Asthma,F,E,18.2266
83690,WStF,Asthma,F,D,9.7
83690,WStF,Asthma,M,G,9.7
83690,CSM,Asthma,M,F,9.7
83690,WStF,Asthma,F,E,9.7
83690,AS,Asthma,F,F,9.7
83690,WStF,Asthma,F,G,9.7
83690,AS,Asthma,F,E,9.7
83615,AS,Asthma,F,E,8.505
83605,AS,Asthma,M,G,14.9871
82962,WStF,Asthma,M,F,3.3
82962,WStF,Asthma,F,E,3.3
82962,WStF,Asthma,M,B,3.3
82962,WStF,Asthma,F,G,3.3
82962,CSM,Asthma,F,E,3.3
82962,CSM,Asthma,F,G,3.3
82962,CSM,Asthma,M,G,3.3
82962,WStF,Asthma,M,D,3.3
82962,AS,Asthma,F,G,3.3
82962,WStF,Asthma,M,G,3.3
82947,AS,Asthma,M,F,5.5088
82947,AS,Asthma,F,G,5.5088
82947,AS,Asthma,M,G,5.5088
82803,AS,Asthma,F,F,27.25
82800,CSM,Asthma,F,F,11.9275
82731,AS,Asthma,F,E,90.9266
82570,AS,Asthma,F,E,7.2462
82553,CSM,Asthma,M,E,8.6866
82553,AS,Asthma,F,G,8.6866
82553,CSM,Asthma,F,F,8.6866
82553,AS,Asthma,F,E,8.6866
82553,CSM,Asthma,F,E,8.6866
82553,CSM,Asthma,F,G,8.6866
82553,AS,Asthma,M,G,8.6866
82553,WStF,Asthma,F,G,8.6866
82553,AS,Asthma,M,F,8.6866
82553,AS,Asthma,F,F,8.6866
82550,WStF,Asthma,M,G,9.2
82550,WStF,Asthma,M,F,9.2
82550,CSM,Asthma,F,F,9.2
82533,WStF,Asthma,M,E,22.96
82330,AS,Asthma,F,G,19.1875
82330,AS,Asthma,F,E,19.1875
82330,AS,Asthma,F,F,19.1875
82330,AS,Asthma,F,D,19.1875
82330,AS,Asthma,M,E,19.1875
82272,WStF,Asthma,F,B,4.3675
82271,WStF,Asthma,M,G,4.3675
82150,CSM,Asthma,M,E,9.13
82150,AS,Asthma,F,E,9.13
82055,AS,Asthma,F,D,15.188
82010,CSM,Asthma,F,G,11.4516
82010,WStF,Asthma,F,G,11.4516
82003,AS,Asthma,F,F,28.5666
82003,AS,Asthma,F,E,28.5666
81050,AS,Asthma,F,E,4.23
81025,CSM,Asthma,F,E,8.8825
81025,AS,Asthma,F,D,8.8825
81025,AS,Asthma,F,F,8.8825
81025,WStF,Asthma,F,E,8.8825
81025,AS,Asthma,F,E,8.8825
81025,CSM,Asthma,F,D,8.8825
81025,WStF,Asthma,F,F,8.8825
81025,CSM,Asthma,F,F,8.8825
81003,CSM,Asthma,M,F,3.15
81003,WStF,Asthma,F,D,3.15
81003,CSM,Asthma,F,F,3.15
81003,WStF,Asthma,M,D,3.15
81003,CSM,Asthma,F,E,3.15
81002,AS,Asthma,M,G,3.588
81002,WStF,Asthma,F,E,3.588
81002,WStF,Asthma,F,G,3.588
81002,AS,Asthma,F,E,3.588
81002,WStF,Asthma,F,B,3.588
81002,WStF,Asthma,F,C,3.588
81002,WStF,Asthma,F,D,3.588
81002,WStF,Asthma,F,F,3.588
81002,WStF,Asthma,M,G,3.588
81002,AS,Asthma,F,G,3.588
81002,WStF,Asthma,M,E,3.588
81002,AS,Asthma,F,C,3.588
81002,AS,Asthma,F,D,3.588
81002,AS,Asthma,F,F,3.588
81001,CSM,Asthma,F,D,4.4666
81001,CSM,Asthma,M,G,4.4666
81001,WStF,Asthma,F,E,4.4666
81001,CSM,Asthma,F,F,4.4666
81001,WStF,Asthma,F,B,4.4666
81001,CSM,Asthma,M,B,4.4666
81001,CSM,Asthma,F,E,4.4666
81001,WStF,Asthma,F,D,4.4666
81001,WStF,Asthma,M,G,4.4666
81001,AS,Asthma,F,E,4.4666
81001,AS,Asthma,F,G,4.4666
81001,CSM,Asthma,M,D,4.4666
81001,AS,Asthma,F,F,4.4666
81001,WStF,Asthma,F,F,4.4666
80196,CSM,Asthma,F,F,10.0233
80101,AS,Asthma,F,E,19.356
80101,CSM,Asthma,F,D,19.356
80101,CSM,Asthma,F,F,19.356
80101,CSM,Asthma,M,G,19.356
80101,AS,Asthma,F,F,19.356
80101,CSM,Asthma,F,E,19.356
80101,CSM,Asthma,F,G,19.356
80101,WStF,Asthma,F,E,19.356
80100,AS,Asthma,F,F,20.5333
80076,WStF,Asthma,F,D,11.4725
80076,CSM,Asthma,F,E,11.4725
80076,WStF,Asthma,F,E,11.4725
80053,WStF,Asthma,F,E,14.9333
80053,WStF,Asthma,M,B,14.9333
80053,AS,Asthma,F,F,14.9333
80053,AS,Asthma,F,G,14.9333
80053,CSM,Asthma,M,E,14.9333
80053,WStF,Asthma,M,E,14.9333
80053,WStF,Asthma,M,G,14.9333
80053,AS,Asthma,F,E,14.9333
80053,CSM,Asthma,F,D,14.9333
80053,CSM,Asthma,F,F,14.9333
80053,CSM,Asthma,M,G,14.9333
80053,AS,Asthma,M,E,14.9333
80053,AS,Asthma,M,G,14.9333
80053,CSM,Asthma,F,E,14.9333
80053,CSM,Asthma,F,G,14.9333
80053,WStF,Asthma,F,G,14.9333
80053,AS,Asthma,M,D,14.9333
80053,WStF,Asthma,F,D,14.9333
80048,WStF,Asthma,F,D,11.89
80048,AS,Asthma,F,G,11.89
80048,WStF,Asthma,M,E,11.89
80048,WStF,Asthma,M,B,11.89
80048,WStF,Asthma,F,F,11.89
80048,AS,Asthma,F,D,11.89
80048,CSM,Asthma,F,G,11.89
80048,WStF,Asthma,F,E,11.89
80047,CSM,Asthma,M,F,24.46
80047,CSM,Asthma,F,F,24.46
80047,CSM,Asthma,F,E,24.46
80047,CSM,Asthma,F,G,24.46
76870,WStF,Asthma,M,E,62.8522
76856,WStF,Asthma,F,E,66.3721
76856,CSM,Asthma,F,E,66.3721
76830,CSM,Asthma,F,F,64.5655
76830,WStF,Asthma,F,F,64.5655
76830,WStF,Asthma,F,D,64.5655
76830,WStF,Asthma,F,E,64.5655
76830,CSM,Asthma,F,G,64.5655
76817,AS,Asthma,F,E,58.1616
76817,WStF,Asthma,F,E,58.1616
76817,AS,Asthma,F,F,58.1616
76815,AS,Asthma,F,E,58.2
76815,AS,Asthma,F,D,58.2
76801,WStF,Asthma,F,D,79.5733
76801,WStF,Asthma,F,E,79.5733
76801,AS,Asthma,F,F,79.5733
76801,AS,Asthma,F,E,79.5733
76705,AS,Asthma,F,E,58.4628
74160,AS,Asthma,F,E,208.1888
74160,AS,Asthma,F,G,208.1888
74150,AS,Asthma,F,F,169.24
74150,WStF,Asthma,F,E,169.24
74022,CSM,Asthma,M,G,29.2941
74022,AS,Asthma,F,F,29.2941
74022,CSM,Asthma,F,G,29.2941
74020,WStF,Asthma,F,F,24.9453
74020,WStF,Asthma,F,E,24.9453
73630,WStF,Asthma,M,G,18.9055
73630,WStF,Asthma,F,F,18.9055
73630,CSM,Asthma,M,C,18.9055
73610,CSM,Asthma,F,F,18.9055
73610,CSM,Asthma,M,D,18.9055
73592,WStF,Asthma,M,B,17.3444
73590,AS,Asthma,F,E,18.0522
73564,CSM,Asthma,F,G,23.279
73564,WStF,Asthma,F,G,23.279
73564,CSM,Asthma,M,D,23.279
73130,CSM,Asthma,M,E,18.9055
73130,WStF,Asthma,F,E,18.9055
73130,WStF,Asthma,F,C,18.9055
73110,AS,Asthma,F,C,19.2966
73110,WStF,Asthma,M,C,19.2966
73110,WStF,Asthma,M,F,19.2966
73090,CSM,Asthma,M,B,17.8144
73060,CSM,Asthma,M,G,19.516
73030,AS,Asthma,M,F,20.675
72194,WStF,Asthma,M,F,241.6811
72193,WStF,Asthma,F,D,204.1933
72193,AS,Asthma,F,G,204.1933
72192,WStF,Asthma,F,F,169.7266
72192,AS,Asthma,F,E,169.7266
72100,AS,Asthma,M,G,24.334
72070,WStF,Asthma,M,G,23.424
71020,WStF,Asthma,F,E,21.902
71020,WStF,Asthma,M,B,21.902
71020,AS,Asthma,F,D,21.902
71020,WStF,Asthma,F,G,21.902
71020,CSM,Asthma,F,E,21.902
71020,WStF,Asthma,M,C,21.902
71020,AS,Asthma,M,B,21.902
71020,WStF,Asthma,F,B,21.902
71020,CSM,Asthma,M,E,21.902
71020,WStF,Asthma,F,D,21.902
71020,AS,Asthma,F,G,21.902
71020,CSM,Asthma,F,F,21.902
71020,CSM,Asthma,M,G,21.902
71020,WStF,Asthma,M,G,21.902
71010,WStF,Asthma,M,E,17.0746
70450,CSM,Asthma,M,E,142.0211
70450,CSM,Asthma,M,G,142.0211
70450,WStF,Asthma,F,D,142.0211
70450,AS,Asthma,F,F,142.0211
70450,CSM,Asthma,F,E,142.0211
70450,AS,Asthma,M,G,142.0211
70450,CSM,Asthma,M,F,142.0211
70150,CSM,Asthma,F,F,27.7711
64400,WStF,Asthma,F,E,130.84
51702,AS,Asthma,F,F,62.8
36600,AS,Asthma,F,F,18.485
36569,CSM,Asthma,F,F,239.7233
36416,CSM,Asthma,F,E,3.03
36415,WStF,Asthma,F,D,3
36415,WStF,Asthma,F,F,3
36415,WStF,Asthma,M,G,3
36415,AS,Asthma,M,F,3
36415,CSM,Asthma,F,F,3
36415,AS,Asthma,M,E,3
36415,AS,Asthma,M,G,3
36415,WStF,Asthma,F,E,3
36415,WStF,Asthma,F,G,3
36415,AS,Asthma,F,F,3
36415,AS,Asthma,F,G,3
36415,CSM,Asthma,F,E,3
36415,CSM,Asthma,F,G,3
36415,AS,Asthma,F,E,3
36000,AS,Asthma,F,E,23.41
36000,AS,Asthma,F,F,14.935
36000,AS,Asthma,F,G,17.76
29125,WStF,Asthma,F,G,47.85
12002,CSM,Asthma,F,C,81.8575
Q0163,AS,COPD,F,E,0.02
Q0163,AS,COPD,F,B,0.02
L4350,AS,COPD,F,E,66.57
J7030,AS,COPD,F,F,0.79
J3475,AS,COPD,F,E,0.05
J3411,AS,COPD,F,E,2.715
J2765,AS,COPD,F,F,0.38
J2405,CSM,COPD,F,E,0.215
J2405,AS,COPD,F,F,0.22
J2405,CSM,COPD,M,G,0.215
J2270,CSM,COPD,F,G,1.735
J2270,AS,COPD,F,F,1.78
J2270,CSM,COPD,F,E,1.7575
J1885,AS,COPD,F,F,0.295
J1885,CSM,COPD,F,E,0.3
J1200,AS,COPD,F,E,0.755
J1100,AS,COPD,F,D,0.085
J0780,AS,COPD,F,G,1.84
J0696,AS,COPD,M,E,1.3233
A9502,WStF,COPD,F,G,136.8
99285,AS,COPD,F,E,84.692
99285,AS,COPD,F,F,84.692
99283,CSM,COPD,F,G,36.04
99282,WStF,COPD,F,B,27.028
99282,WStF,COPD,F,E,27.028
99282,WStF,COPD,F,F,27.028
99213,WStF,COPD,F,E,33.042
99213,WStF,COPD,M,D,33.042
99212,WStF,COPD,M,C,21.3877
99211,WStF,COPD,M,C,11.349
96375,AS,COPD,M,F,21.52
96374,AS,COPD,F,E,46.21
96374,WStF,COPD,F,F,46.21
96374,AS,COPD,F,D,46.21
96372,WStF,COPD,F,G,3.295
96372,WStF,COPD,F,F,3.295
96361,AS,COPD,F,E,16.07
96361,WStF,COPD,F,C,16.07
96361,WStF,COPD,F,E,16.07
96360,AS,COPD,F,E,50.58
96360,CSM,COPD,M,E,50.58
94761,AS,COPD,M,E,4.51
94761,AS,COPD,F,G,4.51
94761,AS,COPD,M,G,4.51
94760,AS,COPD,M,E,4.928
94760,AS,COPD,F,E,4.928
94760,AS,COPD,F,G,4.928
94664,CSM,COPD,F,C,15.2666
94640,AS,COPD,F,C,14.1766
94640,WStF,COPD,M,F,11.67
94640,CSM,COPD,M,B,12.9233
94640,WStF,COPD,M,B,11.67
94640,AS,COPD,M,D,14.1766
93976,WStF,COPD,F,E,117.6344
93976,WStF,COPD,F,F,118.2533
93971,AS,COPD,F,G,70.1983
93041,AS,COPD,F,E,5.3666
93041,AS,COPD,F,G,5.3666
93041,AS,COPD,F,F,5.3666
93005,AS,COPD,F,F,14.3325
93005,CSM,COPD,F,G,14.3325
90718,CSM,COPD,F,E,3.31
87880,AS,COPD,F,E,16.866
87880,AS,COPD,M,G,16.866
87880,WStF,COPD,M,B,16.866
87807,CSM,COPD,M,B,16.9
87804,CSM,COPD,F,E,16.872
87591,CSM,COPD,F,E,49.2875
87591,AS,COPD,F,E,49.2875
87491,WStF,COPD,F,D,49.2875
87491,AS,COPD,F,F,49.2875
87210,AS,COPD,F,G,5.9775
87210,WStF,COPD,F,E,5.9775
87205,AS,COPD,M,F,5.988
87086,WStF,COPD,F,E,11.328
87077,CSM,COPD,F,E,11.3357
86901,WStF,COPD,F,E,4.852
85651,CSM,COPD,F,E,4.394
85610,AS,COPD,F,E,5.53
85025,AS,COPD,M,F,10.904
85025,WStF,COPD,F,E,10.904
85025,WStF,COPD,F,G,10.904
85014,AS,COPD,F,G,3.3255
84702,AS,COPD,F,E,21.1375
84484,CSM,COPD,F,G,13.8966
84484,WStF,COPD,M,G,13.8966
84484,AS,COPD,M,F,13.8966
84484,WStF,COPD,F,F,13.8966
84484,CSM,COPD,M,E,13.8966
84484,AS,COPD,M,G,13.8966
84484,AS,COPD,F,F,13.8966
84295,AS,COPD,M,G,6.75
84295,AS,COPD,M,F,6.75
84157,AS,COPD,M,G,5.1733
84132,AS,COPD,M,G,6.444
83874,AS,COPD,F,G,18.2266
83690,WStF,COPD,F,G,9.7
83690,WStF,COPD,F,F,9.7
83615,AS,COPD,F,E,8.505
82962,AS,COPD,F,B,3.3
82947,AS,COPD,F,G,5.5088
82803,AS,COPD,F,E,27.25
82800,WStF,COPD,M,G,11.9275
82570,AS,COPD,F,E,7.2462
82553,AS,COPD,M,G,8.6866
82553,AS,COPD,F,G,8.6866
82330,AS,COPD,M,F,19.1875
82330,AS,COPD,F,C,19.1875
82330,AS,COPD,F,F,19.1875
82055,CSM,COPD,M,E,15.188
82055,AS,COPD,M,G,15.188
81025,AS,COPD,F,E,8.8825
81025,WStF,COPD,F,F,8.8825
81025,AS,COPD,F,D,8.8825
81003,CSM,COPD,F,F,3.15
81003,CSM,COPD,M,G,3.15
81003,CSM,COPD,F,E,3.15
81003,WStF,COPD,F,C,3.15
81002,AS,COPD,F,E,3.588
81002,AS,COPD,F,G,3.588
81002,AS,COPD,F,F,3.588
81002,WStF,COPD,F,E,3.588
81002,WStF,COPD,F,C,3.588
81002,WStF,COPD,F,F,3.588
81001,WStF,COPD,F,E,4.4666
81001,WStF,COPD,F,D,4.4666
80053,WStF,COPD,F,E,14.9333
80053,AS,COPD,M,G,14.9333
80053,AS,COPD,F,E,14.9333
80053,CSM,COPD,F,F,14.9333
80053,WStF,COPD,M,E,14.9333
80048,AS,COPD,F,E,11.89
80048,AS,COPD,F,G,11.89
76856,WStF,COPD,F,E,66.3721
76830,AS,COPD,F,D,64.5655
76815,AS,COPD,F,D,58.2
76801,AS,COPD,F,E,79.5733
76700,WStF,COPD,F,F,78.5915
76700,WStF,COPD,F,E,78.5915
74022,CSM,COPD,M,G,29.2941
73630,WStF,COPD,M,F,18.9055
73610,CSM,COPD,M,D,18.9055
73590,WStF,COPD,F,D,18.0522
73130,WStF,COPD,M,E,18.9055
73130,AS,COPD,M,G,18.9055
73110,WStF,COPD,M,D,19.2966
73092,WStF,COPD,F,B,17.3444
73080,AS,COPD,F,F,20.737
72110,AS,COPD,M,E,34.452
71020,WStF,COPD,M,C,21.902
71020,WStF,COPD,M,B,21.902
71020,AS,COPD,M,C,21.902
71020,AS,COPD,M,B,21.902
71020,CSM,COPD,F,F,21.902
71010,WStF,COPD,F,E,17.0746
70450,AS,COPD,F,E,142.0211
70110,WStF,COPD,F,F,24.0333
59025,AS,COPD,F,E,30.9037
36415,WStF,COPD,F,F,3
36415,AS,COPD,F,G,3
36415,CSM,COPD,F,E,3
36415,AS,COPD,F,E,3
36415,CSM,COPD,F,G,3
29530,WStF,COPD,M,E,29.88
Q9967,AS,Diabetes,F,E,0.2
Q9967,CSM,Diabetes,F,G,0.2
Q9967,CSM,Diabetes,F,F,0.18
Q9967,CSM,Diabetes,M,G,0.2
Q9967,AS,Diabetes,M,G,0.2
Q0179,AS,Diabetes,F,E,3.635
Q0179,AS,Diabetes,F,D,4.04
Q0179,AS,Diabetes,F,F,5.16
Q0165,AS,Diabetes,M,E,0.045
Q0163,AS,Diabetes,M,D,0.02
Q0163,AS,Diabetes,F,B,0.02
Q0163,AS,Diabetes,F,E,0.02
Q0163,AS,Diabetes,M,B,0.02
Q0163,AS,Diabetes,F,F,0.02
Q0114,AS,Diabetes,F,E,9.985
Q0111,CSM,Diabetes,F,E,5.96
P9612,CSM,Diabetes,F,D,3
P9612,CSM,Diabetes,F,F,3
L4350,AS,Diabetes,F,D,66.57
L1830,AS,Diabetes,F,G,52.73
J7613,AS,Diabetes,M,F,0.05
J7510,CSM,Diabetes,M,C,0.02
J7506,AS,Diabetes,F,E,0.04
J7506,CSM,Diabetes,F,E,0.0333
J7506,CSM,Diabetes,F,G,0.05
J7506,AS,Diabetes,F,D,0.05
J7506,AS,Diabetes,M,E,0.03
J7506,AS,Diabetes,F,G,0.05
J7120,AS,Diabetes,F,E,0.95
J7050,AS,Diabetes,F,E,0.28
J7050,CSM,Diabetes,M,E,0.275
J7050,AS,Diabetes,F,B,0.275
J7030,AS,Diabetes,F,E,0.787
J7030,AS,Diabetes,M,G,0.7912
J3480,AS,Diabetes,F,F,0.015
J3475,CSM,Diabetes,F,G,0.05
J3360,AS,Diabetes,F,F,1.02
J2795,CSM,Diabetes,F,F,0.07
J2765,AS,Diabetes,M,G,0.38
J2765,CSM,Diabetes,F,E,0.375
J2550,CSM,Diabetes,F,F,1.58
J2405,CSM,Diabetes,F,G,0.1875
J2405,AS,Diabetes,F,G,0.22
J2405,AS,Diabetes,F,F,0.16
J2405,AS,Diabetes,F,E,0.16
J2405,AS,Diabetes,M,G,0.16
J2405,CSM,Diabetes,F,D,0.22
J2405,CSM,Diabetes,F,F,0.2
J2270,AS,Diabetes,F,G,1.8125
J2270,CSM,Diabetes,M,D,1.825
J2270,AS,Diabetes,F,E,1.88
J2270,AS,Diabetes,F,F,1.78
J2270,CSM,Diabetes,F,F,1.735
J2270,CSM,Diabetes,M,F,1.77
J2270,CSM,Diabetes,F,E,1.795
J2270,CSM,Diabetes,F,G,1.7525
J2250,AS,Diabetes,F,E,0.15
J1940,AS,Diabetes,F,F,0.21
J1885,CSM,Diabetes,M,E,0.3
J1885,CSM,Diabetes,F,F,0.3
J1885,AS,Diabetes,M,D,0.3
J1885,CSM,Diabetes,F,E,0.2925
J1815,AS,Diabetes,F,E,0.375
J1170,CSM,Diabetes,F,F,1.485
J1170,AS,Diabetes,F,E,1.585
J1170,CSM,Diabetes,M,G,1.38
J1170,CSM,Diabetes,F,G,1.485
J1170,AS,Diabetes,F,F,1.38
J0780,AS,Diabetes,F,G,1.84
J0744,CSM,Diabetes,F,G,1.69
J0696,AS,Diabetes,F,F,1.3166
J0696,CSM,Diabetes,F,C,1.3166
J0690,AS,Diabetes,M,C,0.6133
J0570,AS,Diabetes,F,G,44.44
A9540,CSM,Diabetes,F,G,17.22
A6449,AS,Diabetes,M,D,0.61
99285,CSM,Diabetes,F,G,84.692
99285,CSM,Diabetes,F,E,84.692
99285,AS,Diabetes,M,E,84.692
99285,CSM,Diabetes,M,E,84.692
99285,CSM,Diabetes,M,G,84.692
99285,WStF,Diabetes,F,E,84.692
99285,WStF,Diabetes,F,G,84.692
99284,CSM,Diabetes,M,F,57.938
99284,WStF,Diabetes,F,E,57.938
99284,AS,Diabetes,M,G,57.938
99284,CSM,Diabetes,F,E,57.938
99284,CSM,Diabetes,F,G,57.938
99284,AS,Diabetes,F,E,57.938
99284,CSM,Diabetes,F,F,57.938
99284,CSM,Diabetes,M,G,57.938
99283,CSM,Diabetes,F,F,36.04
99283,CSM,Diabetes,M,G,36.04
99283,AS,Diabetes,F,E,36.04
99283,AS,Diabetes,M,B,36.04
99283,CSM,Diabetes,M,E,36.04
99283,AS,Diabetes,F,G,36.04
99283,CSM,Diabetes,F,B,36.04
99283,WStF,Diabetes,F,C,36.04
99283,WStF,Diabetes,F,F,36.04
99283,AS,Diabetes,F,B,36.04
99283,AS,Diabetes,M,G,36.04
99283,CSM,Diabetes,M,B,36.04
99283,WStF,Diabetes,F,E,36.04
99283,CSM,Diabetes,F,E,36.04
99283,WStF,Diabetes,M,B,36.04
99282,WStF,Diabetes,F,F,27.028
99282,CSM,Diabetes,M,E,27.028
99281,WStF,Diabetes,F,E,19.258
99281,CSM,Diabetes,F,E,19.258
99281,AS,Diabetes,F,E,19.258
99281,WStF,Diabetes,M,E,18.852
99213,WStF,Diabetes,F,B,33.042
99213,WStF,Diabetes,M,C,33.042
99213,WStF,Diabetes,F,E,33.042
99213,WStF,Diabetes,M,E,33.042
99213,WStF,Diabetes,M,G,33.042
99212,WStF,Diabetes,F,C,21.3877
99212,WStF,Diabetes,F,F,21.3877
99212,WStF,Diabetes,M,C,21.3877
99212,WStF,Diabetes,F,E,21.3877
99212,WStF,Diabetes,M,B,21.3877
99211,WStF,Diabetes,F,B,11.349
96375,AS,Diabetes,M,D,21.52
96375,WStF,Diabetes,F,E,21.52
96375,AS,Diabetes,F,F,21.52
96375,CSM,Diabetes,F,G,21.52
96375,AS,Diabetes,F,E,21.52
96375,WStF,Diabetes,F,F,21.52
96375,CSM,Diabetes,F,E,21.52
96374,WStF,Diabetes,M,B,46.21
96374,AS,Diabetes,M,G,46.21
96374,WStF,Diabetes,F,E,46.21
96374,WStF,Diabetes,F,G,46.21
96374,AS,Diabetes,M,D,46.21
96374,WStF,Diabetes,F,D,46.21
96374,WStF,Diabetes,F,F,46.21
96374,WStF,Diabetes,M,G,46.21
96374,AS,Diabetes,F,E,46.21
96374,CSM,Diabetes,F,F,46.21
96374,AS,Diabetes,F,D,46.21
96374,AS,Diabetes,F,F,46.21
96374,CSM,Diabetes,F,E,46.21
96374,CSM,Diabetes,F,G,46.21
96374,AS,Diabetes,F,G,46.21
96372,WStF,Diabetes,F,D,3.295
96372,WStF,Diabetes,M,E,3.295
96372,AS,Diabetes,F,F,3.295
96372,WStF,Diabetes,F,B,3.295
96372,WStF,Diabetes,F,E,3.295
96372,WStF,Diabetes,F,F,3.295
96372,AS,Diabetes,F,G,3.295
96365,AS,Diabetes,F,G,61.86
96365,WStF,Diabetes,F,D,61.86
96365,WStF,Diabetes,M,E,61.86
96365,WStF,Diabetes,M,F,61.86
96365,WStF,Diabetes,F,E,61.86
96365,AS,Diabetes,M,G,61.86
96365,AS,Diabetes,F,E,61.86
96361,AS,Diabetes,F,F,16.07
96361,WStF,Diabetes,F,E,16.07
96361,AS,Diabetes,F,G,16.07
96361,WStF,Diabetes,M,E,16.07
96361,AS,Diabetes,M,F,16.07
96361,WStF,Diabetes,F,F,16.07
96361,AS,Diabetes,F,E,16.07
96360,CSM,Diabetes,M,E,50.58
96360,CSM,Diabetes,F,F,50.58
96360,WStF,Diabetes,F,G,50.58
96360,CSM,Diabetes,F,E,50.58
96360,CSM,Diabetes,F,G,50.58
96360,AS,Diabetes,F,E,50.58
94799,AS,Diabetes,F,E,8.4
94799,AS,Diabetes,F,D,8.4
94799,AS,Diabetes,M,E,8.4
94761,AS,Diabetes,M,C,4.51
94761,AS,Diabetes,F,G,4.51
94761,AS,Diabetes,F,E,4.51
94761,AS,Diabetes,M,G,4.51
94760,AS,Diabetes,F,E,4.928
94760,AS,Diabetes,M,B,4.928
94760,AS,Diabetes,F,F,4.928
94760,AS,Diabetes,F,D,4.928
94760,AS,Diabetes,M,G,4.928
94760,AS,Diabetes,F,G,4.928
94760,AS,Diabetes,M,D,4.928
94760,AS,Diabetes,M,F,4.928
94664,CSM,Diabetes,F,E,15.2666
94645,AS,Diabetes,F,F,11.0466
94644,CSM,Diabetes,F,G,29.2233
94644,AS,Diabetes,M,E,29.2233
94640,CSM,Diabetes,F,G,12.9233
94640,AS,Diabetes,M,F,14.1766
94640,CSM,Diabetes,M,B,11.67
94640,WStF,Diabetes,F,D,12.9233
94640,AS,Diabetes,F,E,12.9233
94640,AS,Diabetes,F,G,11.67
94640,CSM,Diabetes,M,G,14.1766
94640,CSM,Diabetes,M,F,14.1766
94640,WStF,Diabetes,M,F,14.1766
94640,CSM,Diabetes,F,E,11.67
94640,WStF,Diabetes,F,E,14.1766
94640,AS,Diabetes,F,C,12.9233
94640,AS,Diabetes,M,G,14.1766
93976,WStF,Diabetes,F,E,117.6344
93041,AS,Diabetes,M,F,5.3666
93041,AS,Diabetes,M,G,5.3666
93017,CSM,Diabetes,F,E,59.3966
93005,AS,Diabetes,F,F,14.3325
93005,AS,Diabetes,M,G,14.3325
93005,CSM,Diabetes,M,G,14.3325
93005,WStF,Diabetes,F,E,14.3325
93005,WStF,Diabetes,F,G,14.3325
93005,CSM,Diabetes,M,F,14.3325
93005,CSM,Diabetes,F,E,14.3325
93005,WStF,Diabetes,F,D,14.3325
93005,WStF,Diabetes,M,G,14.3325
93005,CSM,Diabetes,F,F,14.3325
93005,AS,Diabetes,F,E,14.3325
93005,AS,Diabetes,F,G,14.3325
93005,CSM,Diabetes,F,G,14.3325
90718,CSM,Diabetes,F,E,3.31
90715,AS,Diabetes,F,E,19.895
90471,WStF,Diabetes,F,E,19.25
87880,AS,Diabetes,F,E,16.866
87880,AS,Diabetes,F,G,16.866
87880,WStF,Diabetes,M,E,16.866
87880,AS,Diabetes,M,B,16.866
87880,CSM,Diabetes,F,C,16.866
87880,WStF,Diabetes,M,C,16.866
87880,WStF,Diabetes,M,D,16.866
87880,AS,Diabetes,F,D,16.866
87880,AS,Diabetes,F,F,16.866
87880,WStF,Diabetes,F,E,16.866
87880,WStF,Diabetes,F,G,16.866
87880,WStF,Diabetes,M,B,16.866
87880,AS,Diabetes,F,B,16.866
87880,AS,Diabetes,M,C,16.866
87880,WStF,Diabetes,F,F,16.866
87804,CSM,Diabetes,M,G,16.872
87804,CSM,Diabetes,M,D,16.872
87798,CSM,Diabetes,M,F,49.2875
87641,WStF,Diabetes,M,G,49.58
87641,CSM,Diabetes,F,F,49.58
87641,AS,Diabetes,F,F,49.58
87591,AS,Diabetes,F,D,49.2875
87591,AS,Diabetes,F,F,49.2875
87591,WStF,Diabetes,F,E,49.2875
87591,CSM,Diabetes,F,E,49.2875
87591,WStF,Diabetes,F,D,49.2875
87591,WStF,Diabetes,F,F,49.2875
87591,AS,Diabetes,F,E,49.2875
87591,CSM,Diabetes,F,F,49.2875
87529,AS,Diabetes,F,F,49.2875
87491,AS,Diabetes,F,E,49.2875
87491,CSM,Diabetes,F,D,49.2875
87491,CSM,Diabetes,M,G,49.2875
87491,WStF,Diabetes,F,D,49.2875
87491,WStF,Diabetes,F,F,49.2875
87491,CSM,Diabetes,M,D,49.2875
87491,WStF,Diabetes,F,E,49.2875
87491,CSM,Diabetes,F,E,49.2875
87491,AS,Diabetes,F,F,49.2875
87491,WStF,Diabetes,M,D,49.2875
87400,WStF,Diabetes,M,E,11.2933
87210,AS,Diabetes,F,E,5.9775
87210,CSM,Diabetes,F,E,5.9775
87210,AS,Diabetes,F,D,5.9775
87210,WStF,Diabetes,F,E,5.9775
87210,CSM,Diabetes,F,G,5.9775
87186,CSM,Diabetes,M,G,12.124
87186,AS,Diabetes,F,E,12.124
87186,WStF,Diabetes,M,E,12.124
87177,AS,Diabetes,F,E,12.495
87147,CSM,Diabetes,F,D,7.265
87147,WStF,Diabetes,M,G,7.265
87147,CSM,Diabetes,M,C,7.265
87088,WStF,Diabetes,F,B,11.3625
87088,AS,Diabetes,F,E,11.3625
87086,AS,Diabetes,F,D,11.328
87086,CSM,Diabetes,F,D,11.328
87086,AS,Diabetes,F,E,11.328
87086,CSM,Diabetes,M,F,11.328
87086,WStF,Diabetes,F,E,11.328
87086,WStF,Diabetes,F,G,11.328
87086,CSM,Diabetes,F,E,11.328
87086,WStF,Diabetes,M,B,11.328
87081,CSM,Diabetes,F,B,9.29
87081,AS,Diabetes,F,F,9.29
87081,CSM,Diabetes,F,G,9.29
87081,CSM,Diabetes,F,E,9.29
87081,AS,Diabetes,F,E,9.29
87075,AS,Diabetes,F,E,13.276
87070,CSM,Diabetes,F,F,12.08
87070,WStF,Diabetes,F,C,12.08
87070,CSM,Diabetes,F,C,12.08
87040,CSM,Diabetes,M,B,14.482
87040,CSM,Diabetes,F,E,14.482
86901,WStF,Diabetes,F,E,4.852
86901,AS,Diabetes,F,E,4.852
86900,AS,Diabetes,F,E,3.848
86900,CSM,Diabetes,F,D,3.848
86900,CSM,Diabetes,M,E,3.848
86900,CSM,Diabetes,F,E,3.848
86900,AS,Diabetes,F,F,3.848
86850,CSM,Diabetes,F,G,26.45
86850,AS,Diabetes,F,E,26.45
86308,WStF,Diabetes,F,C,7.272
86308,AS,Diabetes,F,F,7.272
85730,AS,Diabetes,F,D,8.45
85730,WStF,Diabetes,F,G,8.45
85652,AS,Diabetes,F,F,3.8133
85610,AS,Diabetes,F,G,5.53
85610,CSM,Diabetes,F,E,5.53
85610,CSM,Diabetes,F,G,5.53
85610,AS,Diabetes,F,D,5.53
85610,WStF,Diabetes,F,G,5.53
85379,CSM,Diabetes,F,F,11.44
85379,AS,Diabetes,F,F,11.44
85379,AS,Diabetes,M,G,11.44
85379,WStF,Diabetes,F,E,11.44
85027,AS,Diabetes,M,C,9.082
85025,WStF,Diabetes,F,B,10.904
85025,WStF,Diabetes,M,F,10.904
85025,AS,Diabetes,M,C,10.904
85025,AS,Diabetes,M,F,10.904
85025,CSM,Diabetes,F,E,10.904
85025,CSM,Diabetes,F,G,10.904
85025,WStF,Diabetes,F,C,10.904
85025,WStF,Diabetes,F,F,10.904
85025,AS,Diabetes,F,G,10.904
85025,WStF,Diabetes,M,G,10.904
85025,CSM,Diabetes,M,F,10.904
85025,WStF,Diabetes,F,E,10.904
85025,WStF,Diabetes,M,B,10.904
85025,AS,Diabetes,F,F,10.904
85025,CSM,Diabetes,M,E,10.904
85025,WStF,Diabetes,M,C,10.904
85025,WStF,Diabetes,M,D,10.904
85025,AS,Diabetes,F,E,10.904
85025,AS,Diabetes,M,G,10.904
85025,CSM,Diabetes,F,F,10.904
85025,WStF,Diabetes,F,G,10.904
85018,CSM,Diabetes,F,E,3.3255
85014,AS,Diabetes,F,E,3.3255
85014,AS,Diabetes,F,G,3.3255
85014,AS,Diabetes,M,G,3.3255
85007,AS,Diabetes,F,C,4.832
84702,AS,Diabetes,F,F,21.1375
84702,CSM,Diabetes,F,D,21.1375
84702,WStF,Diabetes,F,E,21.1375
84702,CSM,Diabetes,F,E,21.1375
84702,AS,Diabetes,F,E,21.1375
84550,AS,Diabetes,F,E,6.3625
84484,AS,Diabetes,F,E,13.8966
84484,AS,Diabetes,F,G,13.8966
84484,CSM,Diabetes,F,G,13.8966
84484,AS,Diabetes,F,F,13.8966
84484,AS,Diabetes,M,G,13.8966
84484,CSM,Diabetes,M,E,13.8966
84484,WStF,Diabetes,F,G,13.8966
84484,CSM,Diabetes,F,E,13.8966
84443,AS,Diabetes,F,D,23.5357
84295,AS,Diabetes,F,F,6.75
84295,AS,Diabetes,F,E,6.75
84295,AS,Diabetes,M,F,6.75
84295,AS,Diabetes,M,G,6.75
84157,WStF,Diabetes,M,B,5.1733
84132,AS,Diabetes,F,F,6.444
84132,AS,Diabetes,F,E,6.444
84132,AS,Diabetes,M,G,6.444
84100,AS,Diabetes,F,E,6.685
83880,AS,Diabetes,F,G,47.825
83880,WStF,Diabetes,M,G,47.825
83880,AS,Diabetes,F,F,47.825
83880,AS,Diabetes,F,D,47.825
83880,AS,Diabetes,M,G,47.825
83880,WStF,Diabetes,F,G,47.825
83874,CSM,Diabetes,M,F,18.2266
83874,AS,Diabetes,F,F,18.2266
83874,AS,Diabetes,F,G,18.2266
83874,CSM,Diabetes,M,E,18.2266
83874,CSM,Diabetes,F,F,18.2266
83874,CSM,Diabetes,M,G,18.2266
83874,AS,Diabetes,M,G,18.2266
83874,CSM,Diabetes,F,G,18.2266
83874,AS,Diabetes,M,D,18.2266
83874,AS,Diabetes,M,F,18.2266
83735,AS,Diabetes,F,G,9.4325
83735,CSM,Diabetes,F,F,9.4325
83690,AS,Diabetes,M,G,9.7
83690,CSM,Diabetes,F,F,9.7
83690,WStF,Diabetes,F,G,9.7
83690,CSM,Diabetes,M,F,9.7
83690,WStF,Diabetes,F,E,9.7
83690,AS,Diabetes,M,D,9.7
83690,CSM,Diabetes,F,E,9.7
83690,AS,Diabetes,F,G,9.7
83690,AS,Diabetes,F,E,9.7
83690,WStF,Diabetes,M,D,9.7
83690,WStF,Diabetes,M,F,9.7
83615,AS,Diabetes,F,F,8.505
83036,AS,Diabetes,F,G,13.595
83036,AS,Diabetes,M,G,13.595
82977,AS,Diabetes,F,E,10.1
82962,CSM,Diabetes,F,E,3.3
82962,WStF,Diabetes,F,E,3.3
82962,WStF,Diabetes,F,G,3.3
82962,WStF,Diabetes,M,F,3.3
82962,WStF,Diabetes,F,F,3.3
82962,CSM,Diabetes,M,F,3.3
82962,WStF,Diabetes,M,G,3.3
82803,AS,Diabetes,F,E,27.25
82803,AS,Diabetes,F,G,27.25
82803,AS,Diabetes,M,G,27.25
82800,WStF,Diabetes,F,E,11.9275
82553,AS,Diabetes,F,E,8.6866
82553,AS,Diabetes,F,G,8.6866
82553,CSM,Diabetes,F,F,8.6866
82553,WStF,Diabetes,M,G,8.6866
82553,CSM,Diabetes,M,G,8.6866
82553,WStF,Diabetes,F,F,8.6866
82553,WStF,Diabetes,M,F,8.6866
82553,AS,Diabetes,F,F,8.6866
82553,AS,Diabetes,M,G,8.6866
82550,WStF,Diabetes,F,G,9.2
82550,WStF,Diabetes,M,E,9.2
82550,WStF,Diabetes,M,G,9.2
82330,AS,Diabetes,M,G,19.1875
82330,AS,Diabetes,F,F,19.1875
82150,WStF,Diabetes,F,E,9.13
82150,CSM,Diabetes,M,F,9.13
82055,AS,Diabetes,F,D,15.188
82055,WStF,Diabetes,F,G,15.188
82055,WStF,Diabetes,F,D,15.188
82055,AS,Diabetes,F,E,15.188
82055,CSM,Diabetes,F,F,15.188
82055,CSM,Diabetes,M,G,15.188
82055,WStF,Diabetes,M,D,15.188
82055,WStF,Diabetes,M,G,15.188
82003,WStF,Diabetes,M,G,28.5666
82003,AS,Diabetes,M,E,28.5666
82003,AS,Diabetes,F,D,28.5666
82003,CSM,Diabetes,F,E,28.5666
81025,AS,Diabetes,F,D,8.8825
81025,AS,Diabetes,F,F,8.8825
81025,AS,Diabetes,M,G,8.8825
81025,CSM,Diabetes,F,G,8.8825
81025,WStF,Diabetes,F,E,8.8825
81025,WStF,Diabetes,F,G,8.8825
81025,CSM,Diabetes,F,E,8.8825
81025,WStF,Diabetes,F,F,8.8825
81025,CSM,Diabetes,F,D,8.8825
81025,WStF,Diabetes,F,C,8.8825
81025,WStF,Diabetes,F,D,8.8825
81025,AS,Diabetes,F,E,8.8825
81025,CSM,Diabetes,F,F,8.8825
81003,WStF,Diabetes,F,E,3.15
81003,CSM,Diabetes,F,D,3.15
81003,CSM,Diabetes,F,E,3.15
81002,AS,Diabetes,F,G,3.588
81002,WStF,Diabetes,M,E,3.588
81002,AS,Diabetes,F,E,3.588
81002,WStF,Diabetes,F,B,3.588
81002,WStF,Diabetes,M,C,3.588
81002,AS,Diabetes,F,C,3.588
81002,AS,Diabetes,F,D,3.588
81002,AS,Diabetes,F,F,3.588
81002,WStF,Diabetes,F,E,3.588
81002,WStF,Diabetes,F,G,3.588
81002,AS,Diabetes,M,C,3.588
81002,WStF,Diabetes,F,C,3.588
81002,WStF,Diabetes,F,D,3.588
81002,WStF,Diabetes,F,F,3.588
81001,AS,Diabetes,F,E,4.4666
81001,AS,Diabetes,F,G,4.4666
81001,CSM,Diabetes,F,G,4.4666
81001,CSM,Diabetes,M,B,4.4666
81001,AS,Diabetes,F,D,4.4666
81001,AS,Diabetes,M,G,4.4666
81001,CSM,Diabetes,F,D,4.4666
81001,WStF,Diabetes,F,E,4.4666
81001,WStF,Diabetes,F,G,4.4666
81001,CSM,Diabetes,M,F,4.4666
81001,CSM,Diabetes,F,E,4.4666
81001,WStF,Diabetes,F,D,4.4666
81001,WStF,Diabetes,M,G,4.4666
81001,AS,Diabetes,F,B,4.4666
81001,AS,Diabetes,M,F,4.4666
81001,WStF,Diabetes,F,F,4.4666
80196,AS,Diabetes,M,G,10.0233
80185,AS,Diabetes,M,E,18.7133
80101,WStF,Diabetes,M,E,19.356
80101,WStF,Diabetes,M,G,19.356
80101,CSM,Diabetes,F,E,19.356
80101,WStF,Diabetes,F,G,19.356
80101,CSM,Diabetes,F,F,19.356
80100,AS,Diabetes,F,G,20.5333
80100,AS,Diabetes,F,F,20.5333
80100,AS,Diabetes,F,E,20.5333
80053,AS,Diabetes,F,E,14.9333
80053,CSM,Diabetes,M,G,14.9333
80053,AS,Diabetes,F,F,14.9333
80053,WStF,Diabetes,M,D,14.9333
80053,AS,Diabetes,M,E,14.9333
80053,AS,Diabetes,M,G,14.9333
80053,WStF,Diabetes,F,E,14.9333
80053,WStF,Diabetes,F,G,14.9333
80053,AS,Diabetes,F,G,14.9333
80053,WStF,Diabetes,F,D,14.9333
80053,WStF,Diabetes,F,F,14.9333
80048,WStF,Diabetes,M,G,11.89
80048,WStF,Diabetes,M,E,11.89
80048,WStF,Diabetes,F,B,11.89
80048,AS,Diabetes,F,F,11.89
80048,CSM,Diabetes,F,G,11.89
80048,WStF,Diabetes,F,E,11.89
80048,WStF,Diabetes,F,G,11.89
80047,CSM,Diabetes,F,D,24.46
80047,CSM,Diabetes,M,G,24.46
80047,CSM,Diabetes,M,F,24.46
80047,CSM,Diabetes,F,E,24.46
80047,CSM,Diabetes,F,G,24.46
76856,WStF,Diabetes,F,E,66.3721
76856,CSM,Diabetes,F,G,66.3721
76830,AS,Diabetes,F,F,64.5655
76830,WStF,Diabetes,F,E,64.5655
76817,WStF,Diabetes,F,F,58.1616
76817,AS,Diabetes,F,E,58.1616
76817,WStF,Diabetes,F,E,58.1616
76816,AS,Diabetes,F,D,54.008
76815,AS,Diabetes,F,E,58.2
76815,AS,Diabetes,F,F,58.2
76815,AS,Diabetes,F,D,58.2
76801,CSM,Diabetes,F,F,79.5733
76801,CSM,Diabetes,F,E,79.5733
76801,WStF,Diabetes,F,E,79.5733
76801,AS,Diabetes,F,E,79.5733
76705,AS,Diabetes,F,G,58.4628
76010,WStF,Diabetes,M,B,20.3316
74170,WStF,Diabetes,F,E,248.3611
74170,WStF,Diabetes,F,D,248.3611
74160,CSM,Diabetes,F,F,208.1888
74160,WStF,Diabetes,F,D,208.1888
74160,CSM,Diabetes,F,G,208.1888
74150,WStF,Diabetes,F,E,169.24
74022,AS,Diabetes,F,G,29.2941
74020,WStF,Diabetes,F,F,24.9453
73630,CSM,Diabetes,M,D,18.9055
73630,WStF,Diabetes,F,D,18.9055
73630,CSM,Diabetes,F,G,18.9055
73610,AS,Diabetes,F,D,18.9055
73610,WStF,Diabetes,F,C,18.9055
73610,AS,Diabetes,F,E,18.9055
73610,AS,Diabetes,F,G,18.9055
73590,CSM,Diabetes,F,G,18.0522
73564,AS,Diabetes,F,E,23.279
73564,CSM,Diabetes,F,F,23.279
73562,AS,Diabetes,M,D,21.026
73550,WStF,Diabetes,M,B,20.381
73140,AS,Diabetes,F,F,15.4511
73130,AS,Diabetes,M,E,18.9055
73130,WStF,Diabetes,F,E,18.9055
73110,AS,Diabetes,F,D,19.2966
73110,AS,Diabetes,M,E,19.2966
73110,CSM,Diabetes,M,D,19.2966
73090,CSM,Diabetes,F,F,17.8144
73080,CSM,Diabetes,F,E,20.737
73080,CSM,Diabetes,F,C,20.737
73080,WStF,Diabetes,M,F,20.737
73070,WStF,Diabetes,F,C,17.842
73070,WStF,Diabetes,M,B,17.842
73060,WStF,Diabetes,F,F,19.516
73030,WStF,Diabetes,M,F,20.675
73030,CSM,Diabetes,M,G,20.675
73030,AS,Diabetes,F,F,20.675
73000,AS,Diabetes,F,D,18.069
72193,WStF,Diabetes,F,G,204.1933
72193,WStF,Diabetes,F,F,204.1933
72192,WStF,Diabetes,M,E,169.7266
72148,WStF,Diabetes,F,E,317.3055
72110,CSM,Diabetes,F,G,34.452
72110,AS,Diabetes,F,G,34.452
72070,WStF,Diabetes,M,G,23.424
71275,WStF,Diabetes,M,E,262.87
71275,WStF,Diabetes,F,F,262.87
71260,CSM,Diabetes,F,E,210.5611
71260,AS,Diabetes,F,G,210.5611
71260,AS,Diabetes,F,F,210.5611
71020,AS,Diabetes,M,B,21.902
71020,CSM,Diabetes,M,B,21.902
71020,WStF,Diabetes,F,B,21.902
71020,WStF,Diabetes,M,F,21.902
71020,CSM,Diabetes,F,B,21.902
71020,CSM,Diabetes,M,C,21.902
71020,WStF,Diabetes,M,B,21.902
71020,AS,Diabetes,F,D,21.902
71020,AS,Diabetes,M,G,21.902
71020,WStF,Diabetes,F,D,21.902
71020,WStF,Diabetes,F,F,21.902
71020,AS,Diabetes,F,B,21.902
71020,AS,Diabetes,F,E,21.902
71020,AS,Diabetes,F,F,21.902
71020,CSM,Diabetes,F,E,21.902
71020,CSM,Diabetes,F,G,21.902
71020,WStF,Diabetes,M,C,21.902
71020,AS,Diabetes,F,G,21.902
71010,AS,Diabetes,M,F,17.0746
71010,WStF,Diabetes,F,E,17.0746
71010,WStF,Diabetes,F,B,17.0746
71010,WStF,Diabetes,M,G,17.0746
71010,AS,Diabetes,F,G,17.0746
71010,CSM,Diabetes,F,F,17.0746
70450,CSM,Diabetes,F,E,142.0211
70450,CSM,Diabetes,M,G,142.0211
70450,AS,Diabetes,F,G,142.0211
70450,WStF,Diabetes,M,F,142.0211
70450,WStF,Diabetes,M,B,142.0211
70450,CSM,Diabetes,M,C,142.0211
70450,WStF,Diabetes,F,E,142.0211
70450,WStF,Diabetes,F,G,142.0211
70360,WStF,Diabetes,M,F,16.3466
70360,CSM,Diabetes,F,F,16.3466
36416,CSM,Diabetes,F,E,3.03
36415,AS,Diabetes,F,D,3
36415,AS,Diabetes,F,F,3
36415,AS,Diabetes,M,G,3
36415,AS,Diabetes,M,F,3
36415,CSM,Diabetes,F,F,3
36415,WStF,Diabetes,F,F,3
36415,AS,Diabetes,F,E,3
36415,AS,Diabetes,F,G,3
36415,CSM,Diabetes,F,E,3
36415,WStF,Diabetes,M,E,3
36415,AS,Diabetes,M,D,3
36415,WStF,Diabetes,F,C,3
36415,WStF,Diabetes,M,G,3
36415,WStF,Diabetes,M,D,3
36415,AS,Diabetes,M,E,3
36415,WStF,Diabetes,F,E,3
36415,WStF,Diabetes,F,G,3
36000,AS,Diabetes,F,F,14.935
36000,AS,Diabetes,F,E,21.2912
36000,AS,Diabetes,M,G,23.41
29515,CSM,Diabetes,F,F,33.44
29125,AS,Diabetes,M,D,47.85
29125,WStF,Diabetes,M,C,47.85
12001,AS,Diabetes,M,E,72.2925
10060,CSM,Diabetes,M,E,64.825